,datetime,temperature_2m,rain,snowfall,snow_depth,precipitation,wind_speed_10m,wind_direction_10m,borough
0,2024-12-30 23:00:00,7.25,0.0,0.0,0.0,0.0,12.267763,247.5741,Manhattan
1,2024-12-31 00:00:00,6.55,0.0,0.0,0.0,0.0,11.612441,251.00325,Manhattan
2,2024-12-31 01:00:00,5.65,0.0,0.0,0.0,0.0,9.473541,255.69969,Manhattan
3,2024-12-31 02:00:00,4.9,0.0,0.0,0.0,0.0,8.473393,257.73523,Manhattan
4,2024-12-31 03:00:00,4.25,0.0,0.0,0.0,0.0,7.69592,259.21576,Manhattan
5,2024-12-31 04:00:00,3.6,0.0,0.0,0.0,0.0,7.247096,255.61856,Manhattan
6,2024-12-31 05:00:00,3.0,0.0,0.0,0.0,0.0,6.122647,268.31534,Manhattan
7,2024-12-31 06:00:00,1.95,0.0,0.0,0.0,0.0,4.379589,279.46225,Manhattan
8,2024-12-31 07:00:00,1.6,0.0,0.0,0.0,0.0,2.36753,261.2539,Manhattan
9,2024-12-31 08:00:00,2.2,0.0,0.0,0.0,0.0,2.6758924,222.27362,Manhattan
10,2024-12-31 09:00:00,3.8,0.0,0.0,0.0,0.0,1.8792552,196.69933,Manhattan
11,2024-12-31 10:00:00,5.55,0.0,0.0,0.0,0.0,1.5484185,125.537766,Manhattan
12,2024-12-31 11:00:00,7.2,0.4,0.0,0.0,0.4,2.19718,145.0079,Manhattan
13,2024-12-31 12:00:00,8.8,0.0,0.0,0.0,0.0,4.0449967,122.27562,Manhattan
14,2024-12-31 13:00:00,9.65,0.0,0.0,0.0,0.0,7.5105524,135.97093,Manhattan
15,2024-12-31 14:00:00,9.7,0.0,0.0,0.0,0.0,9.292254,135.78474,Manhattan
16,2024-12-31 15:00:00,9.15,0.0,0.0,0.0,0.0,9.793059,126.027466,Manhattan
17,2024-12-31 16:00:00,8.35,0.0,0.0,0.0,0.0,9.983106,115.64096,Manhattan
18,2024-12-31 17:00:00,7.8,0.0,0.0,0.0,0.0,9.3962755,110.17074,Manhattan
19,2024-12-31 18:00:00,7.55,0.0,0.0,0.0,0.0,10.742848,98.673096,Manhattan
20,2024-12-31 19:00:00,7.65,0.0,0.0,0.0,0.0,11.53265,87.316284,Manhattan
21,2024-12-31 20:00:00,7.55,0.0,0.0,0.0,0.0,11.995349,64.204025,Manhattan
22,2024-12-31 21:00:00,7.25,1.5,0.0,0.0,1.5,12.936228,58.079163,Manhattan
23,2024-12-31 22:00:00,7.0,2.5,0.0,0.0,2.5,13.130133,61.326946,Manhattan
24,2024-12-31 23:00:00,7.55,3.7,0.0,0.0,3.7,17.280937,90.596794,Manhattan
25,2025-01-01 00:00:00,8.25,0.9,0.0,0.0,0.9,14.949756,92.069984,Manhattan
26,2025-01-01 01:00:00,8.65,0.0,0.0,0.0,0.0,7.7983837,108.85326,Manhattan
27,2025-01-01 02:00:00,8.9,0.0,0.0,0.0,0.0,8.759178,170.53775,Manhattan
28,2025-01-01 03:00:00,8.9,0.0,0.0,0.0,0.0,8.790563,222.5104,Manhattan
29,2025-01-01 04:00:00,8.35,0.0,0.0,0.0,0.0,9.984729,242.04912,Manhattan
30,2025-01-01 05:00:00,8.05,0.0,0.0,0.0,0.0,14.618837,260.07382,Manhattan
31,2025-01-01 06:00:00,6.6,0.0,0.0,0.0,0.0,13.861168,269.25595,Manhattan
32,2025-01-01 07:00:00,5.35,0.0,0.0,0.0,0.0,12.632101,265.91446,Manhattan
33,2025-01-01 08:00:00,7.0,0.0,0.0,0.0,0.0,12.313893,254.74483,Manhattan
34,2025-01-01 09:00:00,8.0,0.0,0.0,0.0,0.0,12.245293,245.69547,Manhattan
35,2025-01-01 10:00:00,9.35,0.0,0.0,0.0,0.0,11.755254,244.61214,Manhattan
36,2025-01-01 11:00:00,10.35,0.0,0.0,0.0,0.0,15.426535,258.559,Manhattan
37,2025-01-01 12:00:00,10.95,0.0,0.0,0.0,0.0,15.726067,264.74628,Manhattan
38,2025-01-01 13:00:00,10.65,0.0,0.0,0.0,0.0,19.523155,264.71002,Manhattan
39,2025-01-01 14:00:00,8.4,0.0,0.0,0.0,0.0,22.707127,277.74463,Manhattan
40,2025-01-01 15:00:00,6.5,0.0,0.0,0.0,0.0,23.120018,286.74203,Manhattan
41,2025-01-01 16:00:00,5.65,0.1,0.0,0.0,0.1,22.007162,285.17297,Manhattan
42,2025-01-01 17:00:00,5.1,0.1,0.0,0.0,0.1,20.656126,282.58295,Manhattan
43,2025-01-01 18:00:00,4.8,0.0,0.0,0.0,0.0,20.404411,281.70642,Manhattan
44,2025-01-01 19:00:00,4.55,0.0,0.0,0.0,0.0,20.44803,279.62808,Manhattan
45,2025-01-01 20:00:00,5.05,0.0,0.0,0.0,0.0,21.007626,282.36905,Manhattan
46,2025-01-01 21:00:00,4.45,0.0,0.0,0.0,0.0,21.265154,285.21265,Manhattan
47,2025-01-01 22:00:00,3.8,0.0,0.0,0.0,0.0,19.562946,282.75754,Manhattan
48,2025-01-01 23:00:00,3.4,0.0,0.0,0.0,0.0,18.710478,277.74023,Manhattan
49,2025-01-02 00:00:00,3.05,0.0,0.0,0.0,0.0,18.382044,272.8063,Manhattan
50,2025-01-02 01:00:00,2.6,0.0,0.0,0.0,0.0,19.26084,270.53543,Manhattan
51,2025-01-02 02:00:00,2.15,0.0,0.0,0.0,0.0,18.900856,270.54565,Manhattan
52,2025-01-02 03:00:00,1.85,0.0,0.0,0.0,0.0,17.82,270.0,Manhattan
53,2025-01-02 04:00:00,1.7,0.0,0.0,0.0,0.0,17.294992,267.6141,Manhattan
54,2025-01-02 05:00:00,1.4,0.0,0.0,0.0,0.0,17.259363,262.208,Manhattan
55,2025-01-02 06:00:00,0.85,0.0,0.0,0.0,0.0,18.268892,264.34567,Manhattan
56,2025-01-02 07:00:00,0.5,0.0,0.0,0.0,0.0,17.11515,267.58902,Manhattan
57,2025-01-02 08:00:00,2.05,0.0,0.0,0.0,0.0,18.212051,266.60034,Manhattan
58,2025-01-02 09:00:00,3.0,0.0,0.0,0.0,0.0,18.0036,271.14572,Manhattan
59,2025-01-02 10:00:00,4.0,0.0,0.0,0.0,0.0,18.201374,261.46933,Manhattan
60,2025-01-02 11:00:00,4.7,0.0,0.0,0.0,0.0,24.056108,283.41235,Manhattan
61,2025-01-02 12:00:00,5.0,0.0,0.0,0.0,0.0,25.674461,282.9645,Manhattan
62,2025-01-02 13:00:00,5.25,0.0,0.0,0.0,0.0,23.58618,280.10922,Manhattan
63,2025-01-02 14:00:00,5.35,0.0,0.0,0.0,0.0,24.717743,277.95297,Manhattan
64,2025-01-02 15:00:00,4.6,0.0,0.0,0.0,0.0,19.623302,271.05115,Manhattan
65,2025-01-02 16:00:00,3.5,0.0,0.0,0.0,0.0,20.883104,270.98773,Manhattan
66,2025-01-02 17:00:00,2.25,0.0,0.0,0.0,0.0,19.45333,272.12103,Manhattan
67,2025-01-02 18:00:00,1.75,0.0,0.0,0.0,0.0,18.202265,272.83405,Manhattan
68,2025-01-02 19:00:00,1.4,0.0,0.0,0.0,0.0,17.82,270.0,Manhattan
69,2025-01-02 20:00:00,1.65,0.0,0.0,0.0,0.0,20.188908,266.93356,Manhattan
70,2025-01-02 21:00:00,1.35,0.0,0.0,0.0,0.0,19.087639,268.37888,Manhattan
71,2025-01-02 22:00:00,0.75,0.0,0.0,0.0,0.0,16.024044,268.7127,Manhattan
72,2025-01-02 23:00:00,0.25,0.0,0.0,0.0,0.0,14.581113,270.7073,Manhattan
73,2025-01-03 00:00:00,-0.15,0.0,0.0,0.0,0.0,15.865546,273.2519,Manhattan
74,2025-01-03 01:00:00,-0.6,0.0,0.0,0.0,0.0,17.325876,274.17035,Manhattan
75,2025-01-03 02:00:00,-0.85,0.0,0.0,0.0,0.0,17.294992,272.3859,Manhattan
76,2025-01-03 03:00:00,-1.0,0.0,0.0,0.0,0.0,16.388899,268.11185,Manhattan
77,2025-01-03 04:00:00,-1.25,0.0,0.0,0.0,0.0,15.4800005,270.0,Manhattan
78,2025-01-03 05:00:00,-1.4,0.0,0.0,0.0,0.0,13.690654,267.73953,Manhattan
79,2025-01-03 06:00:00,-1.55,0.0,0.0,0.0,0.0,12.452566,265.85544,Manhattan
80,2025-01-03 07:00:00,-1.75,0.0,0.0,0.0,0.0,11.440978,257.27563,Manhattan
81,2025-01-03 08:00:00,-0.45,0.0,0.0,0.0,0.0,10.706595,253.39293,Manhattan
82,2025-01-03 09:00:00,0.55,0.0,0.0,0.0,0.0,12.181625,251.0295,Manhattan
83,2025-01-03 10:00:00,1.35,0.0,0.0,0.0,0.0,13.845967,243.76811,Manhattan
84,2025-01-03 11:00:00,2.2,0.0,0.0,0.0,0.0,17.893484,264.80566,Manhattan
85,2025-01-03 12:00:00,2.45,0.0,0.0,0.0,0.0,15.85329,257.54175,Manhattan
86,2025-01-03 13:00:00,3.0,0.0,0.0,0.0,0.0,16.248924,265.5527,Manhattan
87,2025-01-03 14:00:00,3.1,0.0,0.0,0.0,0.0,15.726067,264.74628,Manhattan
88,2025-01-03 15:00:00,3.25,0.0,0.0,0.0,0.0,15.941944,263.51703,Manhattan
89,2025-01-03 16:00:00,3.0,0.0,0.0,0.0,0.0,10.483357,254.05453,Manhattan
90,2025-01-03 17:00:00,2.2,0.0,0.0,0.0,0.0,10.158444,262.8751,Manhattan
91,2025-01-03 18:00:00,1.5,0.0,0.0,0.0,0.0,10.3621235,287.176,Manhattan
92,2025-01-03 19:00:00,0.8,0.0,0.0,0.0,0.0,9.526405,292.20352,Manhattan
93,2025-01-03 20:00:00,-0.7,0.0,0.0,0.0,0.0,8.827344,267.66275,Manhattan
94,2025-01-03 21:00:00,-1.1,0.0,0.0,0.0,0.0,10.132897,282.30798,Manhattan
95,2025-01-03 22:00:00,-1.35,0.0,0.0,0.0,0.0,10.137692,286.50443,Manhattan
96,2025-01-03 23:00:00,-1.5,0.0,0.0,0.0,0.0,11.656998,283.39252,Manhattan
97,2025-01-04 00:00:00,-1.7,0.0,0.0,0.0,0.0,13.441071,290.37653,Manhattan
98,2025-01-04 01:00:00,-1.7,0.0,0.0,0.0,0.0,14.658676,294.67685,Manhattan
99,2025-01-04 02:00:00,-1.95,0.0,0.0,0.0,0.0,14.410121,290.47235,Manhattan
100,2025-01-04 03:00:00,-1.6,0.0,0.0,0.0,0.0,14.74902,293.7495,Manhattan
101,2025-01-04 04:00:00,-1.3,0.0,0.0,0.0,0.0,15.874734,299.1807,Manhattan
102,2025-01-04 05:00:00,-1.8,0.0,0.0,0.0,0.0,17.381886,301.87955,Manhattan
103,2025-01-04 06:00:00,-2.2,0.0,0.0,0.0,0.0,17.709658,296.56497,Manhattan
104,2025-01-04 07:00:00,-2.4,0.0,0.0,0.0,0.0,18.03237,296.05344,Manhattan
105,2025-01-04 08:00:00,-1.5,0.0,0.0,0.0,0.0,15.978486,284.34937,Manhattan
106,2025-01-04 09:00:00,-0.7,0.0,0.0,0.0,0.0,18.484869,292.3195,Manhattan
107,2025-01-04 10:00:00,-0.25,0.0,0.0,0.0,0.0,23.015377,303.19293,Manhattan
108,2025-01-04 11:00:00,-0.1,0.0,0.0,0.0,0.0,21.413193,296.99576,Manhattan
109,2025-01-04 12:00:00,-0.45,0.0,0.0,0.0,0.0,22.50072,293.07825,Manhattan
110,2025-01-04 13:00:00,-0.3,0.0,0.0,0.0,0.0,25.277666,297.11237,Manhattan
111,2025-01-04 14:00:00,-0.25,0.0,0.0,0.0,0.0,23.44841,294.00714,Manhattan
112,2025-01-04 15:00:00,-0.5,0.0,0.0,0.0,0.0,24.334642,291.25058,Manhattan
113,2025-01-04 16:00:00,-1.1,0.0,0.0,0.0,0.0,18.961613,289.9832,Manhattan
114,2025-01-04 17:00:00,-1.65,0.0,0.0,0.0,0.0,17.482254,286.75583,Manhattan
115,2025-01-04 18:00:00,-1.75,0.0,0.0,0.0,0.0,16.245934,279.56662,Manhattan
116,2025-01-04 19:00:00,-1.95,0.0,0.0,0.0,0.0,16.21699,278.93948,Manhattan
117,2025-01-04 20:00:00,-1.8,0.0,0.0,0.0,0.0,15.664136,271.31686,Manhattan
118,2025-01-04 21:00:00,-2.15,0.0,0.0,0.0,0.0,16.215992,272.54474,Manhattan
119,2025-01-04 22:00:00,-2.35,0.0,0.0,0.0,0.0,16.23596,273.814,Manhattan
120,2025-01-04 23:00:00,-2.75,0.0,0.0,0.0,0.0,15.316933,272.6942,Manhattan
121,2025-01-05 00:00:00,-3.05,0.0,0.0,0.0,0.0,14.77755,272.79263,Manhattan
122,2025-01-05 01:00:00,-3.25,0.0,0.0,0.0,0.0,15.710607,274.6,Manhattan
123,2025-01-05 02:00:00,-3.45,0.0,0.0,0.0,0.0,14.050382,272.20255,Manhattan
124,2025-01-05 03:00:00,-3.45,0.0,0.0,0.0,0.0,13.709573,273.76395,Manhattan
125,2025-01-05 04:00:00,-3.5,0.0,0.0,0.0,0.0,12.6462,274.89902,Manhattan
126,2025-01-05 05:00:00,-3.4,0.0,0.0,0.0,0.0,13.418153,276.93427,Manhattan
127,2025-01-05 06:00:00,-3.2,0.0,0.0,0.0,0.0,13.151091,272.35324,Manhattan
128,2025-01-05 07:00:00,-3.2,0.0,0.0,0.0,0.0,13.350371,266.1346,Manhattan
129,2025-01-05 08:00:00,-2.9,0.0,0.0,0.0,0.0,13.238261,258.23172,Manhattan
130,2025-01-05 09:00:00,-2.25,0.0,0.0,0.0,0.0,13.845967,243.76811,Manhattan
131,2025-01-05 10:00:00,-1.45,0.0,0.0,0.0,0.0,17.771753,276.98096,Manhattan
132,2025-01-05 11:00:00,-0.8,0.0,0.0,0.0,0.0,18.228943,279.09018,Manhattan
133,2025-01-05 12:00:00,-0.45,0.0,0.0,0.0,0.0,18.519016,285.79248,Manhattan
134,2025-01-05 13:00:00,-0.2,0.0,0.0,0.0,0.0,19.386593,291.80148,Manhattan
135,2025-01-05 14:00:00,0.3,0.0,0.0,0.0,0.0,18.75631,296.81088,Manhattan
136,2025-01-05 15:00:00,0.0,0.0,0.0,0.0,0.0,17.574675,302.87625,Manhattan
137,2025-01-05 16:00:00,-0.8,0.0,0.0,0.0,0.0,14.787414,301.56177,Manhattan
138,2025-01-05 17:00:00,-1.7,0.0,0.0,0.0,0.0,13.125196,295.15927,Manhattan
139,2025-01-05 18:00:00,-2.0,0.0,0.0,0.0,0.0,12.072083,290.05618,Manhattan
140,2025-01-05 19:00:00,-2.1,0.0,0.0,0.0,0.0,13.32,288.92474,Manhattan
141,2025-01-05 20:00:00,-1.95,0.0,0.0,0.0,0.0,12.442153,284.2373,Manhattan
142,2025-01-05 21:00:00,-2.15,0.0,0.0,0.0,0.0,11.571914,285.33334,Manhattan
143,2025-01-05 22:00:00,-2.25,0.0,0.0,0.0,0.0,10.783487,284.5002,Manhattan
144,2025-01-05 23:00:00,-2.4,0.0,0.0,0.0,0.0,9.801326,277.38596,Manhattan
145,2025-01-06 00:00:00,-2.55,0.0,0.0,0.0,0.0,9.3876505,274.39862,Manhattan
146,2025-01-06 01:00:00,-2.5,0.0,0.0,0.0,0.0,9.47012,278.74606,Manhattan
147,2025-01-06 02:00:00,-2.4,0.0,0.0,0.0,0.0,8.613709,280.84027,Manhattan
148,2025-01-06 03:00:00,-2.4,0.0,0.0,0.0,0.0,7.92,270.0,Manhattan
149,2025-01-06 04:00:00,-2.35,0.0,0.0,0.0,0.0,5.297018,279.78235,Manhattan
150,2025-01-06 05:00:00,-2.15,0.0,0.0,0.0,0.0,3.9763298,264.80566,Manhattan
151,2025-01-06 06:00:00,-2.05,0.0,0.0,0.0,0.0,3.244996,236.3099,Manhattan
152,2025-01-06 07:00:00,-2.05,0.0,0.0,0.0,0.0,3.0652893,229.76372,Manhattan
153,2025-01-06 08:00:00,-2.05,0.0,0.07,0.0,0.1,3.8268526,228.81418,Manhattan
154,2025-01-06 09:00:00,-1.95,0.0,0.07,0.0,0.1,2.3051248,231.34016,Manhattan
155,2025-01-06 10:00:00,-1.7,0.0,0.14,0.0,0.2,0.9178235,348.6901,Manhattan
156,2025-01-06 11:00:00,-1.7,0.0,0.21000001,0.0,0.3,0.9693296,21.801476,Manhattan
157,2025-01-06 12:00:00,-1.75,0.0,0.35,0.01,0.5,2.9024127,7.12493,Manhattan
158,2025-01-06 13:00:00,-1.7,0.0,0.21000001,0.01,0.3,3.244996,33.6901,Manhattan
159,2025-01-06 14:00:00,-1.75,0.0,0.07,0.01,0.1,4.278551,22.249071,Manhattan
160,2025-01-06 15:00:00,-1.55,0.0,0.0,0.02,0.0,6.7853074,21.801476,Manhattan
161,2025-01-06 16:00:00,-1.5,0.0,0.0,0.02,0.0,8.171683,7.59456,Manhattan
162,2025-01-06 17:00:00,-1.6,0.0,0.0,0.02,0.0,7.731622,12.094739,Manhattan
163,2025-01-06 18:00:00,-2.3,0.0,0.0,0.02,0.0,11.767651,6.1465325,Manhattan
164,2025-01-06 19:00:00,-3.05,0.0,0.0,0.02,0.0,11.633348,8.004644,Manhattan
165,2025-01-06 20:00:00,-3.7,0.0,0.0,0.02,0.0,14.096425,354.8719,Manhattan
166,2025-01-06 21:00:00,-3.8,0.0,0.0,0.02,0.0,17.298738,347.98853,Manhattan
167,2025-01-06 22:00:00,-4.6,0.0,0.0,0.02,0.0,18.152355,337.249,Manhattan
168,2025-01-06 23:00:00,-5.9,0.0,0.0,0.02,0.0,18.278645,327.87503,Manhattan
169,2025-01-07 00:00:00,-7.15,0.0,0.0,0.02,0.0,18.329973,324.59305,Manhattan
170,2025-01-07 01:00:00,-8.05,0.0,0.0,0.02,0.0,19.42416,327.4881,Manhattan
171,2025-01-07 02:00:00,-8.55,0.0,0.0,0.02,0.0,21.993908,331.12766,Manhattan
172,2025-01-07 03:00:00,-8.5,0.0,0.0,0.02,0.0,20.140705,331.14444,Manhattan
173,2025-01-07 04:00:00,-7.95,0.0,0.0,0.02,0.0,17.9973,329.33115,Manhattan
174,2025-01-07 05:00:00,-7.35,0.0,0.0,0.01,0.0,16.45204,323.00464,Manhattan
175,2025-01-07 06:00:00,-7.2,0.0,0.0,0.01,0.0,14.935662,310.60123,Manhattan
176,2025-01-07 07:00:00,-6.7,0.0,0.0,0.01,0.0,17.283749,305.67648,Manhattan
177,2025-01-07 08:00:00,-6.0,0.0,0.0,0.01,0.0,18.445389,298.56573,Manhattan
178,2025-01-07 09:00:00,-5.35,0.0,0.0,0.01,0.0,18.519018,295.31964,Manhattan
179,2025-01-07 10:00:00,-5.05,0.0,0.0,0.01,0.0,29.566608,305.33502,Manhattan
180,2025-01-07 11:00:00,-4.2,0.0,0.0,0.01,0.0,20.808498,300.11365,Manhattan
181,2025-01-07 12:00:00,-3.35,0.0,0.0,0.01,0.0,31.20444,312.8962,Manhattan
182,2025-01-07 13:00:00,-3.25,0.0,0.0,0.01,0.0,30.21052,311.86026,Manhattan
183,2025-01-07 14:00:00,-2.85,0.0,0.0,0.01,0.0,29.30409,307.01074,Manhattan
184,2025-01-07 15:00:00,-3.05,0.0,0.0,0.01,0.0,25.216064,308.9153,Manhattan
185,2025-01-07 16:00:00,-3.15,0.0,0.0,0.01,0.0,18.532135,299.0545,Manhattan
186,2025-01-07 17:00:00,-3.45,0.0,0.0,0.01,0.0,20.688257,296.34204,Manhattan
187,2025-01-07 18:00:00,-3.4,0.0,0.0,0.01,0.0,19.098671,293.90765,Manhattan
188,2025-01-07 19:00:00,-3.55,0.0,0.0,0.01,0.0,23.773632,302.00534,Manhattan
189,2025-01-07 20:00:00,-2.95,0.0,0.0,0.01,0.0,18.999168,295.8367,Manhattan
190,2025-01-07 21:00:00,-3.3,0.0,0.0,0.01,0.0,17.399586,294.44394,Manhattan
191,2025-01-07 22:00:00,-3.25,0.0,0.0,0.01,0.0,18.13003,299.10974,Manhattan
192,2025-01-07 23:00:00,-3.3,0.0,0.0,0.01,0.0,14.897651,298.11313,Manhattan
193,2025-01-08 00:00:00,-3.55,0.0,0.0,0.01,0.0,19.62,303.3985,Manhattan
194,2025-01-08 01:00:00,-3.65,0.0,0.0,0.01,0.0,20.380579,305.65543,Manhattan
195,2025-01-08 02:00:00,-3.85,0.0,0.0,0.01,0.0,21.960737,307.3396,Manhattan
196,2025-01-08 03:00:00,-4.25,0.0,0.0,0.01,0.0,21.637466,306.20267,Manhattan
197,2025-01-08 04:00:00,-4.35,0.0,0.0,0.01,0.0,20.070604,304.4027,Manhattan
198,2025-01-08 05:00:00,-4.3,0.0,0.0,0.01,0.0,17.84271,300.96368,Manhattan
199,2025-01-08 06:00:00,-4.35,0.0,0.0,0.01,0.0,16.994516,298.46506,Manhattan
200,2025-01-08 07:00:00,-4.7,0.0,0.0,0.01,0.0,16.947744,300.65057,Manhattan
201,2025-01-08 08:00:00,-4.2,0.0,0.0,0.01,0.0,18.772715,304.452,Manhattan
202,2025-01-08 09:00:00,-3.7,0.0,0.0,0.01,0.0,19.440832,306.33948,Manhattan
203,2025-01-08 10:00:00,-3.15,0.0,0.0,0.01,0.0,22.50576,300.25635,Manhattan
204,2025-01-08 11:00:00,-2.85,0.0,0.0,0.01,0.0,26.680103,299.50507,Manhattan
205,2025-01-08 12:00:00,-2.65,0.0,0.0,0.01,0.0,24.231236,295.99396,Manhattan
206,2025-01-08 13:00:00,-2.4,0.0,0.0,0.01,0.0,26.564486,296.56497,Manhattan
207,2025-01-08 14:00:00,-2.6,0.0,0.0,0.01,0.0,24.957764,297.489,Manhattan
208,2025-01-08 15:00:00,-3.25,0.0,0.0,0.01,0.0,24.395811,297.69937,Manhattan
209,2025-01-08 16:00:00,-4.4,0.0,0.0,0.01,0.0,23.06319,299.96664,Manhattan
210,2025-01-08 17:00:00,-5.6,0.0,0.0,0.01,0.0,20.700783,298.5706,Manhattan
211,2025-01-08 18:00:00,-6.2,0.0,0.0,0.01,0.0,19.88328,296.333,Manhattan
212,2025-01-08 19:00:00,-6.6,0.0,0.0,0.0,0.0,19.855558,292.3802,Manhattan
213,2025-01-08 20:00:00,-5.5,0.0,0.0,0.0,0.0,21.109173,294.16092,Manhattan
214,2025-01-08 21:00:00,-5.7,0.0,0.0,0.0,0.0,17.932371,289.34442,Manhattan
215,2025-01-08 22:00:00,-6.05,0.0,0.0,0.0,0.0,17.769016,283.47318,Manhattan
216,2025-01-08 23:00:00,-6.35,0.0,0.0,0.0,0.0,18.4243,284.71512,Manhattan
217,2025-01-09 00:00:00,-6.55,0.0,0.0,0.0,0.0,17.462782,284.32275,Manhattan
218,2025-01-09 01:00:00,-6.25,0.0,0.0,0.0,0.0,20.256998,292.46326,Manhattan
219,2025-01-09 02:00:00,-6.0,0.0,0.0,0.0,0.0,23.555254,300.28787,Manhattan
220,2025-01-09 03:00:00,-5.8,0.0,0.0,0.0,0.0,21.492483,306.4861,Manhattan
221,2025-01-09 04:00:00,-5.75,0.0,0.0,0.0,0.0,21.85203,306.9644,Manhattan
222,2025-01-09 05:00:00,-5.75,0.0,0.0,0.0,0.0,22.039528,308.36752,Manhattan
223,2025-01-09 06:00:00,-5.8,0.0,0.0,0.0,0.0,21.986542,309.6854,Manhattan
224,2025-01-09 07:00:00,-5.8,0.0,0.0,0.0,0.0,21.594748,309.92783,Manhattan
225,2025-01-09 08:00:00,-4.65,0.0,0.0,0.0,0.0,23.838959,308.25446,Manhattan
226,2025-01-09 09:00:00,-4.15,0.0,0.0,0.0,0.0,22.17144,302.3998,Manhattan
227,2025-01-09 10:00:00,-3.7,0.0,0.0,0.0,0.0,24.066206,304.641,Manhattan
228,2025-01-09 11:00:00,-3.05,0.0,0.0,0.0,0.0,23.47534,307.83652,Manhattan
229,2025-01-09 12:00:00,-2.1,0.0,0.0,0.0,0.0,25.133053,308.01898,Manhattan
230,2025-01-09 13:00:00,-1.8,0.0,0.0,0.0,0.0,27.41501,311.53973,Manhattan
231,2025-01-09 14:00:00,-1.7,0.0,0.0,0.0,0.0,27.388998,312.60294,Manhattan
232,2025-01-09 15:00:00,-2.35,0.0,0.0,0.0,0.0,31.05717,315.46957,Manhattan
233,2025-01-09 16:00:00,-2.9,0.0,0.0,0.0,0.0,25.354454,312.41046,Manhattan
234,2025-01-09 17:00:00,-3.75,0.0,0.0,0.0,0.0,27.888384,316.83072,Manhattan
235,2025-01-09 18:00:00,-3.55,0.0,0.0,0.0,0.0,24.627789,322.12497,Manhattan
236,2025-01-09 19:00:00,-3.75,0.0,0.0,0.0,0.0,26.825436,324.28348,Manhattan
237,2025-01-09 20:00:00,-2.3,0.0,0.0,0.0,0.0,23.99475,319.25894,Manhattan
238,2025-01-09 21:00:00,-2.1,0.0,0.0,0.0,0.0,23.740902,319.30457,Manhattan
239,2025-01-09 22:00:00,-2.0,0.0,0.0,0.0,0.0,23.096882,319.10822,Manhattan
240,2025-01-09 23:00:00,-2.3,0.0,0.0,0.0,0.0,22.932877,317.54483,Manhattan
241,2025-01-10 00:00:00,-2.6,0.0,0.0,0.0,0.0,23.046328,316.5823,Manhattan
242,2025-01-10 01:00:00,-2.9,0.0,0.0,0.0,0.0,23.469128,318.73148,Manhattan
243,2025-01-10 02:00:00,-3.15,0.0,0.0,0.0,0.0,23.080746,321.9682,Manhattan
244,2025-01-10 03:00:00,-3.2,0.0,0.0,0.0,0.0,21.897945,316.33215,Manhattan
245,2025-01-10 04:00:00,-3.35,0.0,0.0,0.0,0.0,21.017649,326.1738,Manhattan
246,2025-01-10 05:00:00,-3.45,0.0,0.0,0.0,0.0,19.421656,325.57346,Manhattan
247,2025-01-10 06:00:00,-3.45,0.0,0.0,0.0,0.0,18.144321,323.47104,Manhattan
248,2025-01-10 07:00:00,-3.65,0.0,0.0,0.0,0.0,17.283749,324.3235,Manhattan
249,2025-01-10 08:00:00,-2.5,0.0,0.0,0.0,0.0,17.183167,315.42435,Manhattan
250,2025-01-10 09:00:00,-1.4,0.0,0.0,0.0,0.0,15.914484,316.37476,Manhattan
251,2025-01-10 10:00:00,-0.4,0.0,0.0,0.0,0.0,14.004185,322.83545,Manhattan
252,2025-01-10 11:00:00,1.2,0.0,0.0,0.0,0.0,12.730467,313.85434,Manhattan
253,2025-01-10 12:00:00,2.5,0.0,0.0,0.0,0.0,12.98248,315.0001,Manhattan
254,2025-01-10 13:00:00,3.15,0.0,0.0,0.0,0.0,12.98248,315.0001,Manhattan
255,2025-01-10 14:00:00,3.3,0.0,0.0,0.0,0.0,11.681987,303.6901,Manhattan
256,2025-01-10 15:00:00,3.0,0.0,0.0,0.0,0.0,10.662626,291.80148,Manhattan
257,2025-01-10 16:00:00,1.95,0.0,0.0,0.0,0.0,7.823272,293.0255,Manhattan
258,2025-01-10 17:00:00,0.75,0.0,0.0,0.0,0.0,6.77575,286.9909,Manhattan
259,2025-01-10 18:00:00,0.05,0.0,0.0,0.0,0.0,6.989936,304.50858,Manhattan
260,2025-01-10 19:00:00,-0.7,0.0,0.0,0.0,0.0,8.557102,292.24908,Manhattan
261,2025-01-10 20:00:00,0.2,0.0,0.0,0.0,0.0,7.3447943,287.1028,Manhattan
262,2025-01-10 21:00:00,-0.25,0.0,0.0,0.0,0.0,5.950899,273.46817,Manhattan
263,2025-01-10 22:00:00,-0.3,0.0,0.0,0.0,0.0,3.62243,296.56497,Manhattan
264,2025-01-10 23:00:00,-0.6,0.0,0.0,0.0,0.0,2.6758924,317.72638,Manhattan
265,2025-01-11 00:00:00,-0.7,0.0,0.0,0.0,0.0,2.6999998,233.13002,Manhattan
266,2025-01-11 01:00:00,-0.65,0.0,0.0,0.0,0.0,4.0249224,243.43501,Manhattan
267,2025-01-11 02:00:00,-1.15,0.0,0.42000002,0.0,0.6,1.0948973,189.46225,Manhattan
268,2025-01-11 03:00:00,-1.45,0.0,0.07,0.0,0.1,5.8631387,197.87878,Manhattan
269,2025-01-11 04:00:00,-1.8,0.0,0.07,0.0,0.1,7.4867883,207.18103,Manhattan
270,2025-01-11 05:00:00,-2.6,0.0,0.42000002,0.0,0.6,3.9477081,223.1524,Manhattan
271,2025-01-11 06:00:00,-2.75,0.0,0.28,0.0,0.4,2.4216523,228.01286,Manhattan
272,2025-01-11 07:00:00,-2.8,0.0,0.07,0.0,0.1,3.096837,234.46223,Manhattan
273,2025-01-11 08:00:00,-2.55,0.0,0.0,0.0,0.0,3.536439,284.74362,Manhattan
274,2025-01-11 09:00:00,-2.15,0.0,0.0,0.0,0.0,4.3536186,299.74478,Manhattan
275,2025-01-11 10:00:00,-1.3,0.0,0.0,0.0,0.0,7.282774,320.01315,Manhattan
276,2025-01-11 11:00:00,-0.5,0.0,0.0,0.0,0.0,9.039514,324.72748,Manhattan
277,2025-01-11 12:00:00,-0.05,0.0,0.0,0.0,0.0,11.08572,327.6002,Manhattan
278,2025-01-11 13:00:00,0.1,0.0,0.0,0.0,0.0,12.566526,321.981,Manhattan
279,2025-01-11 14:00:00,0.35,0.0,0.0,0.0,0.0,15.233148,324.61966,Manhattan
280,2025-01-11 15:00:00,0.35,0.0,0.0,0.0,0.0,13.104198,322.81522,Manhattan
281,2025-01-11 16:00:00,0.25,0.0,0.0,0.0,0.0,12.870944,312.16583,Manhattan
282,2025-01-11 17:00:00,-0.35,0.0,0.0,0.0,0.0,16.299694,316.7899,Manhattan
283,2025-01-11 18:00:00,-1.15,0.0,0.0,0.0,0.0,15.801087,317.77026,Manhattan
284,2025-01-11 19:00:00,-1.8,0.0,0.0,0.0,0.0,16.341381,319.46722,Manhattan
285,2025-01-11 20:00:00,-1.45,0.0,0.0,0.0,0.0,17.437717,315.41815,Manhattan
286,2025-01-11 21:00:00,-1.65,0.0,0.0,0.0,0.0,17.311846,315.84244,Manhattan
287,2025-01-11 22:00:00,-1.7,0.0,0.0,0.0,0.0,16.616642,320.27393,Manhattan
288,2025-01-11 23:00:00,-1.5,0.0,0.0,0.0,0.0,15.804164,322.869,Manhattan
289,2025-01-12 00:00:00,-1.55,0.0,0.0,0.0,0.0,15.338071,324.0714,Manhattan
290,2025-01-12 01:00:00,-1.15,0.0,0.0,0.0,0.0,14.428097,326.70642,Manhattan
291,2025-01-12 02:00:00,-0.8,0.0,0.0,0.0,0.0,13.33094,325.45157,Manhattan
292,2025-01-12 03:00:00,-0.6,0.0,0.0,0.0,0.0,13.184308,327.8288,Manhattan
293,2025-01-12 04:00:00,-0.9,0.0,0.0,0.0,0.0,11.616626,310.6012,Manhattan
294,2025-01-12 05:00:00,-1.2,0.0,0.0,0.0,0.0,11.304229,307.23492,Manhattan
295,2025-01-12 06:00:00,-1.4,0.0,0.0,0.0,0.0,10.626099,321.1886,Manhattan
296,2025-01-12 07:00:00,-1.6,0.0,0.0,0.0,0.0,8.181589,320.35587,Manhattan
297,2025-01-12 08:00:00,-0.9,0.0,0.0,0.0,0.0,8.019601,314.0907,Manhattan
298,2025-01-12 09:00:00,0.9,0.0,0.0,0.0,0.0,10.83893,324.46225,Manhattan
299,2025-01-12 10:00:00,2.25,0.0,0.0,0.0,0.0,7.7420926,305.53775,Manhattan
300,2025-01-12 11:00:00,3.3,0.0,0.0,0.0,0.0,9.335737,303.9965,Manhattan
301,2025-01-12 12:00:00,4.25,0.0,0.0,0.0,0.0,11.712454,316.24527,Manhattan
302,2025-01-12 13:00:00,4.6,0.0,0.0,0.0,0.0,10.837435,302.10623,Manhattan
303,2025-01-12 14:00:00,4.55,0.0,0.0,0.0,0.0,10.144082,297.47433,Manhattan
304,2025-01-12 15:00:00,4.15,0.0,0.0,0.0,0.0,7.841887,301.86594,Manhattan
305,2025-01-12 16:00:00,2.9,0.0,0.0,0.0,0.0,3.710795,284.03625,Manhattan
306,2025-01-12 17:00:00,0.95,0.0,0.0,0.0,0.0,3.7971036,275.44025,Manhattan
307,2025-01-12 18:00:00,0.15,0.0,0.0,0.0,0.0,5.072041,297.47433,Manhattan
308,2025-01-12 19:00:00,-0.35,0.0,0.0,0.0,0.0,4.3573384,321.70978,Manhattan
309,2025-01-12 20:00:00,-0.65,0.0,0.0,0.0,0.0,3.9966483,305.83774,Manhattan
310,2025-01-12 21:00:00,-1.2,0.0,0.0,0.0,0.0,3.4763772,291.25058,Manhattan
311,2025-01-12 22:00:00,-1.35,0.0,0.0,0.0,0.0,3.4763772,248.74942,Manhattan
312,2025-01-12 23:00:00,-0.25,0.0,0.0,0.0,0.0,4.5891175,228.17992,Manhattan
313,2025-01-13 00:00:00,-0.1,0.0,0.0,0.0,0.0,5.1165614,230.71062,Manhattan
314,2025-01-13 01:00:00,0.0,0.0,0.0,0.0,0.0,5.876938,229.9698,Manhattan
315,2025-01-13 02:00:00,-0.75,0.0,0.0,0.0,0.0,5.0911684,224.9999,Manhattan
316,2025-01-13 03:00:00,-0.95,0.0,0.0,0.0,0.0,5.854844,224.9999,Manhattan
317,2025-01-13 04:00:00,-1.2,0.0,0.0,0.0,0.0,6.1305785,220.23628,Manhattan
318,2025-01-13 05:00:00,-1.55,0.0,0.0,0.0,0.0,7.0934615,215.70677,Manhattan
319,2025-01-13 06:00:00,-1.7,0.0,0.0,0.0,0.0,7.386582,223.02507,Manhattan
320,2025-01-13 07:00:00,-1.9,0.0,0.0,0.0,0.0,7.3094187,232.0012,Manhattan
321,2025-01-13 08:00:00,-1.15,0.0,0.0,0.0,0.0,8.604301,232.65057,Manhattan
322,2025-01-13 09:00:00,0.2,0.0,0.0,0.0,0.0,7.8954163,226.8476,Manhattan
323,2025-01-13 10:00:00,1.4,0.0,0.0,0.0,0.0,7.891311,224.9999,Manhattan
324,2025-01-13 11:00:00,1.9,0.0,0.0,0.0,0.0,6.989936,214.50858,Manhattan
325,2025-01-13 12:00:00,3.65,0.0,0.0,0.0,0.0,8.536252,204.94388,Manhattan
326,2025-01-13 13:00:00,5.0,0.0,0.0,0.0,0.0,10.028439,201.03758,Manhattan
327,2025-01-13 14:00:00,6.35,0.0,0.0,0.0,0.0,13.684735,243.43501,Manhattan
328,2025-01-13 15:00:00,6.05,0.0,0.0,0.0,0.0,17.81909,261.87,Manhattan
329,2025-01-13 16:00:00,4.9,0.0,0.0,0.0,0.0,16.65754,263.79663,Manhattan
330,2025-01-13 17:00:00,3.45,0.0,0.0,0.0,0.0,15.3095255,267.97867,Manhattan
331,2025-01-13 18:00:00,2.2,0.0,0.0,0.0,0.0,11.196231,265.38943,Manhattan
332,2025-01-13 19:00:00,1.25,0.0,0.0,0.0,0.0,11.989945,262.23492,Manhattan
333,2025-01-13 20:00:00,0.9,0.0,0.0,0.0,0.0,9.299225,255.42574,Manhattan
334,2025-01-13 21:00:00,0.55,0.0,0.0,0.0,0.0,9.96524,253.20154,Manhattan
335,2025-01-13 22:00:00,0.5,0.0,0.0,0.0,0.0,11.989945,262.23492,Manhattan
336,2025-01-13 23:00:00,0.25,0.0,0.0,0.0,0.0,12.016938,286.5349,Manhattan
337,2025-01-14 00:00:00,-0.45,0.0,0.0,0.0,0.0,9.688281,305.1665,Manhattan
338,2025-01-14 01:00:00,-1.1,0.0,0.0,0.0,0.0,9.582358,298.00906,Manhattan
339,2025-01-14 02:00:00,-1.65,0.0,0.0,0.0,0.0,9.984729,297.95087,Manhattan
340,2025-01-14 03:00:00,-2.15,0.0,0.0,0.0,0.0,11.43248,303.43988,Manhattan
341,2025-01-14 04:00:00,-2.65,0.0,0.0,0.0,0.0,11.931705,303.92984,Manhattan
342,2025-01-14 05:00:00,-3.05,0.0,0.0,0.0,0.0,12.156331,297.3238,Manhattan
343,2025-01-14 06:00:00,-3.35,0.0,0.0,0.0,0.0,14.512064,293.38525,Manhattan
344,2025-01-14 07:00:00,-3.65,0.0,0.0,0.0,0.0,15.486278,289.6987,Manhattan
345,2025-01-14 08:00:00,-2.85,0.0,0.0,0.0,0.0,16.327497,284.03625,Manhattan
346,2025-01-14 09:00:00,-2.25,0.0,0.0,0.0,0.0,16.423458,279.46225,Manhattan
347,2025-01-14 10:00:00,-1.75,0.0,0.0,0.0,0.0,21.011482,295.90643,Manhattan
348,2025-01-14 11:00:00,-1.6,0.0,0.0,0.0,0.0,21.655428,297.20392,Manhattan
349,2025-01-14 12:00:00,-0.4,0.0,0.0,0.0,0.0,22.215967,303.4326,Manhattan
350,2025-01-14 13:00:00,-0.25,0.0,0.0,0.0,0.0,19.098671,293.90765,Manhattan
351,2025-01-14 14:00:00,-0.05,0.0,0.0,0.0,0.0,17.337091,282.59332,Manhattan
352,2025-01-14 15:00:00,0.25,0.0,0.0,0.0,0.0,17.280935,292.0231,Manhattan
353,2025-01-14 16:00:00,-0.45,0.0,0.0,0.0,0.0,14.068816,286.34824,Manhattan
354,2025-01-14 17:00:00,-1.65,0.0,0.0,0.0,0.0,11.252519,277.3523,Manhattan
355,2025-01-14 18:00:00,-2.25,0.0,0.0,0.0,0.0,12.440851,273.31772,Manhattan
356,2025-01-14 19:00:00,-2.55,0.0,0.0,0.0,0.0,12.825552,274.83032,Manhattan
357,2025-01-14 20:00:00,-2.15,0.0,0.0,0.0,0.0,14.428097,273.57626,Manhattan
358,2025-01-14 21:00:00,-2.6,0.0,0.0,0.0,0.0,13.666967,282.93805,Manhattan
359,2025-01-14 22:00:00,-2.6,0.0,0.0,0.0,0.0,14.008811,297.5527,Manhattan
360,2025-01-14 23:00:00,-3.45,0.0,0.0,0.0,0.0,16.825909,297.38733,Manhattan
361,2025-01-15 00:00:00,-4.35,0.0,0.0,0.0,0.0,14.572219,287.98743,Manhattan
362,2025-01-15 01:00:00,-4.95,0.0,0.0,0.0,0.0,12.69351,288.1781,Manhattan
363,2025-01-15 02:00:00,-5.25,0.0,0.0,0.0,0.0,17.483181,298.9399,Manhattan
364,2025-01-15 03:00:00,-5.45,0.0,0.0,0.0,0.0,16.332458,301.93842,Manhattan
365,2025-01-15 04:00:00,-5.55,0.0,0.0,0.01,0.0,14.178927,298.84256,Manhattan
366,2025-01-15 05:00:00,-5.4,0.0,0.0,0.01,0.0,16.021011,297.42865,Manhattan
367,2025-01-15 06:00:00,-4.95,0.0,0.0,0.01,0.0,14.813683,297.49905,Manhattan
368,2025-01-15 07:00:00,-4.55,0.0,0.0,0.01,0.0,15.926694,304.40854,Manhattan
369,2025-01-15 08:00:00,-4.15,0.0,0.0,0.01,0.0,17.381886,301.87955,Manhattan
370,2025-01-15 09:00:00,-3.2,0.0,0.0,0.01,0.0,17.081041,298.99585,Manhattan
371,2025-01-15 10:00:00,-2.2,0.0,0.0,0.02,0.0,25.216064,321.0847,Manhattan
372,2025-01-15 11:00:00,-1.65,0.0,0.0,0.02,0.0,21.420755,311.59348,Manhattan
373,2025-01-15 12:00:00,-1.3,0.0,0.0,0.02,0.0,21.897945,313.66785,Manhattan
374,2025-01-15 13:00:00,-1.35,0.0,0.0,0.02,0.0,21.001457,314.6528,Manhattan
375,2025-01-15 14:00:00,-1.25,0.0,0.0,0.02,0.0,21.265156,313.2851,Manhattan
376,2025-01-15 15:00:00,-1.45,0.0,0.0,0.02,0.0,19.348114,314.24625,Manhattan
377,2025-01-15 16:00:00,-1.9,0.0,0.0,0.02,0.0,17.82091,314.18164,Manhattan
378,2025-01-15 17:00:00,-2.8,0.0,0.0,0.01,0.0,14.275713,311.93344,Manhattan
379,2025-01-15 18:00:00,-3.25,0.0,0.0,0.01,0.0,12.218805,315.0001,Manhattan
380,2025-01-15 19:00:00,-3.15,0.0,0.0,0.01,0.0,10.4493065,317.7928,Manhattan
381,2025-01-15 20:00:00,-2.95,0.0,0.0,0.01,0.0,11.345712,318.21558,Manhattan
382,2025-01-15 21:00:00,-3.1,0.0,0.0,0.01,0.0,9.567131,311.18582,Manhattan
383,2025-01-15 22:00:00,-3.35,0.0,0.0,0.01,0.0,6.889557,289.85532,Manhattan
384,2025-01-15 23:00:00,-3.6,0.0,0.0,0.01,0.0,5.2478566,275.90604,Manhattan
385,2025-01-16 00:00:00,-3.55,0.0,0.0,0.01,0.0,5.3305535,258.31067,Manhattan
386,2025-01-16 01:00:00,-3.15,0.0,0.0,0.01,0.0,5.920878,250.46326,Manhattan
387,2025-01-16 02:00:00,-3.25,0.0,0.0,0.01,0.0,6.7205353,249.62347,Manhattan
388,2025-01-16 03:00:00,-3.55,0.0,0.0,0.01,0.0,10.094454,266.93356,Manhattan
389,2025-01-16 04:00:00,-4.1,0.0,0.0,0.01,0.0,9.9408245,275.19434,Manhattan
390,2025-01-16 05:00:00,-4.6,0.0,0.0,0.01,0.0,7.9383874,273.90042,Manhattan
391,2025-01-16 06:00:00,-4.95,0.0,0.0,0.01,0.0,7.5685663,267.27374,Manhattan
392,2025-01-16 07:00:00,-5.45,0.0,0.0,0.01,0.0,7.0774574,262.69434,Manhattan
393,2025-01-16 08:00:00,-5.45,0.0,0.0,0.01,0.0,7.970972,244.59233,Manhattan
394,2025-01-16 09:00:00,-4.75,0.0,0.0,0.01,0.0,7.889259,242.8504,Manhattan
395,2025-01-16 10:00:00,-3.55,0.0,0.0,0.01,0.0,7.889258,235.22209,Manhattan
396,2025-01-16 11:00:00,-2.4,0.0,0.0,0.01,0.0,8.181589,219.64413,Manhattan
397,2025-01-16 12:00:00,-1.45,0.0,0.0,0.01,0.0,10.583326,221.55252,Manhattan
398,2025-01-16 13:00:00,-0.7,0.0,0.0,0.01,0.0,10.548061,216.67444,Manhattan
399,2025-01-16 14:00:00,-1.1,0.0,0.0,0.01,0.0,10.799999,216.86998,Manhattan
400,2025-01-16 15:00:00,-1.3,0.0,0.0,0.01,0.0,10.261579,217.87505,Manhattan
401,2025-01-16 16:00:00,-1.9,0.0,0.07,0.01,0.1,9.688281,215.16652,Manhattan
402,2025-01-16 17:00:00,-2.3,0.0,0.07,0.01,0.1,7.5019197,210.25635,Manhattan
403,2025-01-16 18:00:00,-2.45,0.0,0.0,0.01,0.0,5.2478566,210.96368,Manhattan
404,2025-01-16 19:00:00,-2.4,0.0,0.0,0.01,0.0,5.495161,211.60745,Manhattan
405,2025-01-16 20:00:00,-2.45,0.0,0.07,0.01,0.1,8.435069,219.80553,Manhattan
406,2025-01-16 21:00:00,-2.7,0.0,0.07,0.01,0.1,7.44121,237.84773,Manhattan
407,2025-01-16 22:00:00,-2.7,0.0,0.0,0.01,0.0,8.089993,249.14546,Manhattan
408,2025-01-16 23:00:00,-2.95,0.0,0.0,0.01,0.0,8.477216,266.34784,Manhattan
409,2025-01-17 00:00:00,-3.35,0.0,0.0,0.01,0.0,7.7734165,275.31445,Manhattan
410,2025-01-17 01:00:00,-3.5,0.0,0.0,0.01,0.0,7.841888,279.24603,Manhattan
411,2025-01-17 02:00:00,-3.9,0.0,0.0,0.01,0.0,7.229191,288.88617,Manhattan
412,2025-01-17 03:00:00,-4.1,0.0,0.0,0.01,0.0,7.16617,295.27768,Manhattan
413,2025-01-17 04:00:00,-4.35,0.0,0.0,0.01,0.0,6.489992,289.44012,Manhattan
414,2025-01-17 05:00:00,-4.4,0.0,0.0,0.01,0.0,8.155807,292.0363,Manhattan
415,2025-01-17 06:00:00,-4.15,0.0,0.0,0.01,0.0,10.83893,305.53775,Manhattan
416,2025-01-17 07:00:00,-4.1,0.0,0.0,0.01,0.0,9.7565975,307.5042,Manhattan
417,2025-01-17 08:00:00,-3.95,0.0,0.0,0.01,0.0,7.989243,284.34937,Manhattan
418,2025-01-17 09:00:00,-2.1,0.0,0.0,0.01,0.0,7.579261,265.91446,Manhattan
419,2025-01-17 10:00:00,-0.1,0.0,0.0,0.01,0.0,6.2483597,258.3664,Manhattan
420,2025-01-17 11:00:00,1.7,0.0,0.0,0.01,0.0,6.9270773,245.43285,Manhattan
421,2025-01-17 12:00:00,3.15,0.0,0.0,0.01,0.0,7.4128532,240.94548,Manhattan
422,2025-01-17 13:00:00,4.5,0.0,0.0,0.01,0.0,9.746631,274.23633,Manhattan
423,2025-01-17 14:00:00,4.8,0.0,0.0,0.01,0.0,10.51576,276.88162,Manhattan
424,2025-01-17 15:00:00,4.8,0.0,0.0,0.01,0.0,5.004518,232.3057,Manhattan
425,2025-01-17 16:00:00,3.9,0.0,0.0,0.01,0.0,5.0432134,177.95464,Manhattan
426,2025-01-17 17:00:00,2.45,0.0,0.0,0.01,0.0,7.0591216,199.35909,Manhattan
427,2025-01-17 18:00:00,1.45,0.0,0.0,0.01,0.0,8.019601,225.90929,Manhattan
428,2025-01-17 19:00:00,0.95,0.0,0.0,0.01,0.0,8.490582,212.00534,Manhattan
429,2025-01-17 20:00:00,0.85,0.0,0.0,0.01,0.0,6.66,198.92474,Manhattan
430,2025-01-17 21:00:00,0.55,0.0,0.0,0.01,0.0,8.297589,192.5288,Manhattan
431,2025-01-17 22:00:00,-0.1,0.0,0.0,0.01,0.0,8.36758,198.8248,Manhattan
432,2025-01-17 23:00:00,-0.2,0.0,0.0,0.01,0.0,10.730778,202.69383,Manhattan
433,2025-01-18 00:00:00,-0.45,0.0,0.0,0.01,0.0,10.472535,208.76755,Manhattan
434,2025-01-18 01:00:00,-0.75,0.0,0.0,0.01,0.0,9.621163,197.41806,Manhattan
435,2025-01-18 02:00:00,-0.8,0.0,0.0,0.01,0.0,10.534229,196.88687,Manhattan
436,2025-01-18 03:00:00,-0.8,0.0,0.0,0.01,0.0,10.137692,196.50444,Manhattan
437,2025-01-18 04:00:00,-0.55,0.0,0.0,0.01,0.0,11.043261,199.0257,Manhattan
438,2025-01-18 05:00:00,-0.2,0.0,0.0,0.01,0.0,11.225132,195.81926,Manhattan
439,2025-01-18 06:00:00,0.25,0.0,0.0,0.01,0.0,10.7714615,189.61966,Manhattan
440,2025-01-18 07:00:00,0.75,0.0,0.0,0.01,0.0,11.481968,189.01924,Manhattan
441,2025-01-18 08:00:00,2.1,0.0,0.0,0.01,0.0,12.606426,189.86574,Manhattan
442,2025-01-18 09:00:00,3.4,0.0,0.0,0.01,0.0,12.849528,191.30989,Manhattan
443,2025-01-18 10:00:00,5.15,0.0,0.0,0.01,0.0,10.259999,180.0,Manhattan
444,2025-01-18 11:00:00,6.0,0.0,0.0,0.01,0.0,14.561099,171.46931,Manhattan
445,2025-01-18 12:00:00,6.45,0.0,0.0,0.01,0.0,14.383114,171.36295,Manhattan
446,2025-01-18 13:00:00,6.2,0.1,0.0,0.01,0.1,11.892265,182.60251,Manhattan
447,2025-01-18 14:00:00,5.8,0.6,0.0,0.01,0.6,8.827344,177.66275,Manhattan
448,2025-01-18 15:00:00,5.0,0.6,0.0,0.01,0.6,4.752136,142.69597,Manhattan
449,2025-01-18 16:00:00,5.0,0.2,0.0,0.01,0.2,3.7064266,150.9455,Manhattan
450,2025-01-18 17:00:00,4.6,0.7,0.0,0.01,0.7,2.2553935,151.38963,Manhattan
451,2025-01-18 18:00:00,4.1,0.0,0.0,0.01,0.0,3.710795,165.96373,Manhattan
452,2025-01-18 19:00:00,3.95,0.0,0.0,0.01,0.0,6.502461,228.36655,Manhattan
453,2025-01-18 20:00:00,4.5,0.0,0.0,0.01,0.0,6.206738,253.14151,Manhattan
454,2025-01-18 21:00:00,3.75,0.0,0.0,0.01,0.0,5.4119864,266.186,Manhattan
455,2025-01-18 22:00:00,2.95,0.0,0.0,0.01,0.0,7.256032,262.8751,Manhattan
456,2025-01-18 23:00:00,2.15,0.0,0.0,0.01,0.0,9.6480665,278.58353,Manhattan
457,2025-01-19 00:00:00,1.5,0.0,0.0,0.01,0.0,8.482947,287.2816,Manhattan
458,2025-01-19 01:00:00,1.0,0.0,0.0,0.01,0.0,8.557102,292.24908,Manhattan
459,2025-01-19 02:00:00,0.65,0.0,0.0,0.01,0.0,7.9036193,300.06848,Manhattan
460,2025-01-19 03:00:00,0.75,0.0,0.0,0.01,0.0,10.691453,315.0001,Manhattan
461,2025-01-19 04:00:00,0.75,0.0,0.0,0.01,0.0,9.585739,325.71307,Manhattan
462,2025-01-19 05:00:00,0.45,0.0,0.0,0.01,0.0,9.686609,318.01288,Manhattan
463,2025-01-19 06:00:00,0.15,0.0,0.0,0.01,0.0,9.54679,314.23618,Manhattan
464,2025-01-19 07:00:00,-0.25,0.0,0.0,0.01,0.0,10.070353,331.14444,Manhattan
465,2025-01-19 08:00:00,1.7,0.0,0.0,0.01,0.0,9.292255,338.40463,Manhattan
466,2025-01-19 09:00:00,2.2,0.0,0.0,0.01,0.0,6.4799995,360.0,Manhattan
467,2025-01-19 10:00:00,2.55,0.0,0.0,0.01,0.0,9.734988,3.179772,Manhattan
468,2025-01-19 11:00:00,2.35,0.1,0.0,0.01,0.1,8.297589,3.7313232,Manhattan
469,2025-01-19 12:00:00,2.05,0.2,0.0,0.01,0.2,9.96524,16.798458,Manhattan
470,2025-01-19 13:00:00,1.9,0.1,0.0,0.01,0.1,8.459999,360.0,Manhattan
471,2025-01-19 14:00:00,1.45,0.0,0.21000001,0.01,0.3,7.3997297,355.81516,Manhattan
472,2025-01-19 15:00:00,1.0,0.0,0.63,0.01,0.9,8.827344,20.282646,Manhattan
473,2025-01-19 16:00:00,0.4,0.0,0.42000002,0.01,0.6,13.797912,7.495768,Manhattan
474,2025-01-19 17:00:00,-0.05,0.099999994,0.21000001,0.02,0.4,13.86,360.0,Manhattan
475,2025-01-19 18:00:00,-0.95,0.0,0.77,0.02,1.1,17.259363,352.208,Manhattan
476,2025-01-19 19:00:00,-1.65,0.0,1.4,0.03,2.0,18.687086,352.8066,Manhattan
477,2025-01-19 20:00:00,-1.35,0.0,1.12,0.04,1.6,16.372087,345.35257,Manhattan
478,2025-01-19 21:00:00,-1.8,0.0,0.63,0.04,0.9,18.913708,351.79288,Manhattan
479,2025-01-19 22:00:00,-2.35,0.0,0.14,0.05,0.2,16.985933,347.1419,Manhattan
480,2025-01-19 23:00:00,-2.75,0.0,0.0,0.05,0.0,15.3264475,326.49655,Manhattan
481,2025-01-20 00:00:00,-3.75,0.0,0.07,0.05,0.1,14.773164,316.9749,Manhattan
482,2025-01-20 01:00:00,-5.05,0.0,0.07,0.05,0.1,14.589996,308.991,Manhattan
483,2025-01-20 02:00:00,-5.95,0.0,0.0,0.05,0.0,15.15104,313.55594,Manhattan
484,2025-01-20 03:00:00,-6.95,0.0,0.0,0.05,0.0,17.063011,313.29022,Manhattan
485,2025-01-20 04:00:00,-8.25,0.0,0.0,0.05,0.0,16.037182,315.0001,Manhattan
486,2025-01-20 05:00:00,-8.95,0.0,0.0,0.05,0.0,14.2575445,313.97705,Manhattan
487,2025-01-20 06:00:00,-9.5,0.0,0.0,0.05,0.0,12.652604,309.8055,Manhattan
488,2025-01-20 07:00:00,-9.95,0.0,0.0,0.05,0.0,12.232057,302.98853,Manhattan
489,2025-01-20 08:00:00,-9.5,0.0,0.0,0.05,0.0,13.272482,290.64706,Manhattan
490,2025-01-20 09:00:00,-9.0,0.0,0.0,0.05,0.0,12.016938,286.5349,Manhattan
491,2025-01-20 10:00:00,-7.95,0.0,0.0,0.05,0.0,7.6642804,279.46225,Manhattan
492,2025-01-20 11:00:00,-6.4,0.0,0.0,0.05,0.0,6.7205353,277.69595,Manhattan
493,2025-01-20 12:00:00,-5.2,0.0,0.0,0.05,0.0,15.725037,285.94547,Manhattan
494,2025-01-20 13:00:00,-4.75,0.0,0.0,0.05,0.0,13.797912,277.49576,Manhattan
495,2025-01-20 14:00:00,-4.6,0.0,0.0,0.05,0.0,11.866355,279.60513,Manhattan
496,2025-01-20 15:00:00,-4.95,0.0,0.0,0.05,0.0,10.823973,273.814,Manhattan
497,2025-01-20 16:00:00,-5.7,0.0,0.0,0.05,0.0,8.64,270.0,Manhattan
498,2025-01-20 17:00:00,-6.75,0.0,0.0,0.05,0.0,7.2022495,268.56793,Manhattan
499,2025-01-20 18:00:00,-7.4,0.0,0.0,0.05,0.0,5.5799994,270.0,Manhattan
500,2025-01-20 19:00:00,-7.7,0.0,0.0,0.05,0.0,5.771239,266.42374,Manhattan
501,2025-01-20 20:00:00,-8.05,0.0,0.0,0.05,0.0,10.446206,268.02512,Manhattan
502,2025-01-20 21:00:00,-9.0,0.0,0.0,0.05,0.0,10.3480425,283.0693,Manhattan
503,2025-01-20 22:00:00,-9.95,0.0,0.0,0.05,0.0,9.178235,281.3099,Manhattan
504,2025-01-20 23:00:00,-10.75,0.0,0.0,0.05,0.0,8.467655,272.43658,Manhattan
505,2025-01-21 00:00:00,-11.55,0.0,0.0,0.05,0.0,8.647496,267.6141,Manhattan
506,2025-01-21 01:00:00,-12.0,0.0,0.0,0.05,0.0,9.726665,267.87894,Manhattan
507,2025-01-21 02:00:00,-12.4,0.0,0.0,0.05,0.0,9.0645685,276.84268,Manhattan
508,2025-01-21 03:00:00,-13.1,0.0,0.0,0.05,0.0,7.9077177,281.82147,Manhattan
509,2025-01-21 04:00:00,-13.75,0.0,0.0,0.05,0.0,6.924738,278.97253,Manhattan
510,2025-01-21 05:00:00,-15.2,0.0,0.0,0.05,0.0,5.5887027,255.06853,Manhattan
511,2025-01-21 06:00:00,-15.5,0.0,0.0,0.05,0.0,5.896202,257.66092,Manhattan
512,2025-01-21 07:00:00,-15.35,0.0,0.0,0.05,0.0,6.7853074,248.19853,Manhattan
513,2025-01-21 08:00:00,-14.5,0.0,0.0,0.05,0.0,7.342588,258.6901,Manhattan
514,2025-01-21 09:00:00,-13.35,0.0,0.0,0.05,0.0,7.0774574,277.30566,Manhattan
515,2025-01-21 10:00:00,-11.9,0.0,0.0,0.05,0.0,6.7205353,290.37653,Manhattan
516,2025-01-21 11:00:00,-10.4,0.0,0.0,0.05,0.0,5.5829024,268.15244,Manhattan
517,2025-01-21 12:00:00,-9.3,0.0,0.0,0.05,0.0,5.3517847,250.34608,Manhattan
518,2025-01-21 13:00:00,-8.6,0.0,0.0,0.05,0.0,6.1226463,245.69547,Manhattan
519,2025-01-21 14:00:00,-8.2,0.0,0.0,0.05,0.0,7.2403865,235.1246,Manhattan
520,2025-01-21 15:00:00,-8.25,0.0,0.0,0.05,0.0,8.287822,235.6196,Manhattan
521,2025-01-21 16:00:00,-8.5,0.0,0.0,0.05,0.0,8.893166,234.0578,Manhattan
522,2025-01-21 17:00:00,-8.85,0.0,0.0,0.05,0.0,8.43699,236.3099,Manhattan
523,2025-01-21 18:00:00,-9.15,0.0,0.07,0.05,0.1,8.996398,250.11475,Manhattan
524,2025-01-21 19:00:00,-9.45,0.0,0.07,0.05,0.1,9.391102,257.82855,Manhattan
525,2025-01-21 20:00:00,-9.05,0.0,0.0,0.05,0.0,8.626865,246.64441,Manhattan
526,2025-01-21 21:00:00,-9.35,0.0,0.07,0.05,0.1,10.337079,262.99884,Manhattan
527,2025-01-21 22:00:00,-9.65,0.0,0.0,0.05,0.0,10.316686,276.0089,Manhattan
528,2025-01-21 23:00:00,-10.05,0.0,0.0,0.05,0.0,11.157097,287.8504,Manhattan
529,2025-01-22 00:00:00,-10.8,0.0,0.0,0.05,0.0,9.339208,297.55273,Manhattan
530,2025-01-22 01:00:00,-11.6,0.0,0.0,0.05,0.0,9.194106,293.05133,Manhattan
531,2025-01-22 02:00:00,-13.1,0.0,0.0,0.05,0.0,6.9480934,306.57312,Manhattan
532,2025-01-22 03:00:00,-14.95,0.0,0.0,0.05,0.0,5.48631,318.991,Manhattan
533,2025-01-22 04:00:00,-15.5,0.0,0.0,0.05,0.0,5.2478566,329.03632,Manhattan
534,2025-01-22 05:00:00,-15.8,0.0,0.0,0.05,0.0,5.637765,343.3007,Manhattan
535,2025-01-22 06:00:00,-16.15,0.0,0.0,0.05,0.0,5.771239,356.42374,Manhattan
536,2025-01-22 07:00:00,-16.3,0.0,0.0,0.05,0.0,5.6262593,352.6477,Manhattan
537,2025-01-22 08:00:00,-14.65,0.0,0.0,0.05,0.0,5.2478566,337.8336,Manhattan
538,2025-01-22 09:00:00,-12.55,0.0,0.0,0.05,0.0,6.3639607,331.26028,Manhattan
539,2025-01-22 10:00:00,-11.15,0.0,0.0,0.05,0.0,9.621163,342.58194,Manhattan
540,2025-01-22 11:00:00,-9.8,0.0,0.0,0.05,0.0,8.227004,349.91946,Manhattan
541,2025-01-22 12:00:00,-9.0,0.0,0.0,0.05,0.0,6.2483597,348.3664,Manhattan
542,2025-01-22 13:00:00,-8.55,0.0,0.0,0.05,0.0,3.244996,340.55988,Manhattan
543,2025-01-22 14:00:00,-8.3,0.0,0.0,0.05,0.0,2.5582807,309.28937,Manhattan
544,2025-01-22 15:00:00,-8.25,0.0,0.0,0.05,0.0,1.1525624,321.34018,Manhattan
545,2025-01-22 16:00:00,-8.9,0.0,0.0,0.05,0.0,0.25455844,224.9999,Manhattan
546,2025-01-22 17:00:00,-10.35,0.0,0.0,0.05,0.0,0.76367533,224.9999,Manhattan
547,2025-01-22 18:00:00,-10.9,0.0,0.0,0.05,0.0,0.8049845,206.56499,Manhattan
548,2025-01-22 19:00:00,-11.3,0.0,0.0,0.05,0.0,0.8049845,206.56499,Manhattan
549,2025-01-22 20:00:00,-9.65,0.0,0.0,0.05,0.0,2.5455842,171.86998,Manhattan
550,2025-01-22 21:00:00,-9.95,0.0,0.0,0.05,0.0,1.659518,167.4712,Manhattan
551,2025-01-22 22:00:00,-10.85,0.0,0.0,0.05,0.0,1.609969,206.56499,Manhattan
552,2025-01-22 23:00:00,-11.65,0.0,0.0,0.05,0.0,3.8268526,228.81418,Manhattan
553,2025-01-23 00:00:00,-11.85,0.0,0.0,0.05,0.0,2.3469129,212.47118,Manhattan
554,2025-01-23 01:00:00,-12.45,0.0,0.0,0.05,0.0,4.1125174,246.80139,Manhattan
555,2025-01-23 02:00:00,-12.65,0.0,0.0,0.05,0.0,5.0816135,247.06787,Manhattan
556,2025-01-23 03:00:00,-12.1,0.0,0.0,0.05,0.0,4.724786,252.25523,Manhattan
557,2025-01-23 04:00:00,-11.5,0.0,0.0,0.05,0.0,4.353619,262.8751,Manhattan
558,2025-01-23 05:00:00,-10.15,0.0,0.0,0.05,0.0,2.968636,284.03625,Manhattan
559,2025-01-23 06:00:00,-10.0,0.0,0.0,0.05,0.0,0.742159,284.03625,Manhattan
560,2025-01-23 07:00:00,-10.45,0.0,0.0,0.05,0.0,0.6489992,146.3099,Manhattan
561,2025-01-23 08:00:00,-11.2,0.0,0.0,0.05,0.0,1.9881649,174.80566,Manhattan
562,2025-01-23 09:00:00,-9.3,0.0,0.0,0.05,0.0,1.8089776,185.7105,Manhattan
563,2025-01-23 10:00:00,-7.7,0.0,0.0,0.05,0.0,2.19718,214.9921,Manhattan
564,2025-01-23 11:00:00,-6.3,0.0,0.0,0.05,0.0,2.8460495,214.69522,Manhattan
565,2025-01-23 12:00:00,-5.2,0.0,0.0,0.05,0.0,5.3426957,212.61923,Manhattan
566,2025-01-23 13:00:00,-4.15,0.0,0.0,0.05,0.0,7.289445,212.90524,Manhattan
567,2025-01-23 14:00:00,-3.7,0.0,0.0,0.05,0.0,7.029225,219.80553,Manhattan
568,2025-01-23 15:00:00,-3.65,0.0,0.0,0.05,0.0,7.3094187,232.0012,Manhattan
569,2025-01-23 16:00:00,-4.4,0.0,0.0,0.05,0.0,4.896529,252.89719,Manhattan
570,2025-01-23 17:00:00,-6.45,0.0,0.0,0.05,0.0,5.8104043,253.81071,Manhattan
571,2025-01-23 18:00:00,-7.25,0.0,0.0,0.05,0.0,6.552099,232.81522,Manhattan
572,2025-01-23 19:00:00,-7.75,0.0,0.0,0.05,0.0,6.489992,250.55988,Manhattan
573,2025-01-23 20:00:00,-6.45,0.0,0.0,0.05,0.0,8.39078,247.28555,Manhattan
574,2025-01-23 21:00:00,-6.95,0.0,0.0,0.05,0.0,8.513448,256.55136,Manhattan
575,2025-01-23 22:00:00,-7.25,0.0,0.0,0.05,0.0,8.171683,262.40546,Manhattan
576,2025-01-23 23:00:00,-7.4,0.0,0.0,0.05,0.0,8.909545,261.87,Manhattan
577,2025-01-24 00:00:00,-7.45,0.0,0.0,0.05,0.0,9.403169,264.50778,Manhattan
578,2025-01-24 01:00:00,-7.4,0.0,0.0,0.05,0.0,9.761578,264.71002,Manhattan
579,2025-01-24 02:00:00,-7.8,0.0,0.0,0.05,0.0,8.311245,265.03033,Manhattan
580,2025-01-24 03:00:00,-8.45,0.0,0.0,0.05,0.0,6.698806,263.82993,Manhattan
581,2025-01-24 04:00:00,-8.95,0.0,0.0,0.05,0.0,6.5693827,260.53775,Manhattan
582,2025-01-24 05:00:00,-8.9,0.0,0.0,0.05,0.0,7.0223074,268.53122,Manhattan
583,2025-01-24 06:00:00,-8.65,0.0,0.0,0.05,0.0,7.6367526,278.13,Manhattan
584,2025-01-24 07:00:00,-8.8,0.0,0.0,0.05,0.0,7.486788,279.68872,Manhattan
585,2025-01-24 08:00:00,-8.1,0.0,0.0,0.05,0.0,9.321845,280.0079,Manhattan
586,2025-01-24 09:00:00,-6.55,0.0,0.0,0.05,0.0,7.613382,276.78888,Manhattan
587,2025-01-24 10:00:00,-4.5,0.0,0.0,0.05,0.0,6.8423676,271.5074,Manhattan
588,2025-01-24 11:00:00,-2.8,0.0,0.0,0.05,0.0,9.582359,264.61078,Manhattan
589,2025-01-24 12:00:00,-1.95,0.0,0.0,0.05,0.0,10.873252,276.65433,Manhattan
590,2025-01-24 13:00:00,-1.4,0.0,0.0,0.05,0.0,10.742848,278.6731,Manhattan
591,2025-01-24 14:00:00,-1.0,0.0,0.0,0.05,0.0,10.316686,276.0089,Manhattan
592,2025-01-24 15:00:00,-0.9,0.0,0.0,0.05,0.0,7.9526596,275.19434,Manhattan
593,2025-01-24 16:00:00,-2.0,0.0,0.0,0.05,0.0,4.68,270.0,Manhattan
594,2025-01-24 17:00:00,-4.25,0.0,0.0,0.05,0.0,2.968636,255.96373,Manhattan
595,2025-01-24 18:00:00,-5.5,0.0,0.0,0.05,0.0,4.14,270.0,Manhattan
596,2025-01-24 19:00:00,-6.4,0.0,0.0,0.05,0.0,4.2021422,279.86575,Manhattan
597,2025-01-24 20:00:00,-6.05,0.0,0.0,0.05,0.0,4.5,270.0,Manhattan
598,2025-01-24 21:00:00,-7.1,0.0,0.0,0.05,0.0,4.060985,257.19574,Manhattan
599,2025-01-24 22:00:00,-8.1,0.0,0.0,0.05,0.0,5.0911684,261.87,Manhattan
600,2025-01-24 23:00:00,-8.45,0.0,0.0,0.05,0.0,2.4014995,282.99463,Manhattan
601,2025-01-25 00:00:00,-9.25,0.0,0.0,0.05,0.0,1.781909,315.0001,Manhattan
602,2025-01-25 01:00:00,-9.9,0.0,0.0,0.05,0.0,1.659518,319.39877,Manhattan
603,2025-01-25 02:00:00,-10.5,0.0,0.0,0.05,0.0,1.4512063,299.74478,Manhattan
604,2025-01-25 03:00:00,-11.15,0.0,0.0,0.05,0.0,1.9881649,275.19434,Manhattan
605,2025-01-25 04:00:00,-11.45,0.0,0.0,0.05,0.0,1.6299692,276.3401,Manhattan
606,2025-01-25 05:00:00,-11.8,0.0,0.0,0.05,0.0,1.835647,281.3099,Manhattan
607,2025-01-25 06:00:00,-12.1,0.0,0.0,0.05,0.0,2.16,270.0,Manhattan
608,2025-01-25 07:00:00,-12.55,0.0,0.0,0.05,0.0,2.0124612,280.30478,Manhattan
609,2025-01-25 08:00:00,-10.95,0.0,0.0,0.05,0.0,4.5891175,281.3099,Manhattan
610,2025-01-25 09:00:00,-8.05,0.0,0.0,0.05,0.0,4.445672,248.6293,Manhattan
611,2025-01-25 10:00:00,-5.9,0.0,0.0,0.05,0.0,5.6492476,247.52052,Manhattan
612,2025-01-25 11:00:00,-4.4,0.0,0.0,0.05,0.0,6.76618,241.38963,Manhattan
613,2025-01-25 12:00:00,-3.55,0.0,0.0,0.05,0.0,9.021574,241.38963,Manhattan
614,2025-01-25 13:00:00,-2.85,0.0,0.0,0.05,0.0,11.276968,241.38963,Manhattan
615,2025-01-25 14:00:00,-2.45,0.0,0.0,0.05,0.0,12.033103,235.359,Manhattan
616,2025-01-25 15:00:00,-2.15,0.0,0.0,0.04,0.0,11.753876,229.9698,Manhattan
617,2025-01-25 16:00:00,-2.45,0.0,0.0,0.04,0.0,9.1641035,224.9999,Manhattan
618,2025-01-25 17:00:00,-3.25,0.0,0.0,0.04,0.0,8.39078,215.39488,Manhattan
619,2025-01-25 18:00:00,-3.4,0.0,0.0,0.04,0.0,9.7565975,217.50421,Manhattan
620,2025-01-25 19:00:00,-3.65,0.0,0.0,0.04,0.0,10.404249,217.26648,Manhattan
621,2025-01-25 20:00:00,-3.05,0.0,0.0,0.04,0.0,10.703569,222.27362,Manhattan
622,2025-01-25 21:00:00,-3.25,0.0,0.0,0.04,0.0,10.310402,224.29277,Manhattan
623,2025-01-25 22:00:00,-3.75,0.0,0.0,0.04,0.0,8.244708,216.11943,Manhattan
624,2025-01-25 23:00:00,-4.25,0.0,0.0,0.04,0.0,6.854195,209.93143,Manhattan
625,2025-01-26 00:00:00,-4.9,0.0,0.0,0.04,0.0,5.9617786,208.88649,Manhattan
626,2025-01-26 01:00:00,-5.15,0.0,0.0,0.04,0.0,5.441838,214.21576,Manhattan
627,2025-01-26 02:00:00,-3.7,0.0,0.0,0.04,0.0,7.127636,224.9999,Manhattan
628,2025-01-26 03:00:00,-3.5,0.0,0.0,0.04,0.0,9.422101,223.45189,Manhattan
629,2025-01-26 04:00:00,-2.85,0.0,0.0,0.04,0.0,12.346741,224.40942,Manhattan
630,2025-01-26 05:00:00,-2.25,0.0,0.0,0.04,0.0,13.33094,235.45157,Manhattan
631,2025-01-26 06:00:00,-1.9,0.0,0.0,0.04,0.0,13.37825,246.19405,Manhattan
632,2025-01-26 07:00:00,-1.8,0.0,0.0,0.04,0.0,12.750811,251.0534,Manhattan
633,2025-01-26 08:00:00,-1.65,0.0,0.0,0.04,0.0,11.103243,250.09616,Manhattan
634,2025-01-26 09:00:00,-0.5,0.0,0.0,0.04,0.0,10.765445,249.44386,Manhattan
635,2025-01-26 10:00:00,1.55,0.0,0.0,0.04,0.0,7.0934615,234.29321,Manhattan
636,2025-01-26 11:00:00,3.45,0.0,0.0,0.04,0.0,14.739132,261.57312,Manhattan
637,2025-01-26 12:00:00,3.75,0.0,0.0,0.04,0.0,17.194475,276.0089,Manhattan
638,2025-01-26 13:00:00,4.0,0.0,0.0,0.04,0.0,14.713831,277.73352,Manhattan
639,2025-01-26 14:00:00,4.05,0.0,0.0,0.04,0.0,13.451914,282.3625,Manhattan
640,2025-01-26 15:00:00,3.7,0.0,0.0,0.04,0.0,12.181625,288.9705,Manhattan
641,2025-01-26 16:00:00,2.8,0.0,0.0,0.04,0.0,11.435313,298.1785,Manhattan
642,2025-01-26 17:00:00,0.9,0.0,0.0,0.04,0.0,8.149847,300.52963,Manhattan
643,2025-01-26 18:00:00,-1.5,0.0,0.0,0.04,0.0,6.3639607,298.7397,Manhattan
644,2025-01-26 19:00:00,-3.4,0.0,0.0,0.04,0.0,5.5450516,283.13403,Manhattan
645,2025-01-26 20:00:00,-2.95,0.0,0.0,0.04,0.0,5.318383,293.9625,Manhattan
646,2025-01-26 21:00:00,-3.2,0.0,0.0,0.04,0.0,2.9024127,262.8751,Manhattan
647,2025-01-26 22:00:00,-4.2,0.0,0.0,0.04,0.0,5.6521144,232.76509,Manhattan
648,2025-01-26 23:00:00,-4.4,0.0,0.0,0.04,0.0,5.634891,243.43501,Manhattan
649,2025-01-27 00:00:00,-3.8,0.0,0.0,0.04,0.0,5.95906,244.98314,Manhattan
650,2025-01-27 01:00:00,-3.8,0.0,0.0,0.04,0.0,5.876938,229.9698,Manhattan
651,2025-01-27 02:00:00,-3.25,0.0,0.0,0.04,0.0,8.320986,231.14662,Manhattan
652,2025-01-27 03:00:00,-2.9,0.0,0.0,0.04,0.0,9.614426,231.84273,Manhattan
653,2025-01-27 04:00:00,-2.95,0.0,0.0,0.04,0.0,9.600937,239.589,Manhattan
654,2025-01-27 05:00:00,-3.0,0.0,0.0,0.04,0.0,10.9859,251.86182,Manhattan
655,2025-01-27 06:00:00,-3.75,0.0,0.0,0.04,0.0,10.594036,260.21765,Manhattan
656,2025-01-27 07:00:00,-4.7,0.0,0.0,0.04,0.0,8.909545,261.87,Manhattan
657,2025-01-27 08:00:00,-3.55,0.0,0.0,0.04,0.0,7.458606,278.32556,Manhattan
658,2025-01-27 09:00:00,-2.2,0.0,0.0,0.04,0.0,5.7599998,270.0,Manhattan
659,2025-01-27 10:00:00,-0.75,0.0,0.0,0.04,0.0,9.12513,247.98866,Manhattan
660,2025-01-27 11:00:00,0.45,0.0,0.0,0.04,0.0,11.207801,240.14108,Manhattan
661,2025-01-27 12:00:00,1.1,0.0,0.0,0.04,0.0,14.428097,236.70642,Manhattan
662,2025-01-27 13:00:00,1.7,0.0,0.0,0.04,0.0,15.602999,230.6176,Manhattan
663,2025-01-27 14:00:00,1.95,0.0,0.0,0.04,0.0,15.096411,230.80673,Manhattan
664,2025-01-27 15:00:00,1.9,0.0,0.0,0.04,0.0,14.428097,229.55385,Manhattan
665,2025-01-27 16:00:00,1.35,0.0,0.0,0.04,0.0,13.5,233.13002,Manhattan
666,2025-01-27 17:00:00,0.35,0.0,0.0,0.04,0.0,14.083778,231.22581,Manhattan
667,2025-01-27 18:00:00,-0.2,0.0,0.0,0.04,0.0,15.156384,232.72174,Manhattan
668,2025-01-27 19:00:00,-0.55,0.0,0.0,0.04,0.0,15.801087,227.77028,Manhattan
669,2025-01-27 20:00:00,-0.1,0.0,0.0,0.04,0.0,15.696165,216.60716,Manhattan
670,2025-01-27 21:00:00,0.3,0.0,0.0,0.04,0.0,18.222721,222.19748,Manhattan
671,2025-01-27 22:00:00,0.65,0.0,0.0,0.04,0.0,17.968472,227.84221,Manhattan
672,2025-01-27 23:00:00,0.65,0.0,0.0,0.04,0.0,17.935081,231.51978,Manhattan
673,2025-01-28 00:00:00,0.85,0.0,0.0,0.04,0.0,17.381886,238.12044,Manhattan
674,2025-01-28 01:00:00,1.3,0.0,0.0,0.04,0.0,17.419127,246.87912,Manhattan
675,2025-01-28 02:00:00,1.05,0.0,0.0,0.04,0.0,16.965895,252.71841,Manhattan
676,2025-01-28 03:00:00,0.55,0.0,0.0,0.04,0.0,17.482254,253.24417,Manhattan
677,2025-01-28 04:00:00,0.4,0.0,0.0,0.04,0.0,17.247156,251.75404,Manhattan
678,2025-01-28 05:00:00,0.1,0.0,0.0,0.04,0.0,18.379402,261.55255,Manhattan
679,2025-01-28 06:00:00,-0.2,0.0,0.0,0.04,0.0,19.626604,262.09293,Manhattan
680,2025-01-28 07:00:00,-0.25,0.0,0.0,0.04,0.0,19.811451,252.55272,Manhattan
681,2025-01-28 08:00:00,2.15,0.0,0.0,0.04,0.0,18.792551,253.30067,Manhattan
682,2025-01-28 09:00:00,3.05,0.0,0.0,0.04,0.0,19.13426,258.05585,Manhattan
683,2025-01-28 10:00:00,3.7,0.0,0.0,0.04,0.0,17.828178,271.73566,Manhattan
684,2025-01-28 11:00:00,4.1,0.0,0.0,0.04,0.0,23.304264,293.1986,Manhattan
685,2025-01-28 12:00:00,3.4,0.0,0.0,0.03,0.0,22.42427,312.39737,Manhattan
686,2025-01-28 13:00:00,1.35,0.0,0.0,0.03,0.0,20.35274,308.89722,Manhattan
687,2025-01-28 14:00:00,1.0,0.0,0.0,0.03,0.0,16.344357,306.4914,Manhattan
688,2025-01-28 15:00:00,0.45,0.0,0.0,0.03,0.0,13.072015,308.2902,Manhattan
689,2025-01-28 16:00:00,-0.2,0.0,0.0,0.03,0.0,10.742848,301.29297,Manhattan
690,2025-01-28 17:00:00,-1.9,0.0,0.0,0.03,0.0,3.9477081,335.77228,Manhattan
691,2025-01-28 18:00:00,-2.8,0.0,0.0,0.03,0.0,3.8183763,8.130019,Manhattan
692,2025-01-28 19:00:00,-3.05,0.0,0.0,0.03,0.0,2.8174455,63.435013,Manhattan
693,2025-01-28 20:00:00,-2.15,0.0,0.0,0.03,0.0,4.3832865,109.17911,Manhattan
694,2025-01-28 21:00:00,-1.85,0.0,0.0,0.03,0.0,7.0107627,131.87779,Manhattan
695,2025-01-28 22:00:00,-1.3,0.0,0.0,0.03,0.0,7.9465466,166.9081,Manhattan
696,2025-01-28 23:00:00,-0.05,0.0,0.0,0.03,0.0,10.081606,181.02301,Manhattan
697,2025-01-29 00:00:00,0.5,0.0,0.0,0.03,0.0,12.304682,185.8773,Manhattan
698,2025-01-29 01:00:00,0.7,0.0,0.0,0.03,0.0,13.661038,198.43504,Manhattan
699,2025-01-29 02:00:00,1.45,0.0,0.0,0.03,0.0,14.565548,219.98683,Manhattan
700,2025-01-29 03:00:00,2.15,0.0,0.0,0.03,0.0,16.485485,238.39255,Manhattan
701,2025-01-29 04:00:00,2.1,0.0,0.0,0.03,0.0,17.483181,241.06009,Manhattan
702,2025-01-29 05:00:00,2.35,0.0,0.0,0.03,0.0,17.423777,236.80243,Manhattan
703,2025-01-29 06:00:00,2.5,0.0,0.0,0.03,0.0,17.725203,235.34158,Manhattan
704,2025-01-29 07:00:00,2.4,0.0,0.0,0.03,0.0,17.326813,235.15419,Manhattan
705,2025-01-29 08:00:00,2.4,0.0,0.0,0.03,0.0,14.941083,233.82028,Manhattan
706,2025-01-29 09:00:00,4.2,0.0,0.0,0.03,0.0,16.12583,236.84207,Manhattan
707,2025-01-29 10:00:00,5.85,0.0,0.0,0.03,0.0,12.984975,223.87679,Manhattan
708,2025-01-29 11:00:00,7.6,0.0,0.0,0.03,0.0,14.628807,214.47227,Manhattan
709,2025-01-29 12:00:00,8.65,0.0,0.0,0.03,0.0,20.49314,231.41876,Manhattan
710,2025-01-29 13:00:00,8.7,0.0,0.0,0.03,0.0,21.829777,256.65128,Manhattan
711,2025-01-29 14:00:00,8.95,0.0,0.0,0.02,0.0,19.08085,270.5405,Manhattan
712,2025-01-29 15:00:00,8.25,0.0,0.0,0.02,0.0,20.91256,283.4382,Manhattan
713,2025-01-29 16:00:00,7.2,0.0,0.0,0.02,0.0,20.478907,280.1246,Manhattan
714,2025-01-29 17:00:00,5.6,0.0,0.0,0.02,0.0,22.19554,292.40546,Manhattan
715,2025-01-29 18:00:00,3.65,0.0,0.0,0.02,0.0,19.486609,295.14474,Manhattan
716,2025-01-29 19:00:00,2.35,0.0,0.0,0.02,0.0,17.615187,291.584,Manhattan
717,2025-01-29 20:00:00,2.4,0.0,0.0,0.02,0.0,15.379206,290.55612,Manhattan
718,2025-01-29 21:00:00,1.8,0.0,0.0,0.02,0.0,18.508516,310.66165,Manhattan
719,2025-01-29 22:00:00,0.15,0.0,0.0,0.02,0.0,18.183563,301.64462,Manhattan
720,2025-01-29 23:00:00,-0.9,0.0,0.0,0.02,0.0,12.992459,317.24576,Manhattan
721,2025-01-30 00:00:00,-2.35,0.0,0.0,0.02,0.0,13.666967,310.192,Manhattan
722,2025-01-30 01:00:00,-3.25,0.0,0.0,0.02,0.0,14.618837,307.99878,Manhattan
723,2025-01-30 02:00:00,-4.2,0.0,0.0,0.02,0.0,15.561413,311.24817,Manhattan
724,2025-01-30 03:00:00,-4.7,0.0,0.0,0.02,0.0,15.697197,310.81497,Manhattan
725,2025-01-30 04:00:00,-5.1,0.0,0.0,0.02,0.0,15.236338,321.23447,Manhattan
726,2025-01-30 05:00:00,-5.65,0.0,0.0,0.02,0.0,12.791403,320.7106,Manhattan
727,2025-01-30 06:00:00,-6.05,0.0,0.0,0.02,0.0,10.261579,307.87503,Manhattan
728,2025-01-30 07:00:00,-6.25,0.0,0.0,0.02,0.0,8.211235,296.0033,Manhattan
729,2025-01-30 08:00:00,-4.3,0.0,0.0,0.02,0.0,7.6409945,285.0184,Manhattan
730,2025-01-30 09:00:00,-3.25,0.0,0.0,0.02,0.0,9.227524,290.55612,Manhattan
731,2025-01-30 10:00:00,-2.35,0.0,0.0,0.02,0.0,10.990322,301.60745,Manhattan
732,2025-01-30 11:00:00,-1.4,0.0,0.0,0.02,0.0,9.6932955,285.06854,Manhattan
733,2025-01-30 12:00:00,-0.35,0.0,0.0,0.02,0.0,10.435344,284.99512,Manhattan
734,2025-01-30 13:00:00,0.35,0.0,0.0,0.02,0.0,9.172938,285.94547,Manhattan
735,2025-01-30 14:00:00,0.65,0.0,0.0,0.02,0.0,6.4323244,287.928,Manhattan
736,2025-01-30 15:00:00,0.9,0.0,0.0,0.02,0.0,7.731623,245.22488,Manhattan
737,2025-01-30 16:00:00,0.7,0.0,0.0,0.02,0.0,9.840914,219.80553,Manhattan
738,2025-01-30 17:00:00,-0.7,0.0,0.0,0.02,0.0,4.755544,209.4758,Manhattan
739,2025-01-30 18:00:00,-1.05,0.0,0.0,0.02,0.0,5.426933,174.2895,Manhattan
740,2025-01-30 19:00:00,-1.0,0.0,0.0,0.02,0.0,5.0432134,182.04536,Manhattan
741,2025-01-30 20:00:00,-0.8,0.0,0.0,0.02,0.0,6.5520988,159.07542,Manhattan
742,2025-01-30 21:00:00,-0.3,0.0,0.0,0.02,0.0,9.403169,174.50777,Manhattan
743,2025-01-30 22:00:00,0.3,0.0,0.0,0.02,0.0,11.35285,182.72626,Manhattan
744,2025-01-30 23:00:00,0.5,0.0,0.0,0.02,0.0,11.375658,184.53769,Manhattan
745,2025-01-31 00:00:00,0.85,0.0,0.0,0.02,0.0,10.694485,186.76608,Manhattan
746,2025-01-31 01:00:00,0.85,0.0,0.0,0.02,0.0,8.905908,194.03627,Manhattan
747,2025-01-31 02:00:00,0.85,0.0,0.0,0.02,0.0,7.289444,200.22495,Manhattan
748,2025-01-31 03:00:00,1.4,0.0,0.0,0.02,0.0,7.4867883,207.18103,Manhattan
749,2025-01-31 04:00:00,2.0,0.0,0.0,0.02,0.0,9.688281,215.16652,Manhattan
750,2025-01-31 05:00:00,2.4,0.4,0.0,0.02,0.4,10.514218,218.04709,Manhattan
751,2025-01-31 06:00:00,2.5,0.4,0.0,0.02,0.4,11.738705,215.6399,Manhattan
752,2025-01-31 07:00:00,2.35,0.1,0.0,0.02,0.1,9.292254,225.78473,Manhattan
753,2025-01-31 08:00:00,1.7,0.4,0.0,0.02,0.4,5.318383,203.9625,Manhattan
754,2025-01-31 09:00:00,2.0,0.3,0.0,0.02,0.3,4.8899083,186.3401,Manhattan
755,2025-01-31 10:00:00,2.4,0.2,0.0,0.02,0.2,4.060985,192.80426,Manhattan
756,2025-01-31 11:00:00,3.05,0.2,0.0,0.02,0.2,3.4949677,191.88864,Manhattan
757,2025-01-31 12:00:00,3.95,0.1,0.0,0.02,0.1,4.0249224,296.56497,Manhattan
758,2025-01-31 13:00:00,4.8,0.1,0.0,0.02,0.1,4.8433046,228.01286,Manhattan
759,2025-01-31 14:00:00,5.05,0.3,0.0,0.02,0.3,3.8939953,236.3099,Manhattan
760,2025-01-31 15:00:00,4.35,0.1,0.0,0.02,0.1,3.4949677,191.88864,Manhattan
761,2025-01-31 16:00:00,4.35,0.1,0.0,0.02,0.1,4.991553,244.35904,Manhattan
762,2025-01-31 17:00:00,3.75,0.5,0.0,0.02,0.5,5.4119864,183.814,Manhattan
763,2025-01-31 18:00:00,3.9,1.2,0.0,0.02,1.2,4.6277857,166.50426,Manhattan
764,2025-01-31 19:00:00,3.7,1.2,0.0,0.02,1.2,5.815978,201.80147,Manhattan
765,2025-01-31 20:00:00,5.35,0.8,0.0,0.01,0.8,8.161764,221.42357,Manhattan
766,2025-01-31 21:00:00,5.15,0.7,0.0,0.01,0.7,7.7900705,229.68597,Manhattan
767,2025-01-31 22:00:00,5.5,1.2,0.0,0.01,1.2,11.566313,249.02643,Manhattan
768,2025-01-31 23:00:00,5.35,0.7,0.0,0.01,0.7,8.821836,271.1691,Manhattan
769,2025-02-01 00:00:00,4.9,0.3,0.0,0.01,0.3,6.6624317,271.54813,Manhattan
770,2025-02-01 01:00:00,4.95,0.3,0.0,0.01,0.3,7.0911775,293.9625,Manhattan
771,2025-02-01 02:00:00,4.9,0.3,0.0,0.01,0.3,7.7900705,310.31403,Manhattan
772,2025-02-01 03:00:00,4.6,0.1,0.0,0.01,0.1,11.345712,318.21558,Manhattan
773,2025-02-01 04:00:00,4.15,0.0,0.0,0.01,0.0,17.447933,338.19852,Manhattan
774,2025-02-01 05:00:00,2.6,0.0,0.0,0.01,0.0,16.981165,355.13556,Manhattan
775,2025-02-01 06:00:00,2.0,0.0,0.0,0.01,0.0,13.671707,350.9098,Manhattan
776,2025-02-01 07:00:00,1.45,0.0,0.0,0.01,0.0,17.081041,352.12616,Manhattan
777,2025-02-01 08:00:00,1.55,0.0,0.0,0.01,0.0,16.068466,347.05347,Manhattan
778,2025-02-01 09:00:00,1.05,0.0,0.0,0.01,0.0,18.772715,345.564,Manhattan
779,2025-02-01 10:00:00,0.85,0.0,0.0,0.01,0.0,18.511143,346.50424,Manhattan
780,2025-02-01 11:00:00,0.7,0.0,0.0,0.01,0.0,17.137852,342.8972,Manhattan
781,2025-02-01 12:00:00,0.15,0.0,0.0,0.01,0.0,16.963984,340.79593,Manhattan
782,2025-02-01 13:00:00,-0.25,0.0,0.0,0.01,0.0,16.478603,338.19852,Manhattan
783,2025-02-01 14:00:00,-0.1,0.0,0.0,0.01,0.0,16.10472,332.00293,Manhattan
784,2025-02-01 15:00:00,-0.5,0.0,0.0,0.01,0.0,15.589497,328.69592,Manhattan
785,2025-02-01 16:00:00,-1.45,0.0,0.0,0.01,0.0,17.224598,325.6456,Manhattan
786,2025-02-01 17:00:00,-2.95,0.0,0.0,0.01,0.0,17.176563,321.80902,Manhattan
787,2025-02-01 18:00:00,-4.35,0.0,0.0,0.01,0.0,17.873556,325.66974,Manhattan
788,2025-02-01 19:00:00,-5.4,0.0,0.0,0.01,0.0,15.844089,338.682,Manhattan
789,2025-02-01 20:00:00,-4.4,0.0,0.0,0.01,0.0,15.577022,337.5838,Manhattan
790,2025-02-01 21:00:00,-5.25,0.0,0.0,0.01,0.0,14.584443,347.1644,Manhattan
791,2025-02-01 22:00:00,-5.85,0.0,0.0,0.01,0.0,11.767651,353.85345,Manhattan
792,2025-02-01 23:00:00,-6.3,0.0,0.0,0.01,0.0,11.345713,358.18173,Manhattan
793,2025-02-02 00:00:00,-6.75,0.0,0.0,0.01,0.0,11.212135,5.527458,Manhattan
794,2025-02-02 01:00:00,-7.45,0.0,0.0,0.01,0.0,12.181625,18.970512,Manhattan
795,2025-02-02 02:00:00,-8.15,0.0,0.0,0.01,0.0,10.730778,22.69384,Manhattan
796,2025-02-02 03:00:00,-8.7,0.0,0.0,0.01,0.0,9.449572,17.744766,Manhattan
797,2025-02-02 04:00:00,-9.1,0.0,0.0,0.01,0.0,9.05205,17.354122,Manhattan
798,2025-02-02 05:00:00,-9.4,0.0,0.0,0.01,0.0,9.299225,14.574262,Manhattan
799,2025-02-02 06:00:00,-9.6,0.0,0.0,0.01,0.0,7.731622,12.094739,Manhattan
800,2025-02-02 07:00:00,-9.5,0.0,0.0,0.01,0.0,7.1321807,10.175456,Manhattan
801,2025-02-02 08:00:00,-9.05,0.0,0.0,0.01,0.0,5.5567255,24.904745,Manhattan
802,2025-02-02 09:00:00,-7.7,0.0,0.0,0.01,0.0,3.563818,44.999897,Manhattan
803,2025-02-02 10:00:00,-5.9,0.0,0.0,0.01,0.0,3.9477081,65.77226,Manhattan
804,2025-02-02 11:00:00,-4.25,0.0,0.0,0.01,0.0,5.8298883,98.88058,Manhattan
805,2025-02-02 12:00:00,-2.75,0.0,0.0,0.01,0.0,6.989936,124.50858,Manhattan
806,2025-02-02 13:00:00,-1.65,0.0,0.0,0.01,0.0,10.285232,147.14429,Manhattan
807,2025-02-02 14:00:00,-2.15,0.0,0.0,0.01,0.0,9.085988,123.6901,Manhattan
808,2025-02-02 15:00:00,-2.1,0.0,0.0,0.01,0.0,7.748368,92.66295,Manhattan
809,2025-02-02 16:00:00,-1.5,0.0,0.0,0.01,0.0,6.9247384,62.10283,Manhattan
810,2025-02-02 17:00:00,-0.9,0.0,0.0,0.01,0.0,3.189608,73.61038,Manhattan
811,2025-02-02 18:00:00,-0.35,0.0,0.0,0.01,0.0,3.6,143.13002,Manhattan
812,2025-02-02 19:00:00,0.6,0.0,0.0,0.01,0.0,7.3799996,167.31963,Manhattan
813,2025-02-02 20:00:00,-1.65,0.0,0.63,0.01,0.9,4.802999,167.00539,Manhattan
814,2025-02-02 21:00:00,-1.4,0.0,0.28,0.02,0.4,2.4149535,206.56499,Manhattan
815,2025-02-02 22:00:00,-0.9,0.0,0.48999998,0.03,0.7,6.618519,224.9999,Manhattan
816,2024-12-30 23:00:00,7.8,0.0,0.0,0.0,0.0,13.379461,252.78384,Brooklyn
817,2024-12-31 00:00:00,7.05,0.0,0.0,0.0,0.0,12.791403,256.15927,Brooklyn
818,2024-12-31 01:00:00,6.3,0.0,0.0,0.0,0.0,11.230904,263.5585,Brooklyn
819,2024-12-31 02:00:00,5.6,0.0,0.0,0.0,0.0,10.484902,258.11136,Brooklyn
820,2024-12-31 03:00:00,4.95,0.0,0.0,0.0,0.0,9.6480665,261.41647,Brooklyn
821,2024-12-31 04:00:00,4.35,0.0,0.0,0.0,0.0,9.473541,255.69969,Brooklyn
822,2024-12-31 05:00:00,3.85,0.0,0.0,0.0,0.0,8.821836,271.1691,Brooklyn
823,2024-12-31 06:00:00,3.4,0.0,0.0,0.0,0.0,5.9834766,276.91113,Brooklyn
824,2024-12-31 07:00:00,2.55,0.0,0.0,0.0,0.0,3.0758414,249.44386,Brooklyn
825,2024-12-31 08:00:00,2.8,0.0,0.0,0.0,0.0,4.6452556,215.53777,Brooklyn
826,2024-12-31 09:00:00,3.9,0.0,0.0,0.0,0.0,2.5071096,158.96242,Brooklyn
827,2024-12-31 10:00:00,5.8,0.0,0.0,0.0,0.0,1.9134263,131.18582,Brooklyn
828,2024-12-31 11:00:00,7.65,0.0,0.0,0.0,0.0,3.6,143.13002,Brooklyn
829,2024-12-31 12:00:00,8.55,0.0,0.0,0.0,0.0,6.3690495,132.70937,Brooklyn
830,2024-12-31 13:00:00,8.7,0.0,0.0,0.0,0.0,8.404285,133.26433,Brooklyn
831,2024-12-31 14:00:00,8.9,0.0,0.0,0.0,0.0,9.793059,126.027466,Brooklyn
832,2024-12-31 15:00:00,8.95,0.0,0.0,0.0,0.0,10.630672,118.30067,Brooklyn
833,2024-12-31 16:00:00,8.6,0.0,0.0,0.0,0.0,12.904882,112.98875,Brooklyn
834,2024-12-31 17:00:00,8.45,0.0,0.0,0.0,0.0,12.872201,110.46236,Brooklyn
835,2024-12-31 18:00:00,8.55,0.0,0.0,0.0,0.0,14.36621,105.25517,Brooklyn
836,2024-12-31 19:00:00,9.05,0.0,0.0,0.0,0.0,16.778666,99.26015,Brooklyn
837,2024-12-31 20:00:00,9.0,0.0,0.0,0.0,0.0,16.368128,81.78088,Brooklyn
838,2024-12-31 21:00:00,8.65,4.5,0.0,0.0,4.5,16.521805,82.487946,Brooklyn
839,2024-12-31 22:00:00,8.75,3.4,0.0,0.0,3.4,15.898188,74.23275,Brooklyn
840,2024-12-31 23:00:00,9.2,4.0,0.0,0.0,4.0,16.778666,99.26015,Brooklyn
841,2025-01-01 00:00:00,9.75,1.1,0.0,0.0,1.1,12.616702,137.89134,Brooklyn
842,2025-01-01 01:00:00,9.8,0.0,0.0,0.0,0.0,11.901798,176.53185,Brooklyn
843,2025-01-01 02:00:00,9.0,0.0,0.0,0.0,0.0,8.647496,182.3859,Brooklyn
844,2025-01-01 03:00:00,8.85,0.0,0.0,0.0,0.0,10.055864,224.27486,Brooklyn
845,2025-01-01 04:00:00,8.65,0.0,0.0,0.0,0.0,13.708391,246.80139,Brooklyn
846,2025-01-01 05:00:00,8.1,0.0,0.0,0.0,0.0,14.892213,262.35968,Brooklyn
847,2025-01-01 06:00:00,7.2,0.0,0.0,0.0,0.0,14.761098,269.30133,Brooklyn
848,2025-01-01 07:00:00,6.2,0.0,0.0,0.0,0.0,14.096425,264.8719,Brooklyn
849,2025-01-01 08:00:00,7.3,0.0,0.0,0.0,0.0,14.174356,252.25523,Brooklyn
850,2025-01-01 09:00:00,8.1,0.0,0.0,0.0,0.0,13.905509,248.74942,Brooklyn
851,2025-01-01 10:00:00,9.2,0.0,0.0,0.0,0.0,13.472372,247.20345,Brooklyn
852,2025-01-01 11:00:00,10.25,0.0,0.0,0.0,0.0,17.393066,263.46347,Brooklyn
853,2025-01-01 12:00:00,10.65,0.0,0.0,0.0,0.0,16.981165,265.13556,Brooklyn
854,2025-01-01 13:00:00,10.5,0.0,0.0,0.0,0.0,20.418695,260.8699,Brooklyn
855,2025-01-01 14:00:00,8.95,0.0,0.0,0.0,0.0,24.32665,280.22894,Brooklyn
856,2025-01-01 15:00:00,7.45,0.0,0.0,0.0,0.0,24.702005,292.26663,Brooklyn
857,2025-01-01 16:00:00,6.35,0.0,0.0,0.0,0.0,21.293324,287.20966,Brooklyn
858,2025-01-01 17:00:00,5.6,0.0,0.0,0.0,0.0,19.80409,281.00348,Brooklyn
859,2025-01-01 18:00:00,5.25,0.0,0.0,0.0,0.0,21.007626,282.36905,Brooklyn
860,2025-01-01 19:00:00,4.95,0.0,0.0,0.0,0.0,20.688257,280.52774,Brooklyn
861,2025-01-01 20:00:00,5.4,0.0,0.0,0.0,0.0,20.520788,283.18295,Brooklyn
862,2025-01-01 21:00:00,4.9,0.0,0.0,0.0,0.0,21.438898,285.0864,Brooklyn
863,2025-01-01 22:00:00,4.3,0.0,0.0,0.0,0.0,19.954037,283.03336,Brooklyn
864,2025-01-01 23:00:00,3.75,0.0,0.0,0.0,0.0,18.072754,275.14267,Brooklyn
865,2025-01-02 00:00:00,3.3,0.0,0.0,0.0,0.0,18.741621,272.75244,Brooklyn
866,2025-01-02 01:00:00,2.85,0.0,0.0,0.0,0.0,19.26084,270.53543,Brooklyn
867,2025-01-02 02:00:00,2.4,0.0,0.0,0.0,0.0,19.08085,269.4595,Brooklyn
868,2025-01-02 03:00:00,2.1,0.0,0.0,0.0,0.0,17.47484,267.63867,Brooklyn
869,2025-01-02 04:00:00,1.8,0.0,0.0,0.0,0.0,17.176563,264.58823,Brooklyn
870,2025-01-02 05:00:00,1.35,0.0,0.0,0.0,0.0,18.023384,261.38443,Brooklyn
871,2025-01-02 06:00:00,0.8,0.0,0.0,0.0,0.0,19.201874,263.5413,Brooklyn
872,2025-01-02 07:00:00,0.45,0.0,0.0,0.0,0.0,17.483181,267.0493,Brooklyn
873,2025-01-02 08:00:00,2.1,0.0,0.0,0.0,0.0,18.907713,268.36346,Brooklyn
874,2025-01-02 09:00:00,3.0,0.0,0.0,0.0,0.0,18.180891,270.56726,Brooklyn
875,2025-01-02 10:00:00,3.9,0.0,0.0,0.0,0.0,19.201874,263.5413,Brooklyn
876,2025-01-02 11:00:00,4.75,0.0,0.0,0.0,0.0,26.999998,286.26028,Brooklyn
877,2025-01-02 12:00:00,5.2,0.0,0.0,0.0,0.0,23.712223,285.40778,Brooklyn
878,2025-01-02 13:00:00,5.4,0.0,0.0,0.0,0.0,24.361258,284.54968,Brooklyn
879,2025-01-02 14:00:00,5.35,0.0,0.0,0.0,0.0,24.380533,274.65817,Brooklyn
880,2025-01-02 15:00:00,4.75,0.0,0.0,0.0,0.0,21.27734,273.39487,Brooklyn
881,2025-01-02 16:00:00,3.7,0.0,0.0,0.0,0.0,22.32653,277.4114,Brooklyn
882,2025-01-02 17:00:00,2.5,0.0,0.0,0.0,0.0,20.746902,278.4815,Brooklyn
883,2025-01-02 18:00:00,1.85,0.0,0.0,0.0,0.0,18.448023,275.59924,Brooklyn
884,2025-01-02 19:00:00,1.45,0.0,0.0,0.0,0.0,18.907713,271.63654,Brooklyn
885,2025-01-02 20:00:00,1.7,0.0,0.0,0.0,0.0,21.122215,265.60138,Brooklyn
886,2025-01-02 21:00:00,1.35,0.0,0.0,0.0,0.0,20.031824,265.87778,Brooklyn
887,2025-01-02 22:00:00,1.0,0.0,0.0,0.0,0.0,18.03237,266.56644,Brooklyn
888,2025-01-02 23:00:00,0.6,0.0,0.0,0.0,0.0,16.755476,267.53723,Brooklyn
889,2025-01-03 00:00:00,0.05,0.0,0.0,0.0,0.0,15.710607,265.4,Brooklyn
890,2025-01-03 01:00:00,-0.4,0.0,0.0,0.0,0.0,15.676542,272.6324,Brooklyn
891,2025-01-03 02:00:00,-0.6,0.0,0.0,0.0,0.0,16.443174,275.024,Brooklyn
892,2025-01-03 03:00:00,-0.8,0.0,0.0,0.0,0.0,16.919998,270.0,Brooklyn
893,2025-01-03 04:00:00,-1.0,0.0,0.0,0.0,0.0,16.56,270.0,Brooklyn
894,2025-01-03 05:00:00,-1.25,0.0,0.0,0.0,0.0,15.299999,270.0,Brooklyn
895,2025-01-03 06:00:00,-1.45,0.0,0.0,0.0,0.0,13.543131,265.42615,Brooklyn
896,2025-01-03 07:00:00,-1.6,0.0,0.0,0.0,0.0,13.138765,260.53775,Brooklyn
897,2025-01-03 08:00:00,-0.25,0.0,0.0,0.0,0.0,13.926464,255.78412,Brooklyn
898,2025-01-03 09:00:00,0.45,0.0,0.0,0.0,0.0,13.237039,247.61981,Brooklyn
899,2025-01-03 10:00:00,1.2,0.0,0.0,0.0,0.0,15.91041,248.07817,Brooklyn
900,2025-01-03 11:00:00,1.75,0.0,0.0,0.0,0.0,17.288435,255.52966,Brooklyn
901,2025-01-03 12:00:00,2.25,0.0,0.0,0.0,0.0,16.63126,260.028,Brooklyn
902,2025-01-03 13:00:00,2.7,0.0,0.0,0.0,0.0,15.986595,262.23492,Brooklyn
903,2025-01-03 14:00:00,3.05,0.0,0.0,0.0,0.0,17.214249,263.39526,Brooklyn
904,2025-01-03 15:00:00,3.05,0.0,0.0,0.0,0.0,15.890034,265.45203,Brooklyn
905,2025-01-03 16:00:00,2.8,0.0,0.0,0.0,0.0,12.016938,253.46509,Brooklyn
906,2025-01-03 17:00:00,2.1,0.0,0.0,0.0,0.0,11.897714,259.54013,Brooklyn
907,2025-01-03 18:00:00,1.9,0.0,0.0,0.0,0.0,11.481968,283.60056,Brooklyn
908,2025-01-03 19:00:00,1.3,0.0,0.0,0.0,0.0,11.207801,299.85892,Brooklyn
909,2025-01-03 20:00:00,-0.3,0.0,0.0,0.0,0.0,9.181765,268.8767,Brooklyn
910,2025-01-03 21:00:00,-0.7,0.0,0.0,0.0,0.0,12.144331,281.9761,Brooklyn
911,2025-01-03 22:00:00,-1.1,0.0,0.0,0.0,0.0,11.612441,288.99673,Brooklyn
912,2025-01-03 23:00:00,-1.5,0.0,0.0,0.0,0.0,12.20023,291.6445,Brooklyn
913,2025-01-04 00:00:00,-1.5,0.0,0.0,0.0,0.0,14.30632,291.39987,Brooklyn
914,2025-01-04 01:00:00,-1.75,0.0,0.0,0.0,0.0,15.539537,295.37772,Brooklyn
915,2025-01-04 02:00:00,-1.9,0.0,0.0,0.0,0.0,15.342294,292.05112,Brooklyn
916,2025-01-04 03:00:00,-1.7,0.0,0.0,0.0,0.0,15.206538,286.50443,Brooklyn
917,2025-01-04 04:00:00,-1.4,0.0,0.0,0.0,0.0,15.481046,293.28607,Brooklyn
918,2025-01-04 05:00:00,-1.55,0.0,0.0,0.0,0.0,17.483181,298.9399,Brooklyn
919,2025-01-04 06:00:00,-1.85,0.0,0.0,0.0,0.0,18.13003,299.10974,Brooklyn
920,2025-01-04 07:00:00,-2.05,0.0,0.0,0.0,0.0,18.921415,297.78384,Brooklyn
921,2025-01-04 08:00:00,-1.35,0.0,0.0,0.0,0.0,16.851885,283.59097,Brooklyn
922,2025-01-04 09:00:00,-0.5,0.0,0.0,0.0,0.0,17.085785,286.52588,Brooklyn
923,2025-01-04 10:00:00,0.0,0.0,0.0,0.0,0.0,22.50576,300.25635,Brooklyn
924,2025-01-04 11:00:00,-0.2,0.0,0.0,0.0,0.0,22.553934,294.51962,Brooklyn
925,2025-01-04 12:00:00,-0.2,0.0,0.0,0.0,0.0,23.34455,296.56497,Brooklyn
926,2025-01-04 13:00:00,0.0,0.0,0.0,0.0,0.0,25.772078,298.35486,Brooklyn
927,2025-01-04 14:00:00,0.1,0.0,0.0,0.0,0.0,26.165092,295.6836,Brooklyn
928,2025-01-04 15:00:00,-0.4,0.0,0.0,0.0,0.0,23.263912,291.80148,Brooklyn
929,2025-01-04 16:00:00,-0.8,0.0,0.0,0.0,0.0,19.255793,290.80685,Brooklyn
930,2025-01-04 17:00:00,-1.4,0.0,0.0,0.0,0.0,17.288435,284.47034,Brooklyn
931,2025-01-04 18:00:00,-1.6,0.0,0.0,0.0,0.0,17.050665,280.954,Brooklyn
932,2025-01-04 19:00:00,-2.0,0.0,0.0,0.0,0.0,16.966848,274.25876,Brooklyn
933,2025-01-04 20:00:00,-1.95,0.0,0.0,0.0,0.0,16.478603,263.729,Brooklyn
934,2025-01-04 21:00:00,-2.1,0.0,0.0,0.0,0.0,16.415567,266.22778,Brooklyn
935,2025-01-04 22:00:00,-2.4,0.0,0.0,0.0,0.0,16.560978,269.37726,Brooklyn
936,2025-01-04 23:00:00,-2.7,0.0,0.0,0.0,0.0,16.388899,268.11185,Brooklyn
937,2025-01-05 00:00:00,-2.9,0.0,0.0,0.0,0.0,16.607864,274.35098,Brooklyn
938,2025-01-05 01:00:00,-3.1,0.0,0.0,0.0,0.0,16.443174,275.024,Brooklyn
939,2025-01-05 02:00:00,-3.15,0.0,0.0,0.0,0.0,16.1017,275.77423,Brooklyn
940,2025-01-05 03:00:00,-3.3,0.0,0.0,0.0,0.0,14.949756,272.06998,Brooklyn
941,2025-01-05 04:00:00,-3.3,0.0,0.0,0.0,0.0,13.864674,271.48782,Brooklyn
942,2025-01-05 05:00:00,-3.25,0.0,0.0,0.0,0.0,13.324863,268.45187,Brooklyn
943,2025-01-05 06:00:00,-3.2,0.0,0.0,0.0,0.0,14.584445,268.5856,Brooklyn
944,2025-01-05 07:00:00,-3.2,0.0,0.0,0.0,0.0,14.410121,267.85245,Brooklyn
945,2025-01-05 08:00:00,-2.95,0.0,0.0,0.0,0.0,16.902758,262.04257,Brooklyn
946,2025-01-05 09:00:00,-2.35,0.0,0.0,0.0,0.0,17.688606,257.66092,Brooklyn
947,2025-01-05 10:00:00,-1.55,0.0,0.0,0.0,0.0,20.167229,271.5343,Brooklyn
948,2025-01-05 11:00:00,-0.85,0.0,0.0,0.0,0.0,21.711462,281.96204,Brooklyn
949,2025-01-05 12:00:00,-0.5,0.0,0.0,0.0,0.0,21.402597,288.13028,Brooklyn
950,2025-01-05 13:00:00,-0.2,0.0,0.0,0.0,0.0,21.863146,292.76505,Brooklyn
951,2025-01-05 14:00:00,0.3,0.0,0.0,0.0,0.0,20.933466,295.46332,Brooklyn
952,2025-01-05 15:00:00,0.3,0.0,0.0,0.0,0.0,18.971008,303.38855,Brooklyn
953,2025-01-05 16:00:00,-0.2,0.0,0.0,0.0,0.0,15.277749,304.43906,Brooklyn
954,2025-01-05 17:00:00,-1.2,0.0,0.0,0.0,0.0,14.480773,304.8754,Brooklyn
955,2025-01-05 18:00:00,-1.7,0.0,0.0,0.0,0.0,13.83192,288.19925,Brooklyn
956,2025-01-05 19:00:00,-1.9,0.0,0.0,0.0,0.0,14.241629,286.1444,Brooklyn
957,2025-01-05 20:00:00,-1.65,0.0,0.0,0.0,0.0,13.672893,286.04907,Brooklyn
958,2025-01-05 21:00:00,-1.8,0.0,0.0,0.0,0.0,12.049249,283.82867,Brooklyn
959,2025-01-05 22:00:00,-2.0,0.0,0.0,0.0,0.0,11.45513,278.13,Brooklyn
960,2025-01-05 23:00:00,-2.15,0.0,0.0,0.0,0.0,11.183201,273.6913,Brooklyn
961,2025-01-06 00:00:00,-2.4,0.0,0.0,0.0,0.0,11.165805,271.84756,Brooklyn
962,2025-01-06 01:00:00,-2.35,0.0,0.0,0.0,0.0,10.644379,273.87845,Brooklyn
963,2025-01-06 02:00:00,-2.3,0.0,0.0,0.0,0.0,9.47012,278.74606,Brooklyn
964,2025-01-06 03:00:00,-2.2,0.0,0.0,0.0,0.0,9.181765,268.8767,Brooklyn
965,2025-01-06 04:00:00,-2.25,0.0,0.0,0.0,0.0,6.698806,276.17007,Brooklyn
966,2025-01-06 05:00:00,-2.2,0.0,0.0,0.0,0.0,5.1197267,259.8754,Brooklyn
967,2025-01-06 06:00:00,-2.0,0.0,0.0,0.0,0.0,4.669604,242.44727,Brooklyn
968,2025-01-06 07:00:00,-1.8,0.0,0.0,0.0,0.0,3.6179552,264.2895,Brooklyn
969,2025-01-06 08:00:00,-1.8,0.0,0.0,0.0,0.0,4.1125174,246.80139,Brooklyn
970,2025-01-06 09:00:00,-1.8,0.0,0.07,0.0,0.1,2.8856194,266.42374,Brooklyn
971,2025-01-06 10:00:00,-1.6,0.0,0.14,0.0,0.2,1.4512063,352.87506,Brooklyn
972,2025-01-06 11:00:00,-1.7,0.0,0.28,0.0,0.4,2.5264204,4.085537,Brooklyn
973,2025-01-06 12:00:00,-1.9,0.0,0.42000002,0.01,0.6,3.7799997,360.0,Brooklyn
974,2025-01-06 13:00:00,-1.8,0.0,0.14,0.01,0.2,4.724786,17.744766,Brooklyn
975,2025-01-06 14:00:00,-1.8,0.0,0.07,0.01,0.1,5.020677,14.534496,Brooklyn
976,2025-01-06 15:00:00,-1.75,0.1,0.0,0.02,0.1,8.083983,11.5601,Brooklyn
977,2025-01-06 16:00:00,-1.6,0.0,0.0,0.02,0.0,9.605998,12.99463,Brooklyn
978,2025-01-06 17:00:00,-1.7,0.0,0.0,0.02,0.0,7.388775,2.7926505,Brooklyn
979,2025-01-06 18:00:00,-1.85,0.0,0.0,0.02,0.0,11.16145,359.07596,Brooklyn
980,2025-01-06 19:00:00,-2.7,0.0,0.0,0.02,0.0,11.341428,0.90936255,Brooklyn
981,2025-01-06 20:00:00,-3.25,0.0,0.0,0.02,0.0,13.619471,352.40543,Brooklyn
982,2025-01-06 21:00:00,-3.65,0.0,0.0,0.02,0.0,15.192682,346.293,Brooklyn
983,2025-01-06 22:00:00,-4.35,0.0,0.0,0.02,0.0,15.999762,342.99197,Brooklyn
984,2025-01-06 23:00:00,-5.1,0.0,0.07,0.02,0.1,17.570988,330.54642,Brooklyn
985,2025-01-07 00:00:00,-6.6,0.0,0.0,0.02,0.0,16.782528,321.5321,Brooklyn
986,2025-01-07 01:00:00,-7.65,0.0,0.0,0.02,0.0,18.971008,326.61145,Brooklyn
987,2025-01-07 02:00:00,-8.35,0.0,0.0,0.02,0.0,19.652176,331.55716,Brooklyn
988,2025-01-07 03:00:00,-8.6,0.0,0.0,0.02,0.0,21.335884,332.3541,Brooklyn
989,2025-01-07 04:00:00,-8.25,0.0,0.0,0.02,0.0,17.57744,325.0079,Brooklyn
990,2025-01-07 05:00:00,-7.65,0.0,0.0,0.02,0.0,16.165964,322.23685,Brooklyn
991,2025-01-07 06:00:00,-7.35,0.0,0.0,0.02,0.0,14.410121,311.45514,Brooklyn
992,2025-01-07 07:00:00,-6.8,0.0,0.0,0.02,0.0,16.974487,304.19565,Brooklyn
993,2025-01-07 08:00:00,-6.05,0.0,0.0,0.02,0.0,19.240644,297.28412,Brooklyn
994,2025-01-07 09:00:00,-5.45,0.0,0.0,0.02,0.0,21.655428,297.20392,Brooklyn
995,2025-01-07 10:00:00,-4.65,0.0,0.0,0.01,0.0,21.1896,298.95996,Brooklyn
996,2025-01-07 11:00:00,-4.3,0.0,0.0,0.01,0.0,32.048088,308.15726,Brooklyn
997,2025-01-07 12:00:00,-3.6,0.0,0.0,0.01,0.0,26.886963,296.2219,Brooklyn
998,2025-01-07 13:00:00,-3.15,0.0,0.0,0.01,0.0,30.28336,309.9363,Brooklyn
999,2025-01-07 14:00:00,-2.75,0.0,0.0,0.01,0.0,25.076267,309.17365,Brooklyn
1000,2025-01-07 15:00:00,-2.7,0.0,0.0,0.01,0.0,26.596178,309.50766,Brooklyn
1001,2025-01-07 16:00:00,-3.15,0.0,0.0,0.01,0.0,28.373846,305.7068,Brooklyn
1002,2025-01-07 17:00:00,-3.3,0.0,0.0,0.01,0.0,25.308409,307.19598,Brooklyn
1003,2025-01-07 18:00:00,-3.45,0.0,0.0,0.01,0.0,27.66384,304.931,Brooklyn
1004,2025-01-07 19:00:00,-3.5,0.0,0.0,0.01,0.0,23.277834,301.72354,Brooklyn
1005,2025-01-07 20:00:00,-2.75,0.0,0.0,0.01,0.0,20.022118,292.18405,Brooklyn
1006,2025-01-07 21:00:00,-3.2,0.0,0.0,0.01,0.0,18.38557,288.25766,Brooklyn
1007,2025-01-07 22:00:00,-3.4,0.0,0.0,0.01,0.0,16.22498,289.44012,Brooklyn
1008,2025-01-07 23:00:00,-3.55,0.0,0.0,0.01,0.0,16.794106,289.40607,Brooklyn
1009,2025-01-08 00:00:00,-3.6,0.0,0.0,0.01,0.0,17.790886,297.08347,Brooklyn
1010,2025-01-08 01:00:00,-3.85,0.0,0.0,0.01,0.0,19.233065,301.60745,Brooklyn
1011,2025-01-08 02:00:00,-3.9,0.0,0.0,0.01,0.0,19.8376,306.14212,Brooklyn
1012,2025-01-08 03:00:00,-4.1,0.0,0.0,0.01,0.0,19.878391,305.4171,Brooklyn
1013,2025-01-08 04:00:00,-4.3,0.0,0.0,0.01,0.0,18.624563,304.76526,Brooklyn
1014,2025-01-08 05:00:00,-4.3,0.0,0.0,0.01,0.0,18.13003,299.10974,Brooklyn
1015,2025-01-08 06:00:00,-4.3,0.0,0.0,0.01,0.0,17.951334,296.8219,Brooklyn
1016,2025-01-08 07:00:00,-4.65,0.0,0.0,0.01,0.0,16.985933,297.10803,Brooklyn
1017,2025-01-08 08:00:00,-4.0,0.0,0.0,0.01,0.0,17.325874,299.22797,Brooklyn
1018,2025-01-08 09:00:00,-3.35,0.0,0.0,0.01,0.0,22.151703,308.73254,Brooklyn
1019,2025-01-08 10:00:00,-2.9,0.0,0.0,0.01,0.0,21.145979,300.71277,Brooklyn
1020,2025-01-08 11:00:00,-2.6,0.0,0.0,0.01,0.0,20.688257,296.34204,Brooklyn
1021,2025-01-08 12:00:00,-2.4,0.0,0.0,0.01,0.0,25.52004,297.2879,Brooklyn
1022,2025-01-08 13:00:00,-2.4,0.0,0.0,0.01,0.0,25.03618,296.01233,Brooklyn
1023,2025-01-08 14:00:00,-2.6,0.0,0.0,0.01,0.0,26.504656,298.82776,Brooklyn
1024,2025-01-08 15:00:00,-3.0,0.0,0.0,0.01,0.0,24.71512,297.31143,Brooklyn
1025,2025-01-08 16:00:00,-3.9,0.0,0.0,0.01,0.0,22.956175,298.57452,Brooklyn
1026,2025-01-08 17:00:00,-5.05,0.0,0.0,0.01,0.0,20.850496,297.2286,Brooklyn
1027,2025-01-08 18:00:00,-5.85,0.0,0.0,0.01,0.0,21.090746,296.34628,Brooklyn
1028,2025-01-08 19:00:00,-6.25,0.0,0.0,0.0,0.0,19.73854,294.22772,Brooklyn
1029,2025-01-08 20:00:00,-5.2,0.0,0.0,0.0,0.0,20.945072,294.36243,Brooklyn
1030,2025-01-08 21:00:00,-5.65,0.0,0.0,0.0,0.0,20.326454,292.93213,Brooklyn
1031,2025-01-08 22:00:00,-6.0,0.0,0.0,0.0,0.0,19.751667,288.60016,Brooklyn
1032,2025-01-08 23:00:00,-6.2,0.0,0.0,0.0,0.0,21.004541,287.96924,Brooklyn
1033,2025-01-09 00:00:00,-6.3,0.0,0.0,0.0,0.0,22.695707,291.88583,Brooklyn
1034,2025-01-09 01:00:00,-6.55,0.0,0.0,0.0,0.0,22.226902,294.90472,Brooklyn
1035,2025-01-09 02:00:00,-6.25,0.0,0.0,0.0,0.0,22.7812,296.76743,Brooklyn
1036,2025-01-09 03:00:00,-6.0,0.0,0.0,0.0,0.0,21.794127,300.80136,Brooklyn
1037,2025-01-09 04:00:00,-5.9,0.0,0.0,0.0,0.0,20.486023,306.06445,Brooklyn
1038,2025-01-09 05:00:00,-5.6,0.0,0.0,0.0,0.0,22.392464,306.50153,Brooklyn
1039,2025-01-09 06:00:00,-5.85,0.0,0.0,0.0,0.0,22.517992,304.57935,Brooklyn
1040,2025-01-09 07:00:00,-5.8,0.0,0.0,0.0,0.0,21.928993,305.6471,Brooklyn
1041,2025-01-09 08:00:00,-4.65,0.0,0.0,0.0,0.0,24.162947,303.45334,Brooklyn
1042,2025-01-09 09:00:00,-4.1,0.0,0.0,0.0,0.0,21.575987,295.7099,Brooklyn
1043,2025-01-09 10:00:00,-3.65,0.0,0.0,0.0,0.0,25.189713,300.96368,Brooklyn
1044,2025-01-09 11:00:00,-3.0,0.0,0.0,0.0,0.0,24.37721,305.6853,Brooklyn
1045,2025-01-09 12:00:00,-2.05,0.0,0.0,0.0,0.0,26.115513,308.84485,Brooklyn
1046,2025-01-09 13:00:00,-1.5,0.0,0.0,0.0,0.0,26.892385,312.01562,Brooklyn
1047,2025-01-09 14:00:00,-1.5,0.0,0.0,0.0,0.0,26.85863,314.18552,Brooklyn
1048,2025-01-09 15:00:00,-2.15,0.0,0.0,0.0,0.0,26.475302,314.44916,Brooklyn
1049,2025-01-09 16:00:00,-3.0,0.0,0.0,0.0,0.0,24.485292,311.42358,Brooklyn
1050,2025-01-09 17:00:00,-3.25,0.0,0.0,0.0,0.0,26.435497,319.69498,Brooklyn
1051,2025-01-09 18:00:00,-3.55,0.0,0.0,0.0,0.0,25.12854,318.77554,Brooklyn
1052,2025-01-09 19:00:00,-3.4,0.0,0.0,0.0,0.0,25.460934,316.14566,Brooklyn
1053,2025-01-09 20:00:00,-2.2,0.0,0.0,0.0,0.0,23.300787,316.565,Brooklyn
1054,2025-01-09 21:00:00,-2.0,0.0,0.0,0.0,0.0,22.707127,318.8569,Brooklyn
1055,2025-01-09 22:00:00,-1.95,0.0,0.0,0.0,0.0,22.081387,319.2975,Brooklyn
1056,2025-01-09 23:00:00,-2.1,0.0,0.0,0.0,0.0,21.928995,318.32748,Brooklyn
1057,2025-01-10 00:00:00,-2.45,0.0,0.0,0.0,0.0,21.256008,314.65695,Brooklyn
1058,2025-01-10 01:00:00,-2.75,0.0,0.0,0.0,0.0,21.407139,317.72638,Brooklyn
1059,2025-01-10 02:00:00,-3.0,0.0,0.0,0.0,0.0,20.95203,323.0316,Brooklyn
1060,2025-01-10 03:00:00,-3.1,0.0,0.0,0.0,0.0,19.881649,317.93573,Brooklyn
1061,2025-01-10 04:00:00,-3.3,0.0,0.0,0.0,0.0,18.171976,326.3099,Brooklyn
1062,2025-01-10 05:00:00,-3.4,0.0,0.0,0.0,0.0,17.673029,326.6336,Brooklyn
1063,2025-01-10 06:00:00,-3.35,0.0,0.0,0.0,0.0,17.179394,324.8112,Brooklyn
1064,2025-01-10 07:00:00,-3.5,0.0,0.0,0.0,0.0,16.848038,323.25244,Brooklyn
1065,2025-01-10 08:00:00,-2.6,0.0,0.0,0.0,0.0,17.183167,315.42435,Brooklyn
1066,2025-01-10 09:00:00,-1.3,0.0,0.0,0.0,0.0,14.128566,314.48392,Brooklyn
1067,2025-01-10 10:00:00,-0.5,0.0,0.0,0.0,0.0,14.291592,319.0857,Brooklyn
1068,2025-01-10 11:00:00,0.9,0.0,0.0,0.0,0.0,12.346741,315.59058,Brooklyn
1069,2025-01-10 12:00:00,2.1,0.0,0.0,0.0,0.0,12.738099,317.29062,Brooklyn
1070,2025-01-10 13:00:00,2.95,0.0,0.0,0.0,0.0,12.496718,311.49637,Brooklyn
1071,2025-01-10 14:00:00,3.25,0.0,0.0,0.0,0.0,11.952054,307.04254,Brooklyn
1072,2025-01-10 15:00:00,3.05,0.0,0.0,0.0,0.0,11.203464,293.6821,Brooklyn
1073,2025-01-10 16:00:00,2.3,0.0,0.0,0.0,0.0,8.461915,293.83875,Brooklyn
1074,2025-01-10 17:00:00,1.35,0.0,0.0,0.0,0.0,7.771331,283.39252,Brooklyn
1075,2025-01-10 18:00:00,0.5,0.0,0.0,0.0,0.0,7.3469996,300.96368,Brooklyn
1076,2025-01-10 19:00:00,-0.2,0.0,0.0,0.0,0.0,9.6480665,284.03625,Brooklyn
1077,2025-01-10 20:00:00,0.6,0.0,0.0,0.0,0.0,7.628263,289.29013,Brooklyn
1078,2025-01-10 21:00:00,0.2,0.0,0.0,0.0,0.0,6.898956,277.49576,Brooklyn
1079,2025-01-10 22:00:00,0.0,0.0,0.0,0.0,0.0,4.91634,293.7495,Brooklyn
1080,2025-01-10 23:00:00,-0.25,0.0,0.07,0.0,0.1,3.4152596,288.43503,Brooklyn
1081,2025-01-11 00:00:00,-0.5,0.0,0.0,0.0,0.0,5.1481256,233.53067,Brooklyn
1082,2025-01-11 01:00:00,-0.55,0.0,0.0,0.0,0.0,6.297428,239.03632,Brooklyn
1083,2025-01-11 02:00:00,-0.85,0.0,0.14,0.0,0.2,3.550155,210.46547,Brooklyn
1084,2025-01-11 03:00:00,-1.1,0.0,0.07,0.0,0.1,7.056826,217.74687,Brooklyn
1085,2025-01-11 04:00:00,-1.55,0.0,0.21000001,0.0,0.3,8.067936,218.65984,Brooklyn
1086,2025-01-11 05:00:00,-2.05,0.0,0.42000002,0.0,0.6,5.5829024,249.22766,Brooklyn
1087,2025-01-11 06:00:00,-2.65,0.099999994,0.21000001,0.0,0.4,2.5772078,257.90524,Brooklyn
1088,2025-01-11 07:00:00,-2.8,0.0,0.07,0.0,0.1,2.9301877,259.3804,Brooklyn
1089,2025-01-11 08:00:00,-2.5,0.0,0.0,0.0,0.0,4.327493,286.92758,Brooklyn
1090,2025-01-11 09:00:00,-2.15,0.0,0.0,0.0,0.0,4.991553,295.64096,Brooklyn
1091,2025-01-11 10:00:00,-1.2,0.0,0.0,0.0,0.0,5.9427266,305.13428,Brooklyn
1092,2025-01-11 11:00:00,-0.45,0.0,0.0,0.0,0.0,10.04458,323.74606,Brooklyn
1093,2025-01-11 12:00:00,0.05,0.0,0.0,0.0,0.0,12.136325,324.65982,Brooklyn
1094,2025-01-11 13:00:00,0.15,0.0,0.0,0.0,0.0,13.036026,324.5542,Brooklyn
1095,2025-01-11 14:00:00,0.45,0.0,0.0,0.0,0.0,15.94804,323.25934,Brooklyn
1096,2025-01-11 15:00:00,0.45,0.0,0.0,0.0,0.0,14.731435,324.95053,Brooklyn
1097,2025-01-11 16:00:00,0.35,0.0,0.0,0.0,0.0,11.966954,313.7812,Brooklyn
1098,2025-01-11 17:00:00,-0.1,0.0,0.0,0.0,0.0,16.363178,309.64413,Brooklyn
1099,2025-01-11 18:00:00,-0.75,0.0,0.0,0.0,0.0,16.037182,315.0001,Brooklyn
1100,2025-01-11 19:00:00,-1.8,0.0,0.0,0.0,0.0,16.966848,318.87134,Brooklyn
1101,2025-01-11 20:00:00,-1.15,0.0,0.0,0.0,0.0,17.69593,313.76367,Brooklyn
1102,2025-01-11 21:00:00,-1.4,0.0,0.0,0.0,0.0,18.089775,317.41956,Brooklyn
1103,2025-01-11 22:00:00,-1.5,0.0,0.0,0.0,0.0,17.654688,320.79282,Brooklyn
1104,2025-01-11 23:00:00,-1.5,0.0,0.0,0.0,0.0,15.349684,320.7106,Brooklyn
1105,2025-01-12 00:00:00,-1.45,0.0,0.0,0.0,0.0,14.480773,325.1246,Brooklyn
1106,2025-01-12 01:00:00,-1.3,0.0,0.0,0.0,0.0,13.5,323.13,Brooklyn
1107,2025-01-12 02:00:00,-0.9,0.0,0.0,0.0,0.0,11.782784,325.58157,Brooklyn
1108,2025-01-12 03:00:00,-0.75,0.0,0.0,0.0,0.0,10.464797,319.18503,Brooklyn
1109,2025-01-12 04:00:00,-0.9,0.0,0.0,0.0,0.0,10.228373,298.36896,Brooklyn
1110,2025-01-12 05:00:00,-1.1,0.0,0.0,0.0,0.0,10.650465,300.46545,Brooklyn
1111,2025-01-12 06:00:00,-1.3,0.0,0.0,0.0,0.0,10.120099,321.49933,Brooklyn
1112,2025-01-12 07:00:00,-1.7,0.0,0.0,0.0,0.0,7.3997297,318.94528,Brooklyn
1113,2025-01-12 08:00:00,-1.15,0.0,0.0,0.0,0.0,7.729527,297.75842,Brooklyn
1114,2025-01-12 09:00:00,0.4,0.0,0.0,0.0,0.0,8.913181,313.36346,Brooklyn
1115,2025-01-12 10:00:00,1.95,0.0,0.0,0.0,0.0,8.281956,312.3574,Brooklyn
1116,2025-01-12 11:00:00,2.75,0.0,0.0,0.0,0.0,8.996398,289.88525,Brooklyn
1117,2025-01-12 12:00:00,3.9,0.0,0.0,0.0,0.0,11.500296,320.07965,Brooklyn
1118,2025-01-12 13:00:00,4.55,0.0,0.0,0.0,0.0,10.766949,308.21106,Brooklyn
1119,2025-01-12 14:00:00,4.7,0.0,0.0,0.0,0.0,9.54,301.89075,Brooklyn
1120,2025-01-12 15:00:00,4.7,0.0,0.0,0.0,0.0,8.161764,311.42358,Brooklyn
1121,2025-01-12 16:00:00,3.8,0.0,0.0,0.0,0.0,4.724786,342.25522,Brooklyn
1122,2025-01-12 17:00:00,2.0,0.0,0.0,0.0,0.0,1.609969,333.43503,Brooklyn
1123,2025-01-12 18:00:00,1.35,0.0,0.0,0.0,0.0,1.609969,243.43501,Brooklyn
1124,2025-01-12 19:00:00,0.65,0.0,0.0,0.0,0.0,1.8089776,264.2895,Brooklyn
1125,2025-01-12 20:00:00,0.8,0.0,0.0,0.0,0.0,5.318383,293.9625,Brooklyn
1126,2025-01-12 21:00:00,-0.05,0.0,0.0,0.0,0.0,3.671294,281.3099,Brooklyn
1127,2025-01-12 22:00:00,-0.15,0.0,0.0,0.0,0.0,4.3536186,240.2552,Brooklyn
1128,2025-01-12 23:00:00,0.35,0.0,0.0,0.0,0.0,5.509882,231.63248,Brooklyn
1129,2025-01-13 00:00:00,0.6,0.0,0.0,0.0,0.0,6.9480934,233.42688,Brooklyn
1130,2025-01-13 01:00:00,0.7,0.0,0.0,0.0,0.0,7.841887,238.13406,Brooklyn
1131,2025-01-13 02:00:00,0.25,0.0,0.0,0.0,0.0,7.386582,226.97493,Brooklyn
1132,2025-01-13 03:00:00,0.1,0.0,0.0,0.0,0.0,7.674842,230.7106,Brooklyn
1133,2025-01-13 04:00:00,-0.2,0.0,0.0,0.0,0.0,7.6409945,226.90913,Brooklyn
1134,2025-01-13 05:00:00,-0.5,0.0,0.0,0.0,0.0,8.805294,220.85529,Brooklyn
1135,2025-01-13 06:00:00,-0.65,0.0,0.0,0.0,0.0,9.931042,223.53127,Brooklyn
1136,2025-01-13 07:00:00,-0.9,0.0,0.0,0.0,0.0,9.867218,231.66663,Brooklyn
1137,2025-01-13 08:00:00,-0.5,0.0,0.0,0.0,0.0,10.296251,233.53067,Brooklyn
1138,2025-01-13 09:00:00,0.5,0.0,0.0,0.0,0.0,8.209263,232.12495,Brooklyn
1139,2025-01-13 10:00:00,1.55,0.0,0.0,0.0,0.0,8.320986,231.14662,Brooklyn
1140,2025-01-13 11:00:00,2.5,0.0,0.0,0.0,0.0,8.043805,229.53786,Brooklyn
1141,2025-01-13 12:00:00,3.05,0.0,0.0,0.0,0.0,8.4963045,216.38445,Brooklyn
1142,2025-01-13 13:00:00,4.8,0.0,0.0,0.0,0.0,10.560341,209.62366,Brooklyn
1143,2025-01-13 14:00:00,6.0,0.0,0.0,0.0,0.0,13.392774,233.74606,Brooklyn
1144,2025-01-13 15:00:00,6.3,0.0,0.0,0.0,0.0,19.424158,262.5458,Brooklyn
1145,2025-01-13 16:00:00,5.25,0.0,0.0,0.0,0.0,18.307867,263.22443,Brooklyn
1146,2025-01-13 17:00:00,3.8,0.0,0.0,0.0,0.0,18.360882,269.4383,Brooklyn
1147,2025-01-13 18:00:00,2.75,0.0,0.0,0.0,0.0,13.1412325,269.21518,Brooklyn
1148,2025-01-13 19:00:00,1.75,0.0,0.0,0.0,0.0,12.483749,264.2073,Brooklyn
1149,2025-01-13 20:00:00,1.8,0.0,0.0,0.0,0.0,12.758432,253.61038,Brooklyn
1150,2025-01-13 21:00:00,1.2,0.0,0.0,0.0,0.0,13.039754,263.6599,Brooklyn
1151,2025-01-13 22:00:00,1.1,0.0,0.0,0.0,0.0,14.813682,265.12082,Brooklyn
1152,2025-01-13 23:00:00,0.65,0.0,0.0,0.0,0.0,13.979871,281.88864,Brooklyn
1153,2025-01-14 00:00:00,0.0,0.0,0.0,0.0,0.0,10.495713,300.96368,Brooklyn
1154,2025-01-14 01:00:00,-0.65,0.0,0.0,0.0,0.0,9.965239,290.07162,Brooklyn
1155,2025-01-14 02:00:00,-1.3,0.0,0.0,0.0,0.0,9.627896,290.80685,Brooklyn
1156,2025-01-14 03:00:00,-1.8,0.0,0.0,0.0,0.0,9.54,301.89075,Brooklyn
1157,2025-01-14 04:00:00,-2.15,0.0,0.0,0.0,0.0,10.120099,308.50067,Brooklyn
1158,2025-01-14 05:00:00,-2.5,0.0,0.0,0.0,0.0,10.897063,300.80136,Brooklyn
1159,2025-01-14 06:00:00,-2.9,0.0,0.0,0.0,0.0,12.879752,296.56497,Brooklyn
1160,2025-01-14 07:00:00,-3.3,0.0,0.0,0.0,0.0,15.611304,290.94272,Brooklyn
1161,2025-01-14 08:00:00,-2.5,0.0,0.0,0.0,0.0,17.035456,285.94547,Brooklyn
1162,2025-01-14 09:00:00,-2.1,0.0,0.0,0.0,0.0,17.419127,283.74905,Brooklyn
1163,2025-01-14 10:00:00,-1.5,0.0,0.0,0.0,0.0,20.122196,291.51596,Brooklyn
1164,2025-01-14 11:00:00,-1.2,0.0,0.0,0.0,0.0,21.733088,301.452,Brooklyn
1165,2025-01-14 12:00:00,-0.6,0.0,0.0,0.0,0.0,20.320877,304.53473,Brooklyn
1166,2025-01-14 13:00:00,0.0,0.0,0.0,0.0,0.0,20.366266,296.79144,Brooklyn
1167,2025-01-14 14:00:00,-0.05,0.0,0.0,0.0,0.0,18.345877,285.94547,Brooklyn
1168,2025-01-14 15:00:00,0.35,0.0,0.0,0.0,0.0,17.423777,289.93262,Brooklyn
1169,2025-01-14 16:00:00,-0.1,0.0,0.0,0.0,0.0,15.287288,282.23608,Brooklyn
1170,2025-01-14 17:00:00,-1.2,0.0,0.0,0.0,0.0,13.737904,275.2623,Brooklyn
1171,2025-01-14 18:00:00,-1.85,0.0,0.0,0.0,0.0,14.830076,275.5721,Brooklyn
1172,2025-01-14 19:00:00,-2.2,0.0,0.0,0.0,0.0,14.311981,276.49924,Brooklyn
1173,2025-01-14 20:00:00,-2.05,0.0,0.0,0.0,0.0,14.597767,272.82706,Brooklyn
1174,2025-01-14 21:00:00,-2.4,0.0,0.0,0.0,0.0,15.03835,281.0409,Brooklyn
1175,2025-01-14 22:00:00,-2.6,0.0,0.0,0.0,0.0,14.810401,290.63763,Brooklyn
1176,2025-01-14 23:00:00,-2.7,0.0,0.0,0.0,0.0,16.635157,305.75397,Brooklyn
1177,2025-01-15 00:00:00,-3.85,0.0,0.0,0.0,0.0,17.95765,298.10617,Brooklyn
1178,2025-01-15 01:00:00,-4.45,0.0,0.0,0.0,0.0,16.670176,294.90475,Brooklyn
1179,2025-01-15 02:00:00,-4.85,0.0,0.0,0.0,0.0,19.233065,301.60745,Brooklyn
1180,2025-01-15 03:00:00,-5.1,0.0,0.0,0.0,0.0,17.922432,303.5305,Brooklyn
1181,2025-01-15 04:00:00,-5.25,0.0,0.0,0.01,0.0,17.623463,304.17703,Brooklyn
1182,2025-01-15 05:00:00,-5.35,0.0,0.0,0.01,0.0,16.985933,297.10803,Brooklyn
1183,2025-01-15 06:00:00,-5.05,0.0,0.0,0.01,0.0,15.941944,295.40768,Brooklyn
1184,2025-01-15 07:00:00,-4.8,0.0,0.0,0.01,0.0,15.743569,300.96368,Brooklyn
1185,2025-01-15 08:00:00,-4.3,0.0,0.0,0.01,0.0,17.194475,300.8608,Brooklyn
1186,2025-01-15 09:00:00,-3.3,0.0,0.0,0.01,0.0,16.645864,291.57138,Brooklyn
1187,2025-01-15 10:00:00,-2.1,0.0,0.0,0.01,0.0,22.471903,319.54813,Brooklyn
1188,2025-01-15 11:00:00,-1.5,0.0,0.0,0.01,0.0,22.406927,316.30188,Brooklyn
1189,2025-01-15 12:00:00,-1.25,0.0,0.0,0.01,0.0,22.291674,312.70938,Brooklyn
1190,2025-01-15 13:00:00,-1.2,0.0,0.0,0.01,0.0,23.42076,315.62268,Brooklyn
1191,2025-01-15 14:00:00,-1.1,0.0,0.0,0.01,0.0,20.875343,314.3014,Brooklyn
1192,2025-01-15 15:00:00,-1.25,0.0,0.0,0.01,0.0,19.983242,314.6351,Brooklyn
1193,2025-01-15 16:00:00,-1.6,0.0,0.0,0.01,0.0,19.85556,315.0001,Brooklyn
1194,2025-01-15 17:00:00,-2.35,0.0,0.0,0.01,0.0,14.410121,311.45514,Brooklyn
1195,2025-01-15 18:00:00,-2.8,0.0,0.0,0.01,0.0,13.493999,313.91916,Brooklyn
1196,2025-01-15 19:00:00,-3.05,0.0,0.0,0.01,0.0,10.908951,322.3737,Brooklyn
1197,2025-01-15 20:00:00,-2.6,0.0,0.0,0.01,0.0,11.843124,316.8476,Brooklyn
1198,2025-01-15 21:00:00,-2.85,0.0,0.0,0.01,0.0,9.9408245,312.06424,Brooklyn
1199,2025-01-15 22:00:00,-3.05,0.0,0.0,0.01,0.0,7.5170207,286.6993,Brooklyn
1200,2025-01-15 23:00:00,-3.2,0.0,0.0,0.01,0.0,6.698806,263.82993,Brooklyn
1201,2025-01-16 00:00:00,-3.25,0.0,0.0,0.01,0.0,8.083983,258.4399,Brooklyn
1202,2025-01-16 01:00:00,-3.05,0.0,0.0,0.01,0.0,8.085988,253.17851,Brooklyn
1203,2025-01-16 02:00:00,-2.75,0.0,0.0,0.01,0.0,8.936777,251.20001,Brooklyn
1204,2025-01-16 03:00:00,-3.1,0.0,0.0,0.01,0.0,11.901798,266.53183,Brooklyn
1205,2025-01-16 04:00:00,-3.75,0.0,0.0,0.01,0.0,10.8029995,280.56094,Brooklyn
1206,2025-01-16 05:00:00,-4.25,0.0,0.0,0.01,0.0,8.647496,272.3859,Brooklyn
1207,2025-01-16 06:00:00,-4.75,0.0,0.0,0.01,0.0,8.11798,266.186,Brooklyn
1208,2025-01-16 07:00:00,-5.25,0.0,0.0,0.01,0.0,7.9465466,256.9081,Brooklyn
1209,2025-01-16 08:00:00,-5.7,0.0,0.0,0.01,0.0,9.430695,246.3706,Brooklyn
1210,2025-01-16 09:00:00,-4.9,0.0,0.0,0.01,0.0,9.059205,249.04414,Brooklyn
1211,2025-01-16 10:00:00,-3.75,0.0,0.0,0.01,0.0,8.699793,245.55606,Brooklyn
1212,2025-01-16 11:00:00,-2.7,0.0,0.0,0.01,0.0,8.783189,225.83023,Brooklyn
1213,2025-01-16 12:00:00,-1.8,0.0,0.0,0.01,0.0,10.825469,222.97864,Brooklyn
1214,2025-01-16 13:00:00,-0.95,0.0,0.0,0.01,0.0,11.161451,217.794,Brooklyn
1215,2025-01-16 14:00:00,-1.1,0.0,0.0,0.01,0.0,11.334285,223.06943,Brooklyn
1216,2025-01-16 15:00:00,-1.15,0.0,0.0,0.01,0.0,11.328566,225.64366,Brooklyn
1217,2025-01-16 16:00:00,-1.6,0.0,0.07,0.01,0.1,9.422101,226.54811,Brooklyn
1218,2025-01-16 17:00:00,-1.8,0.0,0.07,0.01,0.1,6.4924874,226.12321,Brooklyn
1219,2025-01-16 18:00:00,-1.7,0.0,0.0,0.01,0.0,5.3517847,227.72638,Brooklyn
1220,2025-01-16 19:00:00,-1.7,0.0,0.0,0.01,0.0,7.4520864,232.85323,Brooklyn
1221,2025-01-16 20:00:00,-2.1,0.0,0.07,0.01,0.1,9.5416975,234.21094,Brooklyn
1222,2025-01-16 21:00:00,-2.4,0.0,0.07,0.01,0.1,9.4238205,241.47697,Brooklyn
1223,2025-01-16 22:00:00,-2.65,0.0,0.0,0.01,0.0,9.6228485,262.47626,Brooklyn
1224,2025-01-16 23:00:00,-2.7,0.0,0.0,0.01,0.0,9.36173,268.89832,Brooklyn
1225,2025-01-17 00:00:00,-3.35,0.0,0.0,0.01,0.0,8.885877,276.98096,Brooklyn
1226,2025-01-17 01:00:00,-3.55,0.0,0.0,0.01,0.0,8.909545,278.13,Brooklyn
1227,2025-01-17 02:00:00,-3.9,0.0,0.0,0.01,0.0,9.172938,285.94547,Brooklyn
1228,2025-01-17 03:00:00,-4.05,0.0,0.0,0.01,0.0,8.2584505,286.46008,Brooklyn
1229,2025-01-17 04:00:00,-4.25,0.0,0.0,0.01,0.0,8.085988,286.8215,Brooklyn
1230,2025-01-17 05:00:00,-4.35,0.0,0.0,0.01,0.0,8.604301,285.78082,Brooklyn
1231,2025-01-17 06:00:00,-4.25,0.0,0.0,0.01,0.0,10.070353,298.85556,Brooklyn
1232,2025-01-17 07:00:00,-4.05,0.0,0.0,0.01,0.0,9.693296,301.32864,Brooklyn
1233,2025-01-17 08:00:00,-3.85,0.0,0.0,0.01,0.0,8.613709,280.84027,Brooklyn
1234,2025-01-17 09:00:00,-2.35,0.0,0.0,0.01,0.0,7.562142,271.3639,Brooklyn
1235,2025-01-17 10:00:00,-0.15,0.0,0.0,0.01,0.0,6.6624317,268.45187,Brooklyn
1236,2025-01-17 11:00:00,1.6,0.0,0.0,0.01,0.0,7.42159,255.96373,Brooklyn
1237,2025-01-17 12:00:00,2.8,0.0,0.0,0.01,0.0,7.4867883,242.81897,Brooklyn
1238,2025-01-17 13:00:00,3.6,0.0,0.0,0.01,0.0,8.297589,257.4712,Brooklyn
1239,2025-01-17 14:00:00,4.65,0.0,0.0,0.01,0.0,9.726665,267.87894,Brooklyn
1240,2025-01-17 15:00:00,4.75,0.0,0.0,0.01,0.0,7.229191,251.11382,Brooklyn
1241,2025-01-17 16:00:00,4.05,0.0,0.0,0.01,0.0,6.7853074,201.80147,Brooklyn
1242,2025-01-17 17:00:00,2.8,0.0,0.0,0.01,0.0,8.836514,213.36638,Brooklyn
1243,2025-01-17 18:00:00,2.35,0.0,0.0,0.01,0.0,8.39078,215.39488,Brooklyn
1244,2025-01-17 19:00:00,2.05,0.0,0.0,0.01,0.0,10.474082,199.0578,Brooklyn
1245,2025-01-17 20:00:00,2.0,0.0,0.0,0.01,0.0,8.287822,182.4895,Brooklyn
1246,2025-01-17 21:00:00,1.45,0.0,0.0,0.01,0.0,10.261579,201.61484,Brooklyn
1247,2025-01-17 22:00:00,1.4,0.0,0.0,0.01,0.0,12.007498,203.87529,Brooklyn
1248,2025-01-17 23:00:00,0.8,0.0,0.0,0.01,0.0,12.16832,209.21915,Brooklyn
1249,2025-01-18 00:00:00,0.35,0.0,0.0,0.01,0.0,12.011544,209.63829,Brooklyn
1250,2025-01-18 01:00:00,0.15,0.0,0.0,0.01,0.0,11.672275,199.83221,Brooklyn
1251,2025-01-18 02:00:00,0.3,0.0,0.0,0.01,0.0,12.181625,198.9705,Brooklyn
1252,2025-01-18 03:00:00,0.5,0.0,0.0,0.01,0.0,12.641076,199.9832,Brooklyn
1253,2025-01-18 04:00:00,1.0,0.0,0.0,0.01,0.0,13.8049555,202.21765,Brooklyn
1254,2025-01-18 05:00:00,1.35,0.0,0.0,0.01,0.0,13.4903965,198.6768,Brooklyn
1255,2025-01-18 06:00:00,1.8,0.0,0.0,0.01,0.0,13.451914,192.36249,Brooklyn
1256,2025-01-18 07:00:00,2.5,0.0,0.0,0.01,0.0,14.650938,190.6196,Brooklyn
1257,2025-01-18 08:00:00,3.75,0.0,0.0,0.01,0.0,17.134071,189.06642,Brooklyn
1258,2025-01-18 09:00:00,5.0,0.0,0.0,0.01,0.0,16.42839,184.39862,Brooklyn
1259,2025-01-18 10:00:00,6.25,0.0,0.0,0.01,0.0,15.856356,177.39749,Brooklyn
1260,2025-01-18 11:00:00,6.65,0.0,0.0,0.01,0.0,17.489666,171.11942,Brooklyn
1261,2025-01-18 12:00:00,6.75,0.0,0.0,0.01,0.0,18.329975,172.66571,Brooklyn
1262,2025-01-18 13:00:00,6.75,0.1,0.0,0.01,0.1,15.710607,184.6,Brooklyn
1263,2025-01-18 14:00:00,6.6,0.6,0.0,0.01,0.6,12.015589,188.61557,Brooklyn
1264,2025-01-18 15:00:00,6.05,0.6,0.0,0.01,0.6,8.12197,167.19574,Brooklyn
1265,2025-01-18 16:00:00,5.9,0.2,0.0,0.01,0.2,3.438895,173.99109,Brooklyn
1266,2025-01-18 17:00:00,5.0,0.5,0.0,0.01,0.5,4.0249224,169.6952,Brooklyn
1267,2025-01-18 18:00:00,4.85,0.0,0.0,0.01,0.0,4.503598,182.29056,Brooklyn
1268,2025-01-18 19:00:00,5.05,0.0,0.0,0.01,0.0,8.209263,217.87505,Brooklyn
1269,2025-01-18 20:00:00,5.75,0.0,0.0,0.01,0.0,8.748075,233.3658,Brooklyn
1270,2025-01-18 21:00:00,5.15,0.0,0.0,0.01,0.0,8.513448,256.55136,Brooklyn
1271,2025-01-18 22:00:00,3.95,0.0,0.0,0.01,0.0,8.647496,267.6141,Brooklyn
1272,2025-01-18 23:00:00,3.05,0.0,0.0,0.01,0.0,11.016824,274.68582,Brooklyn
1273,2025-01-19 00:00:00,2.8,0.0,0.0,0.01,0.0,11.503113,290.13638,Brooklyn
1274,2025-01-19 01:00:00,1.75,0.0,0.0,0.01,0.0,10.062305,296.56497,Brooklyn
1275,2025-01-19 02:00:00,1.25,0.0,0.0,0.01,0.0,9.793059,306.02747,Brooklyn
1276,2025-01-19 03:00:00,0.95,0.0,0.0,0.01,0.0,9.614426,321.8427,Brooklyn
1277,2025-01-19 04:00:00,0.85,0.0,0.0,0.01,0.0,10.534229,326.853,Brooklyn
1278,2025-01-19 05:00:00,0.6,0.0,0.0,0.01,0.0,8.936778,325.66974,Brooklyn
1279,2025-01-19 06:00:00,0.3,0.0,0.0,0.01,0.0,8.936778,325.66974,Brooklyn
1280,2025-01-19 07:00:00,0.0,0.0,0.0,0.01,0.0,10.759423,342.47433,Brooklyn
1281,2025-01-19 08:00:00,1.8,0.0,0.0,0.01,0.0,9.215226,347.5926,Brooklyn
1282,2025-01-19 09:00:00,2.3,0.0,0.0,0.01,0.0,7.6367526,8.130019,Brooklyn
1283,2025-01-19 10:00:00,2.75,0.0,0.0,0.01,0.0,7.771331,13.392516,Brooklyn
1284,2025-01-19 11:00:00,2.8,0.0,0.0,0.01,0.0,9.346143,15.642312,Brooklyn
1285,2025-01-19 12:00:00,2.7,0.0,0.0,0.0,0.0,10.041354,14.534496,Brooklyn
1286,2025-01-19 13:00:00,2.35,0.0,0.0,0.0,0.0,8.909545,8.130019,Brooklyn
1287,2025-01-19 14:00:00,1.65,0.1,0.07,0.0,0.2,8.553314,351.52893,Brooklyn
1288,2025-01-19 15:00:00,1.15,0.0,0.48999998,0.01,0.7,9.292255,21.59538,Brooklyn
1289,2025-01-19 16:00:00,0.9,0.0,0.21000001,0.01,0.3,12.503199,6.613376,Brooklyn
1290,2025-01-19 17:00:00,0.5,0.0,0.14,0.01,0.2,13.324863,1.5481218,Brooklyn
1291,2025-01-19 18:00:00,-0.25,0.0,0.35,0.01,0.5,13.910169,349.5626,Brooklyn
1292,2025-01-19 19:00:00,-1.15,0.0,1.26,0.02,1.8,18.072754,354.85733,Brooklyn
1293,2025-01-19 20:00:00,-1.1,0.0,1.3299999,0.03,1.9,17.035456,344.05453,Brooklyn
1294,2025-01-19 21:00:00,-1.65,0.0,0.77,0.04,1.1,19.06301,349.11453,Brooklyn
1295,2025-01-19 22:00:00,-2.35,0.0,0.14,0.04,0.2,18.469963,347.0472,Brooklyn
1296,2025-01-19 23:00:00,-2.5,0.0,0.0,0.04,0.0,15.459054,332.24155,Brooklyn
1297,2025-01-20 00:00:00,-3.15,0.0,0.07,0.04,0.0,14.037692,319.15973,Brooklyn
1298,2025-01-20 01:00:00,-4.3,0.0,0.0,0.04,0.0,14.941083,306.17972,Brooklyn
1299,2025-01-20 02:00:00,-5.4,0.0,0.0,0.04,0.0,14.941083,306.17972,Brooklyn
1300,2025-01-20 03:00:00,-6.35,0.0,0.0,0.04,0.0,16.831684,311.53168,Brooklyn
1301,2025-01-20 04:00:00,-7.7,0.0,0.0,0.04,0.0,16.548256,314.11868,Brooklyn
1302,2025-01-20 05:00:00,-8.55,0.0,0.0,0.04,0.0,14.784126,312.03897,Brooklyn
1303,2025-01-20 06:00:00,-9.15,0.0,0.0,0.04,0.0,13.044722,309.40063,Brooklyn
1304,2025-01-20 07:00:00,-9.6,0.0,0.0,0.04,0.0,11.681987,303.6901,Brooklyn
1305,2025-01-20 08:00:00,-9.25,0.0,0.0,0.04,0.0,13.638489,292.50357,Brooklyn
1306,2025-01-20 09:00:00,-8.75,0.0,0.0,0.04,0.0,11.874544,284.03625,Brooklyn
1307,2025-01-20 10:00:00,-7.8,0.0,0.0,0.04,0.0,8.880405,287.7005,Brooklyn
1308,2025-01-20 11:00:00,-6.4,0.0,0.0,0.04,0.0,5.9644947,264.80566,Brooklyn
1309,2025-01-20 12:00:00,-5.4,0.0,0.0,0.04,0.0,14.508715,281.4493,Brooklyn
1310,2025-01-20 13:00:00,-4.7,0.0,0.0,0.04,0.0,16.04526,273.21542,Brooklyn
1311,2025-01-20 14:00:00,-4.75,0.0,0.0,0.04,0.0,15.3042345,271.34784,Brooklyn
1312,2025-01-20 15:00:00,-5.3,0.0,0.0,0.04,0.0,14.4415655,259.9507,Brooklyn
1313,2025-01-20 16:00:00,-6.05,0.0,0.0,0.04,0.0,14.810401,249.36237,Brooklyn
1314,2025-01-20 17:00:00,-7.05,0.0,0.0,0.04,0.0,14.517644,250.44165,Brooklyn
1315,2025-01-20 18:00:00,-7.6,0.0,0.0,0.04,0.0,13.708391,256.32867,Brooklyn
1316,2025-01-20 19:00:00,-8.1,0.0,0.0,0.04,0.0,12.783802,260.2725,Brooklyn
1317,2025-01-20 20:00:00,-8.15,0.0,0.0,0.04,0.0,13.170786,273.91818,Brooklyn
1318,2025-01-20 21:00:00,-9.0,0.0,0.0,0.04,0.0,11.755254,281.48196,Brooklyn
1319,2025-01-20 22:00:00,-9.7,0.0,0.0,0.04,0.0,10.182337,278.13,Brooklyn
1320,2025-01-20 23:00:00,-10.25,0.0,0.0,0.04,0.0,9.901636,268.9584,Brooklyn
1321,2025-01-21 00:00:00,-10.9,0.0,0.0,0.04,0.0,10.9859,268.12216,Brooklyn
1322,2025-01-21 01:00:00,-11.5,0.0,0.0,0.04,0.0,11.881363,270.86804,Brooklyn
1323,2025-01-21 02:00:00,-12.15,0.0,0.0,0.04,0.0,11.016824,274.68582,Brooklyn
1324,2025-01-21 03:00:00,-12.6,0.0,0.0,0.04,0.0,10.360559,277.98923,Brooklyn
1325,2025-01-21 04:00:00,-13.2,0.0,0.0,0.04,0.0,8.461914,271.21884,Brooklyn
1326,2025-01-21 05:00:00,-13.6,0.0,0.0,0.04,0.0,7.293888,254.24875,Brooklyn
1327,2025-01-21 06:00:00,-13.75,0.0,0.0,0.04,0.0,8.863972,257.0926,Brooklyn
1328,2025-01-21 07:00:00,-13.8,0.0,0.0,0.04,0.0,9.854075,260.53775,Brooklyn
1329,2025-01-21 08:00:00,-13.25,0.0,0.0,0.04,0.0,10.266314,267.99048,Brooklyn
1330,2025-01-21 09:00:00,-12.7,0.0,0.0,0.04,0.0,9.346143,285.6423,Brooklyn
1331,2025-01-21 10:00:00,-11.9,0.0,0.0,0.04,0.0,7.8954163,294.22772,Brooklyn
1332,2025-01-21 11:00:00,-10.5,0.0,0.0,0.04,0.0,5.5829024,268.15244,Brooklyn
1333,2025-01-21 12:00:00,-9.4,0.0,0.0,0.04,0.0,5.720489,257.27563,Brooklyn
1334,2025-01-21 13:00:00,-8.7,0.0,0.0,0.04,0.0,6.725354,254.47583,Brooklyn
1335,2025-01-21 14:00:00,-8.45,0.0,0.0,0.04,0.0,7.289444,249.77505,Brooklyn
1336,2025-01-21 15:00:00,-8.45,0.0,0.0,0.04,0.0,8.322932,248.42863,Brooklyn
1337,2025-01-21 16:00:00,-8.5,0.0,0.0,0.04,0.0,8.93859,244.98314,Brooklyn
1338,2025-01-21 17:00:00,-8.65,0.0,0.0,0.04,0.0,8.596766,250.42677,Brooklyn
1339,2025-01-21 18:00:00,-8.85,0.0,0.07,0.04,0.1,8.759178,260.53775,Brooklyn
1340,2025-01-21 19:00:00,-9.0,0.0,0.07,0.04,0.1,9.600937,263.5413,Brooklyn
1341,2025-01-21 20:00:00,-8.85,0.0,0.07,0.04,0.1,10.272623,258.887,Brooklyn
1342,2025-01-21 21:00:00,-9.25,0.0,0.07,0.04,0.1,10.981475,270.93918,Brooklyn
1343,2025-01-21 22:00:00,-9.65,0.0,0.07,0.04,0.1,11.307095,283.81503,Brooklyn
1344,2025-01-21 23:00:00,-9.9,0.0,0.0,0.04,0.0,12.535549,291.03757,Brooklyn
1345,2025-01-22 00:00:00,-10.6,0.0,0.0,0.04,0.0,10.874741,294.44394,Brooklyn
1346,2025-01-22 01:00:00,-11.1,0.0,0.0,0.04,0.0,10.134495,303.40784,Brooklyn
1347,2025-01-22 02:00:00,-11.9,0.0,0.0,0.04,0.0,8.604301,307.34943,Brooklyn
1348,2025-01-22 03:00:00,-13.65,0.0,0.0,0.04,0.0,6.1305785,319.7637,Brooklyn
1349,2025-01-22 04:00:00,-14.85,0.0,0.0,0.04,0.0,5.815978,338.19852,Brooklyn
1350,2025-01-22 05:00:00,-15.4,0.0,0.0,0.04,0.0,5.637765,343.3007,Brooklyn
1351,2025-01-22 06:00:00,-15.1,0.0,0.0,0.04,0.0,6.4624763,347.125,Brooklyn
1352,2025-01-22 07:00:00,-14.65,0.0,0.0,0.04,0.0,8.64,360.0,Brooklyn
1353,2025-01-22 08:00:00,-13.8,0.0,0.0,0.04,0.0,6.542201,352.09293,Brooklyn
1354,2025-01-22 09:00:00,-12.6,0.0,0.0,0.04,0.0,10.495713,337.8336,Brooklyn
1355,2025-01-22 10:00:00,-11.2,0.0,0.0,0.04,0.0,10.094454,328.86108,Brooklyn
1356,2025-01-22 11:00:00,-9.6,0.0,0.0,0.04,0.0,7.256032,330.25522,Brooklyn
1357,2025-01-22 12:00:00,-8.85,0.0,0.0,0.04,0.0,6.4624763,347.125,Brooklyn
1358,2025-01-22 13:00:00,-8.25,0.0,0.0,0.04,0.0,3.8183763,315.0001,Brooklyn
1359,2025-01-22 14:00:00,-8.0,0.0,0.0,0.04,0.0,3.219938,333.43503,Brooklyn
1360,2025-01-22 15:00:00,-8.1,0.0,0.0,0.04,0.0,2.36753,8.746089,Brooklyn
1361,2025-01-22 16:00:00,-8.85,0.0,0.0,0.04,0.0,0.40249225,333.43503,Brooklyn
1362,2025-01-22 17:00:00,-10.4,0.0,0.0,0.04,0.0,0.76367533,315.0001,Brooklyn
1363,2025-01-22 18:00:00,-11.1,0.0,0.0,0.04,0.0,0.9178235,11.3098955,Brooklyn
1364,2025-01-22 19:00:00,-11.7,0.0,0.0,0.04,0.0,1.3104197,15.945477,Brooklyn
1365,2025-01-22 20:00:00,-9.8,0.0,0.0,0.04,0.0,0.9178235,11.3098955,Brooklyn
1366,2025-01-22 21:00:00,-9.85,0.0,0.0,0.04,0.0,1.2727921,351.87,Brooklyn
1367,2025-01-22 22:00:00,-10.8,0.0,0.0,0.04,0.0,1.5273507,315.0001,Brooklyn
1368,2025-01-22 23:00:00,-11.7,0.0,0.0,0.04,0.0,4.1046314,285.25516,Brooklyn
1369,2025-01-23 00:00:00,-11.6,0.0,0.0,0.04,0.0,2.1068459,289.9832,Brooklyn
1370,2025-01-23 01:00:00,-11.95,0.0,0.0,0.04,0.0,2.7416782,293.1986,Brooklyn
1371,2025-01-23 02:00:00,-12.4,0.0,0.0,0.04,0.0,3.710795,292.83368,Brooklyn
1372,2025-01-23 03:00:00,-12.25,0.0,0.0,0.04,0.0,4.510787,298.61035,Brooklyn
1373,2025-01-23 04:00:00,-11.0,0.0,0.0,0.04,0.0,4.7928696,304.28693,Brooklyn
1374,2025-01-23 05:00:00,-10.4,0.0,0.0,0.04,0.0,3.9966483,324.16226,Brooklyn
1375,2025-01-23 06:00:00,-10.55,0.0,0.0,0.04,0.0,2.968636,345.9637,Brooklyn
1376,2025-01-23 07:00:00,-11.55,0.0,0.0,0.04,0.0,1.2727921,8.130019,Brooklyn
1377,2025-01-23 08:00:00,-11.25,0.0,0.0,0.04,0.0,0.742159,14.036275,Brooklyn
1378,2025-01-23 09:00:00,-9.0,0.0,0.0,0.04,0.0,1.6981165,327.99466,Brooklyn
1379,2025-01-23 10:00:00,-7.2,0.0,0.0,0.04,0.0,2.7943513,284.93146,Brooklyn
1380,2025-01-23 11:00:00,-5.9,0.0,0.0,0.04,0.0,3.671294,258.6901,Brooklyn
1381,2025-01-23 12:00:00,-4.9,0.0,0.0,0.04,0.0,4.669604,242.44727,Brooklyn
1382,2025-01-23 13:00:00,-3.85,0.0,0.0,0.04,0.0,5.8603754,222.5104,Brooklyn
1383,2025-01-23 14:00:00,-3.3,0.0,0.0,0.04,0.0,6.618519,224.9999,Brooklyn
1384,2025-01-23 15:00:00,-3.15,0.0,0.0,0.04,0.0,7.388775,235.92276,Brooklyn
1385,2025-01-23 16:00:00,-3.5,0.0,0.0,0.04,0.0,6.320538,250.0168,Brooklyn
1386,2025-01-23 17:00:00,-6.35,0.0,0.0,0.04,0.0,5.720489,257.27563,Brooklyn
1387,2025-01-23 18:00:00,-7.15,0.0,0.0,0.04,0.0,6.21717,247.8905,Brooklyn
1388,2025-01-23 19:00:00,-7.2,0.0,0.0,0.04,0.0,6.638072,257.4712,Brooklyn
1389,2025-01-23 20:00:00,-5.65,0.0,0.0,0.04,0.0,9.627896,249.19313,Brooklyn
1390,2025-01-23 21:00:00,-6.0,0.0,0.0,0.04,0.0,10.661107,258.31067,Brooklyn
1391,2025-01-23 22:00:00,-6.4,0.0,0.0,0.04,0.0,10.564942,261.1797,Brooklyn
1392,2025-01-23 23:00:00,-6.85,0.0,0.0,0.04,0.0,9.914717,266.87793,Brooklyn
1393,2025-01-24 00:00:00,-7.1,0.0,0.0,0.04,0.0,10.853866,264.2895,Brooklyn
1394,2025-01-24 01:00:00,-7.3,0.0,0.0,0.04,0.0,11.481968,260.98074,Brooklyn
1395,2025-01-24 02:00:00,-7.55,0.0,0.0,0.04,0.0,10.478722,265.07297,Brooklyn
1396,2025-01-24 03:00:00,-7.9,0.0,0.0,0.04,0.0,9.044888,264.2895,Brooklyn
1397,2025-01-24 04:00:00,-8.25,0.0,0.0,0.04,0.0,8.731392,261.70294,Brooklyn
1398,2025-01-24 05:00:00,-8.5,0.0,0.0,0.04,0.0,8.297589,266.26868,Brooklyn
1399,2025-01-24 06:00:00,-8.5,0.0,0.0,0.04,0.0,8.107996,272.54474,Brooklyn
1400,2025-01-24 07:00:00,-8.85,0.0,0.0,0.04,0.0,6.6697226,273.094,Brooklyn
1401,2025-01-24 08:00:00,-7.85,0.0,0.0,0.04,0.0,9.854075,279.46225,Brooklyn
1402,2025-01-24 09:00:00,-6.35,0.0,0.0,0.04,0.0,7.5599995,270.0,Brooklyn
1403,2025-01-24 10:00:00,-4.35,0.0,0.0,0.04,0.0,7.5685663,272.72626,Brooklyn
1404,2025-01-24 11:00:00,-2.75,0.0,0.0,0.04,0.0,9.224011,264.40076,Brooklyn
1405,2025-01-24 12:00:00,-1.85,0.0,0.0,0.04,0.0,11.362834,273.63287,Brooklyn
1406,2025-01-24 13:00:00,-1.25,0.0,0.0,0.04,0.0,10.337079,277.00116,Brooklyn
1407,2025-01-24 14:00:00,-1.1,0.0,0.0,0.04,0.0,10.239453,280.1246,Brooklyn
1408,2025-01-24 15:00:00,-1.15,0.0,0.0,0.04,0.0,9.422101,276.58185,Brooklyn
1409,2025-01-24 16:00:00,-1.65,0.0,0.0,0.04,0.0,6.5693827,260.53775,Brooklyn
1410,2025-01-24 17:00:00,-3.55,0.0,0.0,0.04,0.0,6.698806,239.30035,Brooklyn
1411,2025-01-24 18:00:00,-3.65,0.0,0.0,0.04,0.0,9.05205,252.64589,Brooklyn
1412,2025-01-24 19:00:00,-4.45,0.0,0.0,0.04,0.0,8.311245,274.96964,Brooklyn
1413,2025-01-24 20:00:00,-4.75,0.0,0.0,0.04,0.0,6.9270773,294.56717,Brooklyn
1414,2025-01-24 21:00:00,-7.05,0.0,0.0,0.04,0.0,5.3699164,283.57043,Brooklyn
1415,2025-01-24 22:00:00,-8.2,0.0,0.0,0.04,0.0,5.5450516,283.13403,Brooklyn
1416,2025-01-24 23:00:00,-8.6,0.0,0.0,0.04,0.0,3.1072817,280.0079,Brooklyn
1417,2025-01-25 00:00:00,-9.3,0.0,0.0,0.04,0.0,2.1674871,318.36655,Brooklyn
1418,2025-01-25 01:00:00,-10.1,0.0,0.0,0.04,0.0,1.7727944,336.0375,Brooklyn
1419,2025-01-25 02:00:00,-10.75,0.0,0.0,0.04,0.0,1.1384199,288.43503,Brooklyn
1420,2025-01-25 03:00:00,-11.5,0.0,0.0,0.04,0.0,4.060985,257.19574,Brooklyn
1421,2025-01-25 04:00:00,-11.5,0.0,0.0,0.04,0.0,2.1674871,265.23645,Brooklyn
1422,2025-01-25 05:00:00,-12.05,0.0,0.0,0.04,0.0,4.0449963,249.14546,Brooklyn
1423,2025-01-25 06:00:00,-12.4,0.0,0.0,0.04,0.0,5.4029994,268.09088,Brooklyn
1424,2025-01-25 07:00:00,-12.75,0.0,0.0,0.04,0.0,4.1556225,274.96964,Brooklyn
1425,2025-01-25 08:00:00,-10.95,0.0,0.0,0.04,0.0,4.8633323,272.12103,Brooklyn
1426,2025-01-25 09:00:00,-8.2,0.0,0.0,0.04,0.0,6.206738,253.14151,Brooklyn
1427,2025-01-25 10:00:00,-6.1,0.0,0.0,0.04,0.0,6.384293,248.4985,Brooklyn
1428,2025-01-25 11:00:00,-4.4,0.0,0.0,0.04,0.0,7.0038276,244.09354,Brooklyn
1429,2025-01-25 12:00:00,-3.4,0.0,0.0,0.04,0.0,9.526405,247.79646,Brooklyn
1430,2025-01-25 13:00:00,-2.8,0.0,0.0,0.04,0.0,12.011544,250.75038,Brooklyn
1431,2025-01-25 14:00:00,-2.15,0.0,0.0,0.04,0.0,11.7,239.48984,Brooklyn
1432,2025-01-25 15:00:00,-1.8,0.0,0.0,0.04,0.0,12.193589,238.89125,Brooklyn
1433,2025-01-25 16:00:00,-1.8,0.0,0.0,0.04,0.0,9.939196,234.58286,Brooklyn
1434,2025-01-25 17:00:00,-2.3,0.0,0.0,0.04,0.0,9.037721,225.80684,Brooklyn
1435,2025-01-25 18:00:00,-2.35,0.0,0.0,0.04,0.0,9.422101,226.54811,Brooklyn
1436,2025-01-25 19:00:00,-2.6,0.0,0.0,0.04,0.0,9.1958685,220.23628,Brooklyn
1437,2025-01-25 20:00:00,-2.0,0.0,0.0,0.04,0.0,11.975074,222.56331,Brooklyn
1438,2025-01-25 21:00:00,-2.35,0.0,0.0,0.04,0.0,10.348043,220.06071,Brooklyn
1439,2025-01-25 22:00:00,-2.7,0.0,0.0,0.04,0.0,8.738811,212.38066,Brooklyn
1440,2025-01-25 23:00:00,-3.25,0.0,0.0,0.04,0.0,6.6818557,207.25525,Brooklyn
1441,2025-01-26 00:00:00,-4.3,0.0,0.0,0.04,0.0,6.12,208.07239,Brooklyn
1442,2025-01-26 01:00:00,-4.45,0.0,0.0,0.04,0.0,5.6060677,222.39738,Brooklyn
1443,2025-01-26 02:00:00,-3.05,0.0,0.0,0.04,0.0,7.748368,239.26459,Brooklyn
1444,2025-01-26 03:00:00,-2.3,0.0,0.0,0.04,0.0,12.031756,231.07245,Brooklyn
1445,2025-01-26 04:00:00,-1.8,0.0,0.0,0.04,0.0,14.664202,228.48337,Brooklyn
1446,2025-01-26 05:00:00,-1.35,0.0,0.0,0.04,0.0,15.986593,234.16226,Brooklyn
1447,2025-01-26 06:00:00,-1.15,0.0,0.0,0.04,0.0,15.697197,243.43501,Brooklyn
1448,2025-01-26 07:00:00,-0.9,0.0,0.0,0.04,0.0,14.917212,250.25307,Brooklyn
1449,2025-01-26 08:00:00,-0.9,0.0,0.0,0.04,0.0,12.358542,257.38068,Brooklyn
1450,2025-01-26 09:00:00,0.0,0.0,0.0,0.04,0.0,12.144331,258.0239,Brooklyn
1451,2025-01-26 10:00:00,1.05,0.0,0.0,0.04,0.0,9.299225,255.42574,Brooklyn
1452,2025-01-26 11:00:00,2.5,0.0,0.0,0.04,0.0,8.089993,249.14546,Brooklyn
1453,2025-01-26 12:00:00,3.9,0.0,0.0,0.04,0.0,13.184308,265.3014,Brooklyn
1454,2025-01-26 13:00:00,4.0,0.0,0.0,0.03,0.0,15.146761,273.40637,Brooklyn
1455,2025-01-26 14:00:00,4.15,0.0,0.0,0.03,0.0,13.363711,274.63538,Brooklyn
1456,2025-01-26 15:00:00,3.9,0.0,0.0,0.03,0.0,12.108261,281.14285,Brooklyn
1457,2025-01-26 16:00:00,3.2,0.0,0.0,0.03,0.0,10.534229,289.9832,Brooklyn
1458,2025-01-26 17:00:00,1.3,0.0,0.0,0.03,0.0,7.823272,293.0255,Brooklyn
1459,2025-01-26 18:00:00,-0.75,0.0,0.0,0.03,0.0,6.330782,284.8265,Brooklyn
1460,2025-01-26 19:00:00,-2.6,0.0,0.0,0.03,0.0,5.937272,284.03625,Brooklyn
1461,2025-01-26 20:00:00,-0.55,0.0,0.0,0.03,0.0,7.247096,284.38144,Brooklyn
1462,2025-01-26 21:00:00,-2.8,0.0,0.0,0.03,0.0,5.0816135,292.93213,Brooklyn
1463,2025-01-26 22:00:00,-3.75,0.0,0.0,0.03,0.0,5.1826253,249.67677,Brooklyn
1464,2025-01-26 23:00:00,-3.8,0.0,0.0,0.03,0.0,5.896202,238.73633,Brooklyn
1465,2025-01-27 00:00:00,-3.7,0.0,0.0,0.03,0.0,6.21717,247.8905,Brooklyn
1466,2025-01-27 01:00:00,-2.9,0.0,0.0,0.03,0.0,6.804381,232.52374,Brooklyn
1467,2025-01-27 02:00:00,-2.75,0.0,0.0,0.03,0.0,9.688281,234.83348,Brooklyn
1468,2025-01-27 03:00:00,-2.9,0.0,0.0,0.03,0.0,10.00256,239.74365,Brooklyn
1469,2025-01-27 04:00:00,-2.7,0.0,0.0,0.03,0.0,10.30883,245.22488,Brooklyn
1470,2025-01-27 05:00:00,-2.75,0.0,0.0,0.03,0.0,11.578912,258.34073,Brooklyn
1471,2025-01-27 06:00:00,-3.15,0.0,0.0,0.03,0.0,12.287555,264.95764,Brooklyn
1472,2025-01-27 07:00:00,-3.95,0.0,0.0,0.03,0.0,11.409785,263.6599,Brooklyn
1473,2025-01-27 08:00:00,-2.75,0.0,0.0,0.03,0.0,10.464798,273.9451,Brooklyn
1474,2025-01-27 09:00:00,-1.65,0.0,0.0,0.03,0.0,6.8423676,268.49258,Brooklyn
1475,2025-01-27 10:00:00,-0.35,0.0,0.0,0.03,0.0,10.310403,253.77974,Brooklyn
1476,2025-01-27 11:00:00,0.65,0.0,0.0,0.03,0.0,12.669238,247.44272,Brooklyn
1477,2025-01-27 12:00:00,1.35,0.0,0.0,0.03,0.0,14.233664,237.91785,Brooklyn
1478,2025-01-27 13:00:00,1.9,0.0,0.0,0.03,0.0,16.344357,233.5086,Brooklyn
1479,2025-01-27 14:00:00,2.15,0.0,0.0,0.03,0.0,15.631007,234.84575,Brooklyn
1480,2025-01-27 15:00:00,2.25,0.0,0.0,0.03,0.0,14.731435,234.95055,Brooklyn
1481,2025-01-27 16:00:00,1.85,0.0,0.0,0.03,0.0,13.644427,233.58353,Brooklyn
1482,2025-01-27 17:00:00,0.95,0.0,0.0,0.03,0.0,15.013554,232.3057,Brooklyn
1483,2025-01-27 18:00:00,0.9,0.0,0.0,0.03,0.0,17.035456,231.43471,Brooklyn
1484,2025-01-27 19:00:00,0.5,0.0,0.0,0.03,0.0,17.326813,227.52615,Brooklyn
1485,2025-01-27 20:00:00,1.45,0.0,0.0,0.03,0.0,18.976131,218.0657,Brooklyn
1486,2025-01-27 21:00:00,1.7,0.0,0.0,0.03,0.0,20.269789,221.76021,Brooklyn
1487,2025-01-27 22:00:00,1.8,0.0,0.0,0.03,0.0,19.453327,231.009,Brooklyn
1488,2025-01-27 23:00:00,1.6,0.0,0.0,0.03,0.0,18.57143,236.46393,Brooklyn
1489,2025-01-28 00:00:00,1.45,0.0,0.0,0.03,0.0,18.152353,239.62096,Brooklyn
1490,2025-01-28 01:00:00,1.7,0.0,0.0,0.03,0.0,19.121557,247.29712,Brooklyn
1491,2025-01-28 02:00:00,1.85,0.0,0.0,0.03,0.0,18.900856,250.5296,Brooklyn
1492,2025-01-28 03:00:00,1.4,0.0,0.0,0.03,0.0,18.954777,251.73701,Brooklyn
1493,2025-01-28 04:00:00,1.1,0.0,0.0,0.03,0.0,19.023878,249.50732,Brooklyn
1494,2025-01-28 05:00:00,0.9,0.0,0.0,0.03,0.0,19.44833,262.02,Brooklyn
1495,2025-01-28 06:00:00,0.35,0.0,0.0,0.03,0.0,19.99297,267.93622,Brooklyn
1496,2025-01-28 07:00:00,0.35,0.0,0.0,0.03,0.0,21.145977,258.21182,Brooklyn
1497,2025-01-28 08:00:00,2.5,0.0,0.0,0.03,0.0,19.73854,257.35785,Brooklyn
1498,2025-01-28 09:00:00,3.2,0.0,0.0,0.03,0.0,19.384087,259.83798,Brooklyn
1499,2025-01-28 10:00:00,3.9,0.0,0.0,0.03,0.0,16.215992,267.45526,Brooklyn
1500,2025-01-28 11:00:00,4.55,0.0,0.0,0.03,0.0,22.571884,293.49857,Brooklyn
1501,2025-01-28 12:00:00,3.85,0.0,0.0,0.03,0.0,23.613638,303.81125,Brooklyn
1502,2025-01-28 13:00:00,2.6,0.0,0.0,0.02,0.0,20.887758,317.09525,Brooklyn
1503,2025-01-28 14:00:00,1.35,0.0,0.0,0.02,0.0,17.610588,310.8553,Brooklyn
1504,2025-01-28 15:00:00,0.95,0.0,0.0,0.02,0.0,14.835537,305.6186,Brooklyn
1505,2025-01-28 16:00:00,0.5,0.0,0.0,0.02,0.0,10.134495,303.40784,Brooklyn
1506,2025-01-28 17:00:00,-0.35,0.0,0.0,0.02,0.0,6.452441,337.01126,Brooklyn
1507,2025-01-28 18:00:00,-1.1,0.0,0.0,0.02,0.0,4.278551,14.620926,Brooklyn
1508,2025-01-28 19:00:00,-1.8,0.0,0.0,0.02,0.0,5.6920996,71.564964,Brooklyn
1509,2025-01-28 20:00:00,0.0,0.0,0.0,0.02,0.0,6.12,118.072395,Brooklyn
1510,2025-01-28 21:00:00,0.1,0.0,0.0,0.02,0.0,8.53815,145.30478,Brooklyn
1511,2025-01-28 22:00:00,0.7,0.0,0.0,0.02,0.0,8.909545,171.86998,Brooklyn
1512,2025-01-28 23:00:00,1.5,0.0,0.0,0.02,0.0,12.061341,179.14493,Brooklyn
1513,2025-01-29 00:00:00,2.15,0.0,0.0,0.02,0.0,15.856356,182.60251,Brooklyn
1514,2025-01-29 01:00:00,2.1,0.0,0.0,0.02,0.0,15.426537,199.06929,Brooklyn
1515,2025-01-29 02:00:00,2.3,0.0,0.0,0.02,0.0,15.7908325,226.8476,Brooklyn
1516,2025-01-29 03:00:00,2.85,0.0,0.0,0.02,0.0,16.50709,242.03786,Brooklyn
1517,2025-01-29 04:00:00,2.75,0.0,0.0,0.02,0.0,17.114204,247.75093,Brooklyn
1518,2025-01-29 05:00:00,3.1,0.0,0.0,0.02,0.0,17.71423,244.73694,Brooklyn
1519,2025-01-29 06:00:00,3.4,0.0,0.0,0.02,0.0,19.11139,240.05441,Brooklyn
1520,2025-01-29 07:00:00,3.35,0.0,0.0,0.02,0.0,19.424158,240.58449,Brooklyn
1521,2025-01-29 08:00:00,3.5,0.0,0.0,0.02,0.0,16.276815,237.18863,Brooklyn
1522,2025-01-29 09:00:00,5.05,0.0,0.0,0.02,0.0,15.807239,239.9315,Brooklyn
1523,2025-01-29 10:00:00,6.65,0.0,0.0,0.02,0.0,13.33094,235.45157,Brooklyn
1524,2025-01-29 11:00:00,8.05,0.0,0.0,0.02,0.0,17.922432,236.4695,Brooklyn
1525,2025-01-29 12:00:00,8.85,0.0,0.0,0.02,0.0,25.035532,238.82436,Brooklyn
1526,2025-01-29 13:00:00,9.2,0.0,0.0,0.02,0.0,26.194172,261.70294,Brooklyn
1527,2025-01-29 14:00:00,9.1,0.0,0.0,0.01,0.0,23.046328,268.6574,Brooklyn
1528,2025-01-29 15:00:00,9.0,0.1,0.0,0.01,0.1,21.993908,277.99738,Brooklyn
1529,2025-01-29 16:00:00,7.85,0.1,0.0,0.01,0.1,21.365477,279.70032,Brooklyn
1530,2025-01-29 17:00:00,6.4,0.0,0.0,0.01,0.0,24.329315,285.88724,Brooklyn
1531,2025-01-29 18:00:00,4.65,0.0,0.0,0.01,0.0,21.096123,295.2531,Brooklyn
1532,2025-01-29 19:00:00,3.3,0.0,0.0,0.01,0.0,18.792551,286.6993,Brooklyn
1533,2025-01-29 20:00:00,4.35,0.0,0.0,0.01,0.0,20.520788,283.18295,Brooklyn
1534,2025-01-29 21:00:00,3.25,0.0,0.0,0.01,0.0,16.179987,302.27563,Brooklyn
1535,2025-01-29 22:00:00,1.35,0.0,0.0,0.01,0.0,18.23694,318.60138,Brooklyn
1536,2025-01-29 23:00:00,0.5,0.0,0.0,0.01,0.0,14.76439,315.0001,Brooklyn
1537,2025-01-30 00:00:00,-1.25,0.0,0.0,0.01,0.0,16.431347,312.7803,Brooklyn
1538,2025-01-30 01:00:00,-2.25,0.0,0.0,0.01,0.0,15.12964,304.82455,Brooklyn
1539,2025-01-30 02:00:00,-3.3,0.0,0.0,0.01,0.0,17.47484,311.24133,Brooklyn
1540,2025-01-30 03:00:00,-4.05,0.0,0.0,0.01,0.0,15.15104,316.44406,Brooklyn
1541,2025-01-30 04:00:00,-4.45,0.0,0.0,0.01,0.0,14.05845,320.1945,Brooklyn
1542,2025-01-30 05:00:00,-4.85,0.0,0.0,0.01,0.0,12.88981,324.09018,Brooklyn
1543,2025-01-30 06:00:00,-5.15,0.0,0.0,0.01,0.0,11.616626,310.6012,Brooklyn
1544,2025-01-30 07:00:00,-5.35,0.0,0.0,0.01,0.0,9.7565975,299.87592,Brooklyn
1545,2025-01-30 08:00:00,-3.45,0.0,0.0,0.01,0.0,9.257321,296.56497,Brooklyn
1546,2025-01-30 09:00:00,-2.95,0.0,0.0,0.01,0.0,10.948973,297.4075,Brooklyn
1547,2025-01-30 10:00:00,-2.25,0.0,0.0,0.01,0.0,10.385547,295.67676,Brooklyn
1548,2025-01-30 11:00:00,-1.45,0.0,0.0,0.01,0.0,9.5196,285.3502,Brooklyn
1549,2025-01-30 12:00:00,-0.6,0.0,0.0,0.01,0.0,11.132385,292.83368,Brooklyn
1550,2025-01-30 13:00:00,0.2,0.0,0.0,0.01,0.0,9.906544,294.7024,Brooklyn
1551,2025-01-30 14:00:00,0.75,0.0,0.0,0.01,0.0,7.6579366,293.55228,Brooklyn
1552,2025-01-30 15:00:00,1.1,0.0,0.0,0.01,0.0,8.225035,246.80139,Brooklyn
1553,2025-01-30 16:00:00,1.3,0.0,0.0,0.01,0.0,10.63372,236.0409,Brooklyn
1554,2025-01-30 17:00:00,0.95,0.0,0.0,0.01,0.0,5.48631,228.99101,Brooklyn
1555,2025-01-30 18:00:00,0.5,0.0,0.0,0.01,0.0,2.5772078,167.90526,Brooklyn
1556,2025-01-30 19:00:00,0.7,0.0,0.0,0.01,0.0,7.5213294,158.96242,Brooklyn
1557,2025-01-30 20:00:00,0.8,0.0,0.0,0.01,0.0,8.707237,150.2552,Brooklyn
1558,2025-01-30 21:00:00,1.55,0.0,0.0,0.01,0.0,12.959999,180.0,Brooklyn
1559,2025-01-30 22:00:00,1.9,0.0,0.0,0.01,0.0,13.861168,180.74405,Brooklyn
1560,2025-01-30 23:00:00,2.15,0.0,0.0,0.01,0.0,14.944336,181.38033,Brooklyn
1561,2025-01-31 00:00:00,2.65,0.0,0.0,0.01,0.0,14.154915,187.30566,Brooklyn
1562,2025-01-31 01:00:00,2.9,0.0,0.0,0.01,0.0,13.379461,197.21616,Brooklyn
1563,2025-01-31 02:00:00,3.15,0.0,0.0,0.01,0.0,13.169556,201.65605,Brooklyn
1564,2025-01-31 03:00:00,3.6,0.0,0.0,0.01,0.0,12.81165,204.04422,Brooklyn
1565,2025-01-31 04:00:00,3.65,0.1,0.0,0.01,0.1,11.7,216.86998,Brooklyn
1566,2025-01-31 05:00:00,3.65,0.4,0.0,0.01,0.4,10.182337,224.9999,Brooklyn
1567,2025-01-31 06:00:00,3.7,0.4,0.0,0.01,0.4,10.152064,217.07317,Brooklyn
1568,2025-01-31 07:00:00,3.55,0.3,0.0,0.01,0.3,10.583326,221.55252,Brooklyn
1569,2025-01-31 08:00:00,3.5,0.2,0.0,0.01,0.2,4.7928696,214.28693,Brooklyn
1570,2025-01-31 09:00:00,4.2,0.1,0.0,0.01,0.1,4.7110505,186.58185,Brooklyn
1571,2025-01-31 10:00:00,4.6,0.3,0.0,0.01,0.3,6.130579,183.3664,Brooklyn
1572,2025-01-31 11:00:00,5.6,0.1,0.0,0.01,0.1,8.322932,201.57137,Brooklyn
1573,2025-01-31 12:00:00,6.35,0.0,0.0,0.01,0.0,5.8603754,259.3804,Brooklyn
1574,2025-01-31 13:00:00,6.65,0.4,0.0,0.01,0.4,7.1321807,227.04541,Brooklyn
1575,2025-01-31 14:00:00,7.0,2.2,0.0,0.01,2.2,6.696387,233.74606,Brooklyn
1576,2025-01-31 15:00:00,7.1,0.1,0.0,0.01,0.1,6.114703,222.61401,Brooklyn
1577,2025-01-31 16:00:00,6.85,0.1,0.0,0.01,0.1,6.1226463,245.69547,Brooklyn
1578,2025-01-31 17:00:00,5.95,0.5,0.0,0.01,0.5,4.514377,184.57384,Brooklyn
1579,2025-01-31 18:00:00,6.0,1.5,0.0,0.01,1.5,9.927779,157.61983,Brooklyn
1580,2025-01-31 19:00:00,6.7,1.6,0.0,0.01,1.6,9.459852,201.19412,Brooklyn
1581,2025-01-31 20:00:00,7.5,0.8,0.0,0.01,0.8,10.703569,222.27362,Brooklyn
1582,2025-01-31 21:00:00,7.7,0.6,0.0,0.01,0.6,12.431733,235.6196,Brooklyn
1583,2025-01-31 22:00:00,7.75,1.2,0.0,0.01,1.2,15.553083,246.10483,Brooklyn
1584,2025-01-31 23:00:00,8.0,1.4,0.0,0.01,1.4,14.975741,256.7989,Brooklyn
1585,2025-02-01 00:00:00,7.95,0.8,0.0,0.01,0.8,12.061341,269.14493,Brooklyn
1586,2025-02-01 01:00:00,7.1,0.7,0.0,0.0,0.7,9.885262,303.11136,Brooklyn
1587,2025-02-01 02:00:00,6.55,0.5,0.0,0.0,0.5,9.743304,295.14474,Brooklyn
1588,2025-02-01 03:00:00,6.15,0.4,0.0,0.0,0.4,10.718693,319.0857,Brooklyn
1589,2025-02-01 04:00:00,5.3,0.0,0.0,0.0,0.0,17.25373,336.6444,Brooklyn
1590,2025-02-01 05:00:00,3.55,0.0,0.0,0.0,0.0,18.888851,352.33328,Brooklyn
1591,2025-02-01 06:00:00,2.4,0.0,0.0,0.0,0.0,15.009236,354.4946,Brooklyn
1592,2025-02-01 07:00:00,2.0,0.0,0.0,0.0,0.0,17.462784,351.70294,Brooklyn
1593,2025-02-01 08:00:00,2.35,0.0,0.0,0.0,0.0,18.297245,344.59653,Brooklyn
1594,2025-02-01 09:00:00,1.85,0.0,0.0,0.0,0.0,20.435352,342.04373,Brooklyn
1595,2025-02-01 10:00:00,1.35,0.0,0.0,0.0,0.0,19.029839,349.64673,Brooklyn
1596,2025-02-01 11:00:00,0.8,0.0,0.0,0.0,0.0,16.810495,347.00537,Brooklyn
1597,2025-02-01 12:00:00,0.6,0.0,0.0,0.0,0.0,16.720633,345.66452,Brooklyn
1598,2025-02-01 13:00:00,0.3,0.0,0.0,0.0,0.0,17.750774,337.33542,Brooklyn
1599,2025-02-01 14:00:00,0.2,0.0,0.0,0.0,0.0,18.126455,327.57245,Brooklyn
1600,2025-02-01 15:00:00,-0.05,0.0,0.0,0.0,0.0,17.873556,325.66974,Brooklyn
1601,2025-02-01 16:00:00,-0.85,0.0,0.0,0.0,0.0,19.469976,326.3099,Brooklyn
1602,2025-02-01 17:00:00,-2.15,0.0,0.0,0.0,0.0,18.875126,325.09744,Brooklyn
1603,2025-02-01 18:00:00,-3.45,0.0,0.0,0.0,0.0,17.077248,327.4825,Brooklyn
1604,2025-02-01 19:00:00,-4.45,0.0,0.0,0.0,0.0,15.316933,340.07434,Brooklyn
1605,2025-02-01 20:00:00,-3.5,0.0,0.0,0.0,0.0,15.743571,337.8336,Brooklyn
1606,2025-02-01 21:00:00,-4.4,0.0,0.0,0.0,0.0,13.767352,348.6901,Brooklyn
1607,2025-02-01 22:00:00,-5.0,0.0,0.0,0.0,0.0,12.304682,354.1227,Brooklyn
1608,2025-02-01 23:00:00,-5.5,0.0,0.0,0.0,0.0,12.791403,357.58054,Brooklyn
1609,2025-02-02 00:00:00,-6.05,0.0,0.0,0.0,0.0,11.788281,7.016412,Brooklyn
1610,2025-02-02 01:00:00,-6.8,0.0,0.0,0.0,0.0,13.040997,20.18589,Brooklyn
1611,2025-02-02 02:00:00,-7.6,0.0,0.0,0.0,0.0,11.465024,22.135553,Brooklyn
1612,2025-02-02 03:00:00,-8.05,0.0,0.0,0.0,0.0,9.605998,12.99463,Brooklyn
1613,2025-02-02 04:00:00,-8.5,0.0,0.0,0.0,0.0,8.827343,16.58742,Brooklyn
1614,2025-02-02 05:00:00,-8.7,0.0,0.0,0.0,0.0,8.613709,10.840266,Brooklyn
1615,2025-02-02 06:00:00,-8.95,0.0,0.0,0.0,0.0,7.040739,4.398633,Brooklyn
1616,2025-02-02 07:00:00,-9.0,0.0,0.0,0.0,0.0,6.601363,348.9965,Brooklyn
1617,2025-02-02 08:00:00,-8.8,0.0,0.0,0.0,0.0,5.3999996,360.0,Brooklyn
1618,2025-02-02 09:00:00,-7.25,0.0,0.0,0.0,0.0,3.710795,22.833694,Brooklyn
1619,2025-02-02 10:00:00,-5.35,0.0,0.0,0.0,0.0,4.412754,78.231735,Brooklyn
1620,2025-02-02 11:00:00,-3.9,0.0,0.0,0.0,0.0,7.3447943,107.10281,Brooklyn
1621,2025-02-02 12:00:00,-2.95,0.0,0.0,0.0,0.0,8.538149,108.43504,Brooklyn
1622,2025-02-02 13:00:00,-2.35,0.0,0.0,0.0,0.0,10.703569,109.653915,Brooklyn
1623,2025-02-02 14:00:00,-1.45,0.0,0.0,0.0,0.0,10.966713,113.19862,Brooklyn
1624,2025-02-02 15:00:00,0.35,0.0,0.0,0.0,0.0,8.669949,138.36655,Brooklyn
1625,2025-02-02 16:00:00,1.25,0.0,0.0,0.0,0.0,9.668195,155.82089,Brooklyn
1626,2025-02-02 17:00:00,1.45,0.0,0.0,0.0,0.0,12.181625,161.0295,Brooklyn
1627,2025-02-02 18:00:00,1.95,0.0,0.0,0.0,0.0,12.181625,161.0295,Brooklyn
1628,2025-02-02 19:00:00,2.5,0.0,0.0,0.0,0.0,13.379461,169.14363,Brooklyn
1629,2025-02-02 20:00:00,0.95,0.0,2.1,0.01,3.0,11.700001,165.74994,Brooklyn
1630,2025-02-02 21:00:00,1.25,0.0,2.24,0.01,3.2,11.003581,176.24835,Brooklyn
1631,2025-02-02 22:00:00,1.25,0.20000002,0.28,0.02,0.6,9.621163,197.41806,Brooklyn
1632,2024-12-30 23:00:00,8.1,0.0,0.0,0.0,0.0,14.275713,256.13895,Queens
1633,2024-12-31 00:00:00,7.4,0.0,0.0,0.0,0.0,13.849476,261.02747,Queens
1634,2024-12-31 01:00:00,6.65,0.0,0.0,0.0,0.0,12.601285,269.18155,Queens
1635,2024-12-31 02:00:00,5.9,0.0,0.0,0.0,0.0,11.362834,266.36713,Queens
1636,2024-12-31 03:00:00,5.25,0.0,0.0,0.0,0.0,10.446206,268.02512,Queens
1637,2024-12-31 04:00:00,4.7,0.0,0.0,0.0,0.0,10.086427,267.95465,Queens
1638,2024-12-31 05:00:00,4.2,0.0,0.0,0.0,0.0,9.499157,279.81924,Queens
1639,2024-12-31 06:00:00,3.8,0.0,0.0,0.0,0.0,6.489992,289.44012,Queens
1640,2024-12-31 07:00:00,3.0,0.0,0.0,0.0,0.0,3.06,270.0,Queens
1641,2024-12-31 08:00:00,3.45,0.0,0.0,0.0,0.0,4.2021427,223.26433,Queens
1642,2024-12-31 09:00:00,4.3,0.0,0.0,0.0,0.0,2.4014995,167.00539,Queens
1643,2024-12-31 10:00:00,5.9,0.0,0.0,0.0,0.0,1.5484185,125.537766,Queens
1644,2024-12-31 11:00:00,7.4,0.0,0.0,0.0,0.0,4.2481523,143.61555,Queens
1645,2024-12-31 12:00:00,8.1,0.0,0.0,0.0,0.0,6.3639607,135.0001,Queens
1646,2024-12-31 13:00:00,8.35,0.0,0.0,0.0,0.0,8.099999,126.86999,Queens
1647,2024-12-31 14:00:00,8.65,0.0,0.0,0.0,0.0,9.984729,117.950874,Queens
1648,2024-12-31 15:00:00,8.7,0.0,0.0,0.0,0.0,11.043261,109.025696,Queens
1649,2024-12-31 16:00:00,8.45,0.0,0.0,0.0,0.0,13.661038,108.43504,Queens
1650,2024-12-31 17:00:00,8.35,0.0,0.0,0.0,0.0,14.059602,108.66701,Queens
1651,2024-12-31 18:00:00,8.5,0.0,0.0,0.0,0.0,15.379206,106.31393,Queens
1652,2024-12-31 19:00:00,8.9,0.0,0.0,0.0,0.0,19.172323,102.47045,Queens
1653,2024-12-31 20:00:00,8.9,0.0,0.0,0.0,0.0,18.543495,88.887634,Queens
1654,2024-12-31 21:00:00,8.85,1.0,0.0,0.0,1.0,21.26744,92.910774,Queens
1655,2024-12-31 22:00:00,8.9,4.1,0.0,0.0,4.1,18.582766,86.11217,Queens
1656,2024-12-31 23:00:00,9.35,4.2,0.0,0.0,4.2,15.111424,102.38075,Queens
1657,2025-01-01 00:00:00,9.85,3.0,0.0,0.0,3.0,15.7754345,163.42592,Queens
1658,2025-01-01 01:00:00,9.8,0.0,0.0,0.0,0.0,17.64,180.0,Queens
1659,2025-01-01 02:00:00,9.05,0.0,0.0,0.0,0.0,12.503199,186.61336,Queens
1660,2025-01-01 03:00:00,8.9,0.0,0.0,0.0,0.0,9.67657,223.49261,Queens
1661,2025-01-01 04:00:00,8.75,0.0,0.0,0.0,0.0,14.84318,247.1663,Queens
1662,2025-01-01 05:00:00,8.35,0.0,0.0,0.0,0.0,16.120806,263.58926,Queens
1663,2025-01-01 06:00:00,7.5,0.0,0.0,0.0,0.0,16.024044,268.7127,Queens
1664,2025-01-01 07:00:00,6.45,0.0,0.0,0.0,0.0,15.659999,270.0,Queens
1665,2025-01-01 08:00:00,7.4,0.0,0.0,0.0,0.0,14.156058,258.26144,Queens
1666,2025-01-01 09:00:00,8.05,0.0,0.0,0.0,0.0,15.552041,253.87234,Queens
1667,2025-01-01 10:00:00,9.0,0.0,0.0,0.0,0.0,15.486278,250.30128,Queens
1668,2025-01-01 11:00:00,10.05,0.0,0.0,0.0,0.0,18.762356,261.17032,Queens
1669,2025-01-01 12:00:00,10.55,0.0,0.0,0.0,0.0,17.339897,265.23645,Queens
1670,2025-01-01 13:00:00,10.45,0.0,0.0,0.0,0.0,19.914217,257.4712,Queens
1671,2025-01-01 14:00:00,9.25,0.0,0.0,0.0,0.0,24.788424,275.8347,Queens
1672,2025-01-01 15:00:00,7.55,0.0,0.0,0.0,0.0,25.80788,290.83676,Queens
1673,2025-01-01 16:00:00,6.35,0.0,0.0,0.0,0.0,24.375216,290.30853,Queens
1674,2025-01-01 17:00:00,5.65,0.0,0.0,0.0,0.0,20.871464,282.95758,Queens
1675,2025-01-01 18:00:00,5.25,0.0,0.0,0.0,0.0,21.711462,281.96204,Queens
1676,2025-01-01 19:00:00,5.0,0.0,0.0,0.0,0.0,22.204296,281.2188,Queens
1677,2025-01-01 20:00:00,5.5,0.0,0.0,0.0,0.0,21.046917,282.8477,Queens
1678,2025-01-01 21:00:00,5.0,0.0,0.0,0.0,0.0,21.566975,284.5002,Queens
1679,2025-01-01 22:00:00,4.4,0.0,0.0,0.0,0.0,21.833488,285.2966,Queens
1680,2025-01-01 23:00:00,3.85,0.0,0.0,0.0,0.0,19.530622,279.54907,Queens
1681,2025-01-02 00:00:00,3.45,0.0,0.0,0.0,0.0,20.875343,277.4313,Queens
1682,2025-01-02 01:00:00,3.0,0.0,0.0,0.0,0.0,19.45333,272.12103,Queens
1683,2025-01-02 02:00:00,2.55,0.0,0.0,0.0,0.0,19.803272,271.0416,Queens
1684,2025-01-02 03:00:00,2.25,0.0,0.0,0.0,0.0,18.720863,269.4491,Queens
1685,2025-01-02 04:00:00,1.9,0.0,0.0,0.0,0.0,18.561832,267.2209,Queens
1686,2025-01-02 05:00:00,1.55,0.0,0.0,0.0,0.0,19.023027,263.4803,Queens
1687,2025-01-02 06:00:00,0.95,0.0,0.0,0.0,0.0,20.633371,263.9911,Queens
1688,2025-01-02 07:00:00,0.6,0.0,0.0,0.0,0.0,19.263363,268.9292,Queens
1689,2025-01-02 08:00:00,2.2,0.0,0.0,0.0,0.0,20.167229,268.4657,Queens
1690,2025-01-02 09:00:00,2.95,0.0,0.0,0.0,0.0,18.18,270.0,Queens
1691,2025-01-02 10:00:00,3.85,0.0,0.0,0.0,0.0,20.558647,266.48633,Queens
1692,2025-01-02 11:00:00,4.6,0.0,0.0,0.0,0.0,26.282465,283.4652,Queens
1693,2025-01-02 12:00:00,5.05,0.0,0.0,0.0,0.0,24.407097,284.95868,Queens
1694,2025-01-02 13:00:00,5.25,0.0,0.0,0.0,0.0,26.065218,284.80402,Queens
1695,2025-01-02 14:00:00,5.3,0.0,0.0,0.0,0.0,24.717743,277.95297,Queens
1696,2025-01-02 15:00:00,4.75,0.0,0.0,0.0,0.0,21.647945,273.814,Queens
1697,2025-01-02 16:00:00,3.75,0.0,0.0,0.0,0.0,24.361256,278.07013,Queens
1698,2025-01-02 17:00:00,2.65,0.0,0.0,0.0,0.0,22.637817,279.61203,Queens
1699,2025-01-02 18:00:00,1.9,0.0,0.0,0.0,0.0,19.959719,277.2531,Queens
1700,2025-01-02 19:00:00,1.55,0.0,0.0,0.0,0.0,19.917469,276.22574,Queens
1701,2025-01-02 20:00:00,1.8,0.0,0.0,0.0,0.0,21.986542,267.1845,Queens
1702,2025-01-02 21:00:00,1.5,0.0,0.0,0.0,0.0,21.611998,268.09088,Queens
1703,2025-01-02 22:00:00,1.1,0.0,0.0,0.0,0.0,19.800817,269.47916,Queens
1704,2025-01-02 23:00:00,0.7,0.0,0.0,0.0,0.0,18.727785,271.65228,Queens
1705,2025-01-03 00:00:00,0.2,0.0,0.0,0.0,0.0,17.643673,271.1691,Queens
1706,2025-01-03 01:00:00,-0.3,0.0,0.0,0.0,0.0,18.129137,276.84268,Queens
1707,2025-01-03 02:00:00,-0.55,0.0,0.0,0.0,0.0,18.557467,278.36578,Queens
1708,2025-01-03 03:00:00,-0.65,0.0,0.0,0.0,0.0,18.403185,273.9258,Queens
1709,2025-01-03 04:00:00,-0.9,0.0,0.0,0.0,0.0,17.698677,274.66678,Queens
1710,2025-01-03 05:00:00,-1.15,0.0,0.0,0.0,0.0,16.818203,275.52744,Queens
1711,2025-01-03 06:00:00,-1.35,0.0,0.0,0.0,0.0,14.944336,271.3803,Queens
1712,2025-01-03 07:00:00,-1.5,0.0,0.0,0.0,0.0,14.238215,267.10147,Queens
1713,2025-01-03 08:00:00,-0.1,0.0,0.0,0.0,0.0,15.151039,260.42584,Queens
1714,2025-01-03 09:00:00,0.45,0.0,0.0,0.0,0.0,14.759999,257.3196,Queens
1715,2025-01-03 10:00:00,1.1,0.0,0.0,0.0,0.0,16.862455,253.8865,Queens
1716,2025-01-03 11:00:00,1.65,0.0,0.0,0.0,0.0,17.534994,252.68097,Queens
1717,2025-01-03 12:00:00,2.05,0.0,0.0,0.0,0.0,17.518356,260.53775,Queens
1718,2025-01-03 13:00:00,2.55,0.0,0.0,0.0,0.0,17.134071,260.93356,Queens
1719,2025-01-03 14:00:00,2.75,0.0,0.0,0.0,0.0,17.571909,263.53027,Queens
1720,2025-01-03 15:00:00,2.9,0.0,0.0,0.0,0.0,16.584438,266.88922,Queens
1721,2025-01-03 16:00:00,2.7,0.0,0.0,0.0,0.0,12.703715,262.67368,Queens
1722,2025-01-03 17:00:00,2.25,0.0,0.0,0.0,0.0,13.379461,264.5963,Queens
1723,2025-01-03 18:00:00,1.9,0.0,0.0,0.0,0.0,13.138765,279.46225,Queens
1724,2025-01-03 19:00:00,1.4,0.0,0.0,0.0,0.0,12.483748,298.41257,Queens
1725,2025-01-03 20:00:00,0.0,0.0,0.0,0.0,0.0,10.873252,276.65433,Queens
1726,2025-01-03 21:00:00,-0.5,0.0,0.0,0.0,0.0,13.358861,284.03625,Queens
1727,2025-01-03 22:00:00,-0.85,0.0,0.0,0.0,0.0,12.81165,294.04422,Queens
1728,2025-01-03 23:00:00,-1.25,0.0,0.0,0.0,0.0,13.766176,297.23505,Queens
1729,2025-01-04 00:00:00,-1.4,0.0,0.0,0.0,0.0,15.224637,294.44394,Queens
1730,2025-01-04 01:00:00,-1.65,0.0,0.0,0.0,0.0,16.50709,297.96213,Queens
1731,2025-01-04 02:00:00,-1.85,0.0,0.0,0.0,0.0,16.42247,296.0033,Queens
1732,2025-01-04 03:00:00,-1.75,0.0,0.0,0.0,0.0,16.116785,290.25653,Queens
1733,2025-01-04 04:00:00,-1.4,0.0,0.0,0.0,0.0,16.019999,295.98917,Queens
1734,2025-01-04 05:00:00,-1.55,0.0,0.0,0.0,0.0,18.775303,302.47116,Queens
1735,2025-01-04 06:00:00,-1.85,0.0,0.0,0.0,0.0,19.32382,297.75842,Queens
1736,2025-01-04 07:00:00,-1.95,0.0,0.0,0.0,0.0,20.700783,298.5706,Queens
1737,2025-01-04 08:00:00,-1.4,0.0,0.0,0.0,0.0,19.017065,287.06293,Queens
1738,2025-01-04 09:00:00,-0.6,0.0,0.0,0.0,0.0,19.255793,290.80685,Queens
1739,2025-01-04 10:00:00,-0.1,0.0,0.0,0.0,0.0,25.344229,300.75433,Queens
1740,2025-01-04 11:00:00,-0.05,0.0,0.0,0.0,0.0,24.95452,296.56497,Queens
1741,2025-01-04 12:00:00,-0.2,0.0,0.0,0.0,0.0,23.44841,294.00714,Queens
1742,2025-01-04 13:00:00,-0.15,0.0,0.0,0.0,0.0,25.52829,298.19122,Queens
1743,2025-01-04 14:00:00,0.0,0.0,0.0,0.0,0.0,27.933077,296.39987,Queens
1744,2025-01-04 15:00:00,-0.35,0.0,0.0,0.0,0.0,24.983713,293.79483,Queens
1745,2025-01-04 16:00:00,-0.9,0.0,0.0,0.0,0.0,20.188908,291.99118,Queens
1746,2025-01-04 17:00:00,-1.45,0.0,0.0,0.0,0.0,19.353138,288.43503,Queens
1747,2025-01-04 18:00:00,-1.55,0.0,0.0,0.0,0.0,18.33616,283.627,Queens
1748,2025-01-04 19:00:00,-1.85,0.0,0.0,0.0,0.0,18.762356,278.82965,Queens
1749,2025-01-04 20:00:00,-1.8,0.0,0.0,0.0,0.0,18.180891,269.43274,Queens
1750,2025-01-04 21:00:00,-2.0,0.0,0.0,0.0,0.0,17.823635,268.84268,Queens
1751,2025-01-04 22:00:00,-2.15,0.0,0.0,0.0,0.0,18.014393,272.29056,Queens
1752,2025-01-04 23:00:00,-2.55,0.0,0.0,0.0,0.0,17.47484,272.36133,Queens
1753,2025-01-05 00:00:00,-2.75,0.0,0.0,0.0,0.0,17.95043,276.91113,Queens
1754,2025-01-05 01:00:00,-3.05,0.0,0.0,0.0,0.0,18.023384,278.61557,Queens
1755,2025-01-05 02:00:00,-3.05,0.0,0.0,0.0,0.0,17.284687,278.38315,Queens
1756,2025-01-05 03:00:00,-3.15,0.0,0.0,0.0,0.0,16.87878,277.3523,Queens
1757,2025-01-05 04:00:00,-3.25,0.0,0.0,0.0,0.0,15.367616,275.37662,Queens
1758,2025-01-05 05:00:00,-3.15,0.0,0.0,0.0,0.0,14.428097,273.57626,Queens
1759,2025-01-05 06:00:00,-3.15,0.0,0.0,0.0,0.0,14.404499,271.43207,Queens
1760,2025-01-05 07:00:00,-3.15,0.0,0.0,0.0,0.0,14.584445,271.4144,Queens
1761,2025-01-05 08:00:00,-2.85,0.0,0.0,0.0,0.0,16.801823,265.08353,Queens
1762,2025-01-05 09:00:00,-2.3,0.0,0.0,0.0,0.0,19.023027,263.4803,Queens
1763,2025-01-05 10:00:00,-1.65,0.0,0.0,0.0,0.0,20.700783,269.5018,Queens
1764,2025-01-05 11:00:00,-0.95,0.0,0.0,0.0,0.0,22.090187,284.1495,Queens
1765,2025-01-05 12:00:00,-0.6,0.0,0.0,0.0,0.0,22.142927,287.9932,Queens
1766,2025-01-05 13:00:00,-0.25,0.0,0.0,0.0,0.0,22.029236,292.5839,Queens
1767,2025-01-05 14:00:00,0.2,0.0,0.0,0.0,0.0,21.895723,296.35434,Queens
1768,2025-01-05 15:00:00,0.1,0.0,0.0,0.0,0.0,19.42416,302.5119,Queens
1769,2025-01-05 16:00:00,-0.3,0.0,0.0,0.0,0.0,17.0763,304.69522,Queens
1770,2025-01-05 17:00:00,-1.2,0.0,0.0,0.0,0.0,15.528064,304.6112,Queens
1771,2025-01-05 18:00:00,-1.5,0.0,0.0,0.0,0.0,14.917212,289.74692,Queens
1772,2025-01-05 19:00:00,-1.7,0.0,0.0,0.0,0.0,14.970331,288.2172,Queens
1773,2025-01-05 20:00:00,-1.5,0.0,0.0,0.0,0.0,14.292725,286.83755,Queens
1774,2025-01-05 21:00:00,-1.65,0.0,0.0,0.0,0.0,12.931218,286.16458,Queens
1775,2025-01-05 22:00:00,-1.8,0.0,0.0,0.0,0.0,12.32047,281.8024,Queens
1776,2025-01-05 23:00:00,-1.95,0.0,0.0,0.0,0.0,12.7546215,278.9305,Queens
1777,2025-01-06 00:00:00,-2.2,0.0,0.0,0.0,0.0,12.576836,279.0578,Queens
1778,2025-01-06 01:00:00,-2.15,0.0,0.0,0.0,0.0,11.9317045,281.3099,Queens
1779,2025-01-06 02:00:00,-2.1,0.0,0.0,0.0,0.0,10.783487,284.5002,Queens
1780,2025-01-06 03:00:00,-2.15,0.0,0.0,0.0,0.0,9.582359,275.38922,Queens
1781,2025-01-06 04:00:00,-2.1,0.0,0.0,0.0,0.0,7.754637,291.80148,Queens
1782,2025-01-06 05:00:00,-2.05,0.0,0.0,0.0,0.0,6.320538,289.9832,Queens
1783,2025-01-06 06:00:00,-1.85,0.0,0.0,0.0,0.0,5.0688457,276.11542,Queens
1784,2025-01-06 07:00:00,-1.7,0.0,0.0,0.0,0.0,4.2136917,289.9832,Queens
1785,2025-01-06 08:00:00,-1.8,0.0,0.0,0.0,0.0,3.604497,272.86234,Queens
1786,2025-01-06 09:00:00,-1.7,0.0,0.07,0.0,0.1,1.9134263,311.18582,Queens
1787,2025-01-06 10:00:00,-1.55,0.0,0.14,0.0,0.2,2.1897945,9.462248,Queens
1788,2025-01-06 11:00:00,-1.6,0.0,0.28,0.0,0.4,3.4152596,18.435053,Queens
1789,2025-01-06 12:00:00,-1.7,0.0,0.42000002,0.01,0.6,4.5572357,9.090207,Queens
1790,2025-01-06 13:00:00,-1.75,0.0,0.14,0.01,0.2,5.506941,11.3098955,Queens
1791,2025-01-06 14:00:00,-1.7,0.0,0.07,0.01,0.1,5.8048253,7.12493,Queens
1792,2025-01-06 15:00:00,-1.65,0.0,0.07,0.02,0.1,9.403169,5.492242,Queens
1793,2025-01-06 16:00:00,-1.6,0.0,0.0,0.02,0.0,10.920824,8.530679,Queens
1794,2025-01-06 17:00:00,-1.65,0.0,0.0,0.02,0.0,10.081606,1.0230169,Queens
1795,2025-01-06 18:00:00,-1.9,0.0,0.0,0.02,0.0,13.690654,2.2604558,Queens
1796,2025-01-06 19:00:00,-2.8,0.0,0.0,0.02,0.0,12.971244,357.6141,Queens
1797,2025-01-06 20:00:00,-3.35,0.0,0.0,0.02,0.0,15.328561,350.53775,Queens
1798,2025-01-06 21:00:00,-3.9,0.0,0.0,0.02,0.0,18.406704,350.99832,Queens
1799,2025-01-06 22:00:00,-4.55,0.0,0.0,0.02,0.0,19.21284,344.7919,Queens
1800,2025-01-06 23:00:00,-5.0,0.0,0.07,0.02,0.1,18.720001,337.3801,Queens
1801,2025-01-07 00:00:00,-6.1,0.0,0.0,0.02,0.0,18.645428,329.22604,Queens
1802,2025-01-07 01:00:00,-7.2,0.0,0.0,0.02,0.0,20.343184,329.12326,Queens
1803,2025-01-07 02:00:00,-8.05,0.0,0.0,0.02,0.0,22.057894,332.80774,Queens
1804,2025-01-07 03:00:00,-8.4,0.0,0.0,0.02,0.0,22.62708,332.00803,Queens
1805,2025-01-07 04:00:00,-8.25,0.0,0.0,0.02,0.0,19.370708,326.75293,Queens
1806,2025-01-07 05:00:00,-7.7,0.0,0.0,0.02,0.0,18.75631,322.8001,Queens
1807,2025-01-07 06:00:00,-7.4,0.0,0.0,0.01,0.0,16.546299,315.0001,Queens
1808,2025-01-07 07:00:00,-6.9,0.0,0.0,0.01,0.0,17.725203,304.65842,Queens
1809,2025-01-07 08:00:00,-6.1,0.0,0.0,0.01,0.0,21.261345,298.30066,Queens
1810,2025-01-07 09:00:00,-5.45,0.0,0.0,0.01,0.0,23.760683,298.50644,Queens
1811,2025-01-07 10:00:00,-4.65,0.0,0.0,0.01,0.0,24.975931,301.7427,Queens
1812,2025-01-07 11:00:00,-4.55,0.0,0.0,0.01,0.0,36.05441,305.03894,Queens
1813,2025-01-07 12:00:00,-3.65,0.0,0.0,0.01,0.0,26.564486,296.56497,Queens
1814,2025-01-07 13:00:00,-3.05,0.0,0.0,0.01,0.0,32.682762,310.53275,Queens
1815,2025-01-07 14:00:00,-2.6,0.0,0.0,0.01,0.0,26.964577,309.8545,Queens
1816,2025-01-07 15:00:00,-2.7,0.0,0.0,0.01,0.0,30.83889,309.07764,Queens
1817,2025-01-07 16:00:00,-3.25,0.0,0.0,0.01,0.0,31.115017,305.3451,Queens
1818,2025-01-07 17:00:00,-3.2,0.0,0.0,0.01,0.0,28.479843,307.81152,Queens
1819,2025-01-07 18:00:00,-3.45,0.0,0.0,0.01,0.0,27.358225,304.00378,Queens
1820,2025-01-07 19:00:00,-3.1,0.0,0.0,0.01,0.0,24.31333,303.21948,Queens
1821,2025-01-07 20:00:00,-2.55,0.0,0.0,0.01,0.0,19.726225,295.39587,Queens
1822,2025-01-07 21:00:00,-2.95,0.0,0.0,0.01,0.0,17.615187,291.584,Queens
1823,2025-01-07 22:00:00,-2.95,0.0,0.0,0.01,0.0,17.791796,295.78726,Queens
1824,2025-01-07 23:00:00,-3.2,0.0,0.0,0.01,0.0,18.606289,294.58154,Queens
1825,2025-01-08 00:00:00,-3.1,0.0,0.0,0.01,0.0,20.025352,305.11865,Queens
1826,2025-01-08 01:00:00,-3.4,0.0,0.0,0.01,0.0,20.188908,301.13892,Queens
1827,2025-01-08 02:00:00,-3.55,0.0,0.0,0.01,0.0,21.872036,309.32257,Queens
1828,2025-01-08 03:00:00,-3.95,0.0,0.0,0.01,0.0,20.775774,307.9621,Queens
1829,2025-01-08 04:00:00,-4.25,0.0,0.0,0.01,0.0,20.304926,310.32574,Queens
1830,2025-01-08 05:00:00,-4.35,0.0,0.0,0.01,0.0,19.570396,304.1286,Queens
1831,2025-01-08 06:00:00,-4.3,0.0,0.0,0.01,0.0,18.532135,299.0545,Queens
1832,2025-01-08 07:00:00,-4.5,0.0,0.0,0.01,0.0,18.183563,301.64462,Queens
1833,2025-01-08 08:00:00,-4.1,0.0,0.0,0.01,0.0,19.576189,302.22873,Queens
1834,2025-01-08 09:00:00,-3.6,0.0,0.0,0.01,0.0,23.760681,307.30402,Queens
1835,2025-01-08 10:00:00,-3.0,0.0,0.0,0.01,0.0,26.260265,303.25436,Queens
1836,2025-01-08 11:00:00,-2.6,0.0,0.0,0.01,0.0,23.667776,297.1496,Queens
1837,2025-01-08 12:00:00,-2.5,0.0,0.0,0.01,0.0,27.37243,297.4075,Queens
1838,2025-01-08 13:00:00,-2.4,0.0,0.0,0.01,0.0,26.243607,296.03775,Queens
1839,2025-01-08 14:00:00,-2.6,0.0,0.0,0.01,0.0,28.344713,298.02957,Queens
1840,2025-01-08 15:00:00,-2.9,0.0,0.0,0.01,0.0,26.33296,298.1415,Queens
1841,2025-01-08 16:00:00,-3.8,0.0,0.0,0.01,0.0,24.514387,299.95352,Queens
1842,2025-01-08 17:00:00,-5.0,0.0,0.0,0.01,0.0,22.62708,297.99194,Queens
1843,2025-01-08 18:00:00,-5.75,0.0,0.0,0.01,0.0,22.468296,298.2074,Queens
1844,2025-01-08 19:00:00,-6.1,0.0,0.0,0.0,0.0,21.2522,296.13095,Queens
1845,2025-01-08 20:00:00,-5.1,0.0,0.0,0.0,0.0,22.466133,295.12778,Queens
1846,2025-01-08 21:00:00,-5.35,0.0,0.0,0.0,0.0,22.956175,294.55548,Queens
1847,2025-01-08 22:00:00,-5.75,0.0,0.0,0.0,0.0,23.33136,292.21188,Queens
1848,2025-01-08 23:00:00,-5.9,0.0,0.0,0.0,0.0,22.96464,291.1343,Queens
1849,2025-01-09 00:00:00,-6.15,0.0,0.0,0.0,0.0,24.41705,293.91962,Queens
1850,2025-01-09 01:00:00,-6.15,0.0,0.0,0.0,0.0,24.555325,297.50415,Queens
1851,2025-01-09 02:00:00,-6.0,0.0,0.0,0.0,0.0,24.310665,296.37527,Queens
1852,2025-01-09 03:00:00,-5.7,0.0,0.0,0.0,0.0,25.025827,305.63358,Queens
1853,2025-01-09 04:00:00,-5.85,0.0,0.0,0.0,0.0,22.916622,304.43906,Queens
1854,2025-01-09 05:00:00,-5.7,0.0,0.0,0.0,0.0,25.364037,304.59235,Queens
1855,2025-01-09 06:00:00,-5.75,0.0,0.0,0.0,0.0,24.27265,305.34018,Queens
1856,2025-01-09 07:00:00,-5.65,0.0,0.0,0.0,0.0,23.269482,304.91946,Queens
1857,2025-01-09 08:00:00,-4.5,0.0,0.0,0.0,0.0,24.864119,302.88477,Queens
1858,2025-01-09 09:00:00,-3.95,0.0,0.0,0.0,0.0,23.27296,298.1506,Queens
1859,2025-01-09 10:00:00,-3.6,0.0,0.0,0.0,0.0,25.762016,303.02386,Queens
1860,2025-01-09 11:00:00,-3.1,0.0,0.0,0.0,0.0,24.965551,304.72134,Queens
1861,2025-01-09 12:00:00,-2.0,0.0,0.0,0.0,0.0,27.865139,307.38812,Queens
1862,2025-01-09 13:00:00,-1.7,0.0,0.0,0.0,0.0,29.109959,310.48593,Queens
1863,2025-01-09 14:00:00,-1.45,0.0,0.0,0.0,0.0,29.787687,314.02075,Queens
1864,2025-01-09 15:00:00,-2.15,0.0,0.0,0.0,0.0,28.390398,313.71564,Queens
1865,2025-01-09 16:00:00,-3.0,0.0,0.0,0.0,0.0,28.274326,312.9362,Queens
1866,2025-01-09 17:00:00,-3.05,0.0,0.0,0.0,0.0,27.534704,318.1799,Queens
1867,2025-01-09 18:00:00,-3.55,0.0,0.0,0.0,0.0,25.890608,318.66428,Queens
1868,2025-01-09 19:00:00,-3.25,0.0,0.0,0.0,0.0,25.837994,315.28223,Queens
1869,2025-01-09 20:00:00,-1.95,0.0,0.0,0.0,0.0,25.966208,314.43835,Queens
1870,2025-01-09 21:00:00,-1.85,0.0,0.0,0.0,0.0,24.064188,316.51535,Queens
1871,2025-01-09 22:00:00,-1.75,0.0,0.0,0.0,0.0,23.350794,319.06348,Queens
1872,2025-01-09 23:00:00,-1.75,0.0,0.0,0.0,0.0,23.17041,316.25897,Queens
1873,2025-01-10 00:00:00,-2.1,0.0,0.0,0.0,0.0,22.678572,312.42657,Queens
1874,2025-01-10 01:00:00,-2.4,0.0,0.0,0.0,0.0,23.0407,315.94946,Queens
1875,2025-01-10 02:00:00,-2.65,0.0,0.0,0.0,0.0,22.5,323.13,Queens
1876,2025-01-10 03:00:00,-2.7,0.0,0.0,0.0,0.0,21.03229,318.12222,Queens
1877,2025-01-10 04:00:00,-2.85,0.0,0.0,0.0,0.0,19.586119,323.97253,Queens
1878,2025-01-10 05:00:00,-2.95,0.0,0.0,0.0,0.0,19.320465,326.0138,Queens
1879,2025-01-10 06:00:00,-3.0,0.0,0.0,0.0,0.0,18.971008,326.61145,Queens
1880,2025-01-10 07:00:00,-3.15,0.0,0.0,0.0,0.0,17.401447,320.8774,Queens
1881,2025-01-10 08:00:00,-2.25,0.0,0.0,0.0,0.0,17.564533,315.0001,Queens
1882,2025-01-10 09:00:00,-1.2,0.0,0.0,0.0,0.0,14.766584,314.01233,Queens
1883,2025-01-10 10:00:00,-0.35,0.0,0.0,0.0,0.0,15.048042,323.2671,Queens
1884,2025-01-10 11:00:00,0.9,0.0,0.0,0.0,0.0,13.3649235,315.5456,Queens
1885,2025-01-10 12:00:00,2.1,0.0,0.0,0.0,0.0,14.410121,318.54486,Queens
1886,2025-01-10 13:00:00,2.9,0.0,0.0,0.0,0.0,13.624228,316.60596,Queens
1887,2025-01-10 14:00:00,3.2,0.0,0.0,0.0,0.0,12.172312,308.3952,Queens
1888,2025-01-10 15:00:00,3.0,0.0,0.0,0.0,0.0,11.19189,297.80136,Queens
1889,2025-01-10 16:00:00,2.3,0.0,0.0,0.0,0.0,9.292255,291.59537,Queens
1890,2025-01-10 17:00:00,1.45,0.0,0.0,0.0,0.0,8.604301,285.78082,Queens
1891,2025-01-10 18:00:00,0.8,0.0,0.0,0.0,0.0,8.723967,291.80145,Queens
1892,2025-01-10 19:00:00,0.1,0.0,0.0,0.0,0.0,9.904906,289.0936,Queens
1893,2025-01-10 20:00:00,0.95,0.0,0.0,0.0,0.0,8.482947,287.2816,Queens
1894,2025-01-10 21:00:00,0.55,0.0,0.0,0.0,0.0,7.613382,276.78888,Queens
1895,2025-01-10 22:00:00,0.25,0.0,0.0,0.0,0.0,6.12,298.0724,Queens
1896,2025-01-10 23:00:00,-0.05,0.0,0.0,0.0,0.0,4.6452556,305.53775,Queens
1897,2025-01-11 00:00:00,-0.25,0.0,0.0,0.0,0.0,4.5891175,258.6901,Queens
1898,2025-01-11 01:00:00,-0.25,0.0,0.0,0.0,0.0,6.2483597,258.3664,Queens
1899,2025-01-11 02:00:00,-0.5,0.0,0.07,0.0,0.1,4.186693,244.5367,Queens
1900,2025-01-11 03:00:00,-0.75,0.0,0.14,0.0,0.2,7.8480825,233.39284,Queens
1901,2025-01-11 04:00:00,-1.15,0.0,0.21000001,0.0,0.3,9.504272,232.69597,Queens
1902,2025-01-11 05:00:00,-1.65,0.0,0.35,0.0,0.5,6.8989563,254.87593,Queens
1903,2025-01-11 06:00:00,-2.1,0.0,0.28,0.0,0.4,5.506941,281.3099,Queens
1904,2025-01-11 07:00:00,-2.35,0.0,0.07,0.0,0.1,5.3305535,281.68933,Queens
1905,2025-01-11 08:00:00,-2.4,0.0,0.0,0.0,0.0,5.6492476,300.65057,Queens
1906,2025-01-11 09:00:00,-2.2,0.0,0.0,0.0,0.0,6.015878,308.92755,Queens
1907,2025-01-11 10:00:00,-1.4,0.0,0.0,0.0,0.0,6.522361,309.40063,Queens
1908,2025-01-11 11:00:00,-0.7,0.0,0.0,0.0,0.0,10.296251,323.53067,Queens
1909,2025-01-11 12:00:00,-0.25,0.0,0.0,0.0,0.0,12.5807,326.08252,Queens
1910,2025-01-11 13:00:00,0.05,0.0,0.0,0.0,0.0,14.041154,323.86453,Queens
1911,2025-01-11 14:00:00,0.25,0.0,0.0,0.0,0.0,16.489416,323.88055,Queens
1912,2025-01-11 15:00:00,0.3,0.0,0.0,0.0,0.0,15.696165,323.39282,Queens
1913,2025-01-11 16:00:00,0.25,0.0,0.0,0.0,0.0,13.413321,319.89914,Queens
1914,2025-01-11 17:00:00,0.1,0.0,0.0,0.0,0.0,15.156384,307.27826,Queens
1915,2025-01-11 18:00:00,-0.4,0.0,0.0,0.0,0.0,16.16496,315.45108,Queens
1916,2025-01-11 19:00:00,-1.55,0.0,0.0,0.0,0.0,17.564533,315.0001,Queens
1917,2025-01-11 20:00:00,-1.05,0.0,0.0,0.0,0.0,18.47698,312.23608,Queens
1918,2025-01-11 21:00:00,-1.3,0.0,0.0,0.0,0.0,18.329973,315.79562,Queens
1919,2025-01-11 22:00:00,-1.5,0.0,0.0,0.0,0.0,17.884428,319.89914,Queens
1920,2025-01-11 23:00:00,-1.5,0.0,0.0,0.0,0.0,16.782528,321.5321,Queens
1921,2025-01-12 00:00:00,-1.5,0.0,0.0,0.0,0.0,16.13286,324.53656,Queens
1922,2025-01-12 01:00:00,-1.4,0.0,0.0,0.0,0.0,15.233148,324.61966,Queens
1923,2025-01-12 02:00:00,-1.05,0.0,0.0,0.0,0.0,12.830604,325.864,Queens
1924,2025-01-12 03:00:00,-0.8,0.0,0.0,0.0,0.0,10.9859,325.0079,Queens
1925,2025-01-12 04:00:00,-0.9,0.0,0.0,0.0,0.0,9.867218,308.33337,Queens
1926,2025-01-12 05:00:00,-1.1,0.0,0.0,0.0,0.0,10.404249,300.11365,Queens
1927,2025-01-12 06:00:00,-1.35,0.0,0.0,0.0,0.0,9.587428,320.33218,Queens
1928,2025-01-12 07:00:00,-1.7,0.0,0.0,0.0,0.0,7.5363917,319.84406,Queens
1929,2025-01-12 08:00:00,-1.1,0.0,0.0,0.0,0.0,7.587806,292.30624,Queens
1930,2025-01-12 09:00:00,0.1,0.0,0.0,0.0,0.0,8.0599,293.70264,Queens
1931,2025-01-12 10:00:00,1.65,0.0,0.0,0.0,0.0,9.039514,305.2725,Queens
1932,2025-01-12 11:00:00,2.55,0.0,0.0,0.0,0.0,9.2660675,299.0545,Queens
1933,2025-01-12 12:00:00,3.35,0.0,0.0,0.0,0.0,10.404249,307.26648,Queens
1934,2025-01-12 13:00:00,4.4,0.0,0.0,0.0,0.0,10.348043,310.0607,Queens
1935,2025-01-12 14:00:00,4.45,0.0,0.0,0.0,0.0,9.913082,299.35767,Queens
1936,2025-01-12 15:00:00,4.35,0.0,0.0,0.0,0.0,8.244708,306.11945,Queens
1937,2025-01-12 16:00:00,3.7,0.0,0.0,0.0,0.0,6.299999,323.13,Queens
1938,2025-01-12 17:00:00,2.0,0.0,0.0,0.0,0.0,1.8532133,299.0545,Queens
1939,2025-01-12 18:00:00,1.75,0.0,0.0,0.0,0.0,3.319036,220.60121,Queens
1940,2025-01-12 19:00:00,1.6,0.0,0.0,0.0,0.0,4.3498964,245.55606,Queens
1941,2025-01-12 20:00:00,1.35,0.0,0.0,0.0,0.0,5.7402787,311.18582,Queens
1942,2025-01-12 21:00:00,0.9,0.0,0.0,0.0,0.0,6.1226463,294.30453,Queens
1943,2025-01-12 22:00:00,0.45,0.0,0.0,0.0,0.0,5.8298883,261.11942,Queens
1944,2025-01-12 23:00:00,0.8,0.0,0.0,0.0,0.0,5.9834766,248.83867,Queens
1945,2025-01-13 00:00:00,0.9,0.0,0.0,0.0,0.0,7.0199995,247.3801,Queens
1946,2025-01-13 01:00:00,0.95,0.0,0.0,0.0,0.0,8.0599,246.29735,Queens
1947,2025-01-13 02:00:00,0.6,0.0,0.0,0.0,0.0,7.970972,244.59233,Queens
1948,2025-01-13 03:00:00,0.5,0.0,0.0,0.0,0.0,8.536252,245.05612,Queens
1949,2025-01-13 04:00:00,0.25,0.0,0.0,0.0,0.0,8.305396,240.10118,Queens
1950,2025-01-13 05:00:00,0.0,0.0,0.0,0.0,0.0,8.893166,234.0578,Queens
1951,2025-01-13 06:00:00,-0.15,0.0,0.0,0.0,0.0,10.548061,233.32556,Queens
1952,2025-01-13 07:00:00,-0.35,0.0,0.0,0.0,0.0,10.560341,240.37634,Queens
1953,2025-01-13 08:00:00,-0.05,0.0,0.0,0.0,0.0,10.717182,240.85202,Queens
1954,2025-01-13 09:00:00,0.75,0.0,0.0,0.0,0.0,9.580668,244.39786,Queens
1955,2025-01-13 10:00:00,1.6,0.0,0.0,0.0,0.0,9.499158,242.94948,Queens
1956,2025-01-13 11:00:00,2.35,0.0,0.0,0.0,0.0,8.891343,238.24055,Queens
1957,2025-01-13 12:00:00,2.85,0.0,0.0,0.0,0.0,9.473541,231.17017,Queens
1958,2025-01-13 13:00:00,4.3,0.0,0.0,0.0,0.0,10.00256,210.25635,Queens
1959,2025-01-13 14:00:00,5.35,0.0,0.0,0.0,0.0,13.369771,226.63654,Queens
1960,2025-01-13 15:00:00,6.15,0.0,0.0,0.0,0.0,17.968472,259.0278,Queens
1961,2025-01-13 16:00:00,5.15,0.0,0.0,0.0,0.0,18.844202,263.41815,Queens
1962,2025-01-13 17:00:00,3.95,0.0,0.0,0.0,0.0,19.98081,270.51614,Queens
1963,2025-01-13 18:00:00,2.85,0.0,0.0,0.0,0.0,14.248452,273.6214,Queens
1964,2025-01-13 19:00:00,2.1,0.0,0.0,0.0,0.0,12.599999,270.0,Queens
1965,2025-01-13 20:00:00,2.05,0.0,0.0,0.0,0.0,12.016938,253.46509,Queens
1966,2025-01-13 21:00:00,1.4,0.0,0.0,0.0,0.0,12.785069,268.3865,Queens
1967,2025-01-13 22:00:00,1.25,0.0,0.0,0.0,0.0,13.878688,267.02634,Queens
1968,2025-01-13 23:00:00,0.85,0.0,0.0,0.0,0.0,14.588885,279.2298,Queens
1969,2025-01-14 00:00:00,0.2,0.0,0.0,0.0,0.0,11.282711,303.94363,Queens
1970,2025-01-14 01:00:00,-0.4,0.0,0.0,0.0,0.0,10.228373,298.36896,Queens
1971,2025-01-14 02:00:00,-0.95,0.0,0.0,0.0,0.0,10.6261,296.13095,Queens
1972,2025-01-14 03:00:00,-1.5,0.0,0.0,0.0,0.0,11.090103,305.75397,Queens
1973,2025-01-14 04:00:00,-2.0,0.0,0.0,0.0,0.0,12.229406,312.614,Queens
1974,2025-01-14 05:00:00,-2.5,0.0,0.0,0.0,0.0,13.1412325,306.08517,Queens
1975,2025-01-14 06:00:00,-2.85,0.0,0.0,0.0,0.0,14.978984,302.7352,Queens
1976,2025-01-14 07:00:00,-3.25,0.0,0.0,0.0,0.0,17.161469,294.14554,Queens
1977,2025-01-14 08:00:00,-2.35,0.0,0.0,0.0,0.0,18.1041,287.3541,Queens
1978,2025-01-14 09:00:00,-2.1,0.0,0.0,0.0,0.0,19.137648,286.38962,Queens
1979,2025-01-14 10:00:00,-1.6,0.0,0.0,0.0,0.0,21.46835,290.10632,Queens
1980,2025-01-14 11:00:00,-1.3,0.0,0.0,0.0,0.0,23.532547,299.3099,Queens
1981,2025-01-14 12:00:00,-1.15,0.0,0.0,0.0,0.0,21.426807,301.9543,Queens
1982,2025-01-14 13:00:00,-0.2,0.0,0.0,0.0,0.0,21.980644,301.60745,Queens
1983,2025-01-14 14:00:00,-0.1,0.0,0.0,0.0,0.0,20.33044,290.1999,Queens
1984,2025-01-14 15:00:00,0.1,0.0,0.0,0.0,0.0,18.818396,291.90323,Queens
1985,2025-01-14 16:00:00,-0.1,0.0,0.0,0.0,0.0,16.224981,287.42996,Queens
1986,2025-01-14 17:00:00,-1.1,0.0,0.0,0.0,0.0,14.759999,282.68036,Queens
1987,2025-01-14 18:00:00,-1.65,0.0,0.0,0.0,0.0,15.536408,280.0079,Queens
1988,2025-01-14 19:00:00,-2.05,0.0,0.0,0.0,0.0,16.068466,279.67328,Queens
1989,2025-01-14 20:00:00,-1.9,0.0,0.0,0.0,0.0,16.42839,274.39862,Queens
1990,2025-01-14 21:00:00,-2.3,0.0,0.0,0.0,0.0,17.026896,283.44864,Queens
1991,2025-01-14 22:00:00,-2.5,0.0,0.0,0.0,0.0,16.260885,296.28134,Queens
1992,2025-01-14 23:00:00,-2.75,0.0,0.0,0.0,0.0,18.218275,307.77576,Queens
1993,2025-01-15 00:00:00,-3.8,0.0,0.0,0.0,0.0,21.366234,299.80466,Queens
1994,2025-01-15 01:00:00,-4.3,0.0,0.0,0.0,0.0,20.343184,300.87674,Queens
1995,2025-01-15 02:00:00,-4.7,0.0,0.0,0.0,0.0,20.778112,305.48007,Queens
1996,2025-01-15 03:00:00,-4.9,0.0,0.0,0.0,0.0,19.67195,304.5626,Queens
1997,2025-01-15 04:00:00,-5.1,0.0,0.0,0.0,0.0,19.440832,306.33948,Queens
1998,2025-01-15 05:00:00,-5.25,0.0,0.0,0.0,0.0,19.046858,300.6851,Queens
1999,2025-01-15 06:00:00,-5.05,0.0,0.0,0.0,0.0,17.146358,296.83395,Queens
2000,2025-01-15 07:00:00,-4.75,0.0,0.0,0.0,0.0,17.52298,303.6901,Queens
2001,2025-01-15 08:00:00,-4.2,0.0,0.0,0.0,0.0,18.183563,301.64462,Queens
2002,2025-01-15 09:00:00,-3.25,0.0,0.0,0.0,0.0,18.645428,300.77396,Queens
2003,2025-01-15 10:00:00,-2.2,0.0,0.0,0.01,0.0,23.809721,316.53152,Queens
2004,2025-01-15 11:00:00,-1.5,0.0,0.0,0.01,0.0,24.20448,317.41107,Queens
2005,2025-01-15 12:00:00,-1.25,0.0,0.0,0.01,0.0,22.922983,313.09085,Queens
2006,2025-01-15 13:00:00,-1.25,0.0,0.0,0.01,0.0,23.424908,313.7547,Queens
2007,2025-01-15 14:00:00,-1.25,0.0,0.0,0.01,0.0,22.274227,315.3274,Queens
2008,2025-01-15 15:00:00,-1.45,0.0,0.0,0.01,0.0,20.247398,313.19885,Queens
2009,2025-01-15 16:00:00,-1.75,0.0,0.0,0.01,0.0,21.510565,314.661,Queens
2010,2025-01-15 17:00:00,-2.4,0.0,0.0,0.0025,0.0,16.109749,309.55963,Queens
2011,2025-01-15 18:00:00,-2.85,0.0,0.0,0.005,0.0,15.934829,311.7947,Queens
2012,2025-01-15 19:00:00,-3.1,0.0,0.0,0.0075,0.0,13.902015,318.6746,Queens
2013,2025-01-15 20:00:00,-2.55,0.0,0.0,0.01,0.0,14.650938,312.5104,Queens
2014,2025-01-15 21:00:00,-2.75,0.0,0.0,0.01,0.0,12.870944,312.16583,Queens
2015,2025-01-15 22:00:00,-2.85,0.0,0.0,0.01,0.0,10.385547,295.67676,Queens
2016,2025-01-15 23:00:00,-3.05,0.0,0.0,0.01,0.0,8.790563,280.6196,Queens
2017,2025-01-16 00:00:00,-3.15,0.0,0.0,0.01,0.0,9.0645685,276.84268,Queens
2018,2025-01-16 01:00:00,-2.95,0.0,0.0,0.01,0.0,9.721666,271.06088,Queens
2019,2025-01-16 02:00:00,-2.65,0.0,0.0,0.01,0.0,10.1376915,263.88458,Queens
2020,2025-01-16 03:00:00,-2.85,0.0,0.0,0.01,0.0,12.425216,268.33975,Queens
2021,2025-01-16 04:00:00,-3.45,0.0,0.0,0.01,0.0,12.049249,283.82867,Queens
2022,2025-01-16 05:00:00,-3.95,0.0,0.0,0.01,0.0,9.6480665,284.03625,Queens
2023,2025-01-16 06:00:00,-4.45,0.0,0.0,0.01,0.0,8.553314,278.47107,Queens
2024,2025-01-16 07:00:00,-4.95,0.0,0.0,0.01,0.0,8.64,270.0,Queens
2025,2025-01-16 08:00:00,-5.3,0.0,0.0,0.01,0.0,10.182337,261.87,Queens
2026,2025-01-16 09:00:00,-4.75,0.0,0.0,0.01,0.0,10.158444,262.8751,Queens
2027,2025-01-16 10:00:00,-3.75,0.0,0.0,0.01,0.0,9.473541,255.69969,Queens
2028,2025-01-16 11:00:00,-2.8,0.0,0.0,0.01,0.0,9.236298,236.92932,Queens
2029,2025-01-16 12:00:00,-2.05,0.0,0.0,0.01,0.0,11.480557,228.81418,Queens
2030,2025-01-16 13:00:00,-1.3,0.0,0.0,0.01,0.0,11.720751,222.5104,Queens
2031,2025-01-16 14:00:00,-1.15,0.0,0.0,0.01,0.0,11.854062,228.07755,Queens
2032,2025-01-16 15:00:00,-1.05,0.0,0.0,0.01,0.0,11.738705,234.3601,Queens
2033,2025-01-16 16:00:00,-1.4,0.0,0.07,0.01,0.1,10.152064,232.92683,Queens
2034,2025-01-16 17:00:00,-1.6,0.0,0.07,0.01,0.1,7.9383874,237.0306,Queens
2035,2025-01-16 18:00:00,-1.45,0.0,0.0,0.01,0.0,7.1684303,241.50446,Queens
2036,2025-01-16 19:00:00,-1.4,0.0,0.0,0.01,0.0,8.452336,243.43501,Queens
2037,2025-01-16 20:00:00,-1.8,0.0,0.07,0.01,0.1,10.730778,247.30617,Queens
2038,2025-01-16 21:00:00,-2.15,0.0,0.07,0.01,0.1,10.644379,251.25856,Queens
2039,2025-01-16 22:00:00,-2.4,0.0,0.0,0.01,0.0,11.16145,270.924,Queens
2040,2025-01-16 23:00:00,-2.5,0.0,0.0,0.01,0.0,10.158444,277.1249,Queens
2041,2025-01-17 00:00:00,-3.1,0.0,0.0,0.01,0.0,9.96524,286.79846,Queens
2042,2025-01-17 01:00:00,-3.2,0.0,0.0,0.01,0.0,9.914717,285.80258,Queens
2043,2025-01-17 02:00:00,-3.5,0.0,0.0,0.01,0.0,10.304115,289.3846,Queens
2044,2025-01-17 03:00:00,-3.8,0.0,0.0,0.01,0.0,9.266067,294.0755,Queens
2045,2025-01-17 04:00:00,-3.95,0.0,0.0,0.01,0.0,9.102021,294.53772,Queens
2046,2025-01-17 05:00:00,-4.1,0.0,0.0,0.01,0.0,9.526405,292.20352,Queens
2047,2025-01-17 06:00:00,-4.15,0.0,0.0,0.01,0.0,10.385547,295.67676,Queens
2048,2025-01-17 07:00:00,-4.0,0.0,0.0,0.01,0.0,10.404249,300.11365,Queens
2049,2025-01-17 08:00:00,-3.7,0.0,0.0,0.01,0.0,9.734987,289.44012,Queens
2050,2025-01-17 09:00:00,-2.4,0.0,0.0,0.01,0.0,9.172938,285.94547,Queens
2051,2025-01-17 10:00:00,-0.45,0.0,0.0,0.01,0.0,8.297589,282.5288,Queens
2052,2025-01-17 11:00:00,1.3,0.0,0.0,0.01,0.0,8.107996,267.45526,Queens
2053,2025-01-17 12:00:00,2.4,0.0,0.0,0.01,0.0,7.5685663,244.65387,Queens
2054,2025-01-17 13:00:00,3.1,0.0,0.0,0.01,0.0,8.427383,250.0168,Queens
2055,2025-01-17 14:00:00,4.05,0.0,0.0,0.01,0.0,9.0018,258.4654,Queens
2056,2025-01-17 15:00:00,4.4,0.0,0.0,0.01,0.0,7.3469996,239.03632,Queens
2057,2025-01-17 16:00:00,3.8,0.0,0.0,0.01,0.0,5.771239,183.57626,Queens
2058,2025-01-17 17:00:00,2.6,0.0,0.0,0.01,0.0,6.6794305,194.03627,Queens
2059,2025-01-17 18:00:00,2.45,0.0,0.0,0.01,0.0,6.439876,206.56499,Queens
2060,2025-01-17 19:00:00,2.65,0.0,0.0,0.01,0.0,9.266067,204.0755,Queens
2061,2025-01-17 20:00:00,2.65,0.0,0.0,0.01,0.0,8.891343,211.75943,Queens
2062,2025-01-17 21:00:00,2.5,0.0,0.0,0.01,0.0,12.659004,209.84584,Queens
2063,2025-01-17 22:00:00,2.6,0.0,0.0,0.01,0.0,15.141414,208.39293,Queens
2064,2025-01-17 23:00:00,1.85,0.0,0.0,0.01,0.0,13.929953,212.86867,Queens
2065,2025-01-18 00:00:00,1.15,0.0,0.0,0.01,0.0,13.5,216.86998,Queens
2066,2025-01-18 01:00:00,1.0,0.0,0.0,0.01,0.0,13.306615,210.03319,Queens
2067,2025-01-18 02:00:00,1.35,0.0,0.0,0.01,0.0,14.007655,205.90645,Queens
2068,2025-01-18 03:00:00,1.6,0.0,0.0,0.01,0.0,14.813683,207.49905,Queens
2069,2025-01-18 04:00:00,2.2,0.0,0.0,0.01,0.0,16.09969,206.56499,Queens
2070,2025-01-18 05:00:00,2.6,0.0,0.0,0.01,0.0,16.192997,204.28581,Queens
2071,2025-01-18 06:00:00,3.1,0.0,0.0,0.01,0.0,16.396805,197.24155,Queens
2072,2025-01-18 07:00:00,3.8,0.0,0.0,0.01,0.0,17.615187,191.19507,Queens
2073,2025-01-18 08:00:00,4.9,0.0,0.0,0.01,0.0,21.210234,186.82336,Queens
2074,2025-01-18 09:00:00,5.85,0.0,0.0,0.01,0.0,21.2522,181.94144,Queens
2075,2025-01-18 10:00:00,6.8,0.0,0.0,0.01,0.0,21.960737,180.46962,Queens
2076,2025-01-18 11:00:00,7.0,0.0,0.0,0.01,0.0,21.103033,171.66264,Queens
2077,2025-01-18 12:00:00,7.05,0.0,0.0,0.01,0.0,20.364674,171.86998,Queens
2078,2025-01-18 13:00:00,7.0,0.1,0.0,0.01,0.1,18.360882,180.56169,Queens
2079,2025-01-18 14:00:00,6.95,0.5,0.0,0.01,0.5,14.087228,190.3048,Queens
2080,2025-01-18 15:00:00,6.4,0.7,0.0,0.01,0.7,9.144637,190.20392,Queens
2081,2025-01-18 16:00:00,6.3,0.3,0.0,0.01,0.3,5.068846,196.50444,Queens
2082,2025-01-18 17:00:00,5.4,0.5,0.0,0.01,0.5,4.186693,205.4633,Queens
2083,2025-01-18 18:00:00,5.15,0.0,0.0,0.01,0.0,4.8466477,195.06854,Queens
2084,2025-01-18 19:00:00,5.45,0.0,0.0,0.01,0.0,8.490582,212.00534,Queens
2085,2025-01-18 20:00:00,6.35,0.0,0.0,0.01,0.0,10.348043,229.93927,Queens
2086,2025-01-18 21:00:00,5.75,0.0,0.0,0.01,0.0,10.304115,250.61539,Queens
2087,2025-01-18 22:00:00,4.55,0.0,0.0,0.01,0.0,10.094454,273.0664,Queens
2088,2025-01-18 23:00:00,3.45,0.0,0.0,0.01,0.0,10.914888,283.34872,Queens
2089,2025-01-19 00:00:00,3.2,0.0,0.0,0.01,0.0,12.337553,293.1986,Queens
2090,2025-01-19 01:00:00,2.15,0.0,0.0,0.01,0.0,11.7,300.51016,Queens
2091,2025-01-19 02:00:00,1.6,0.0,0.0,0.01,0.0,10.626099,308.8114,Queens
2092,2025-01-19 03:00:00,1.2,0.0,0.0,0.01,0.0,11.500296,320.07965,Queens
2093,2025-01-19 04:00:00,1.15,0.0,0.0,0.01,0.0,12.081473,326.54666,Queens
2094,2025-01-19 05:00:00,0.75,0.0,0.0,0.01,0.0,9.939196,324.58286,Queens
2095,2025-01-19 06:00:00,0.4,0.0,0.0,0.01,0.0,9.1958685,319.7637,Queens
2096,2025-01-19 07:00:00,0.05,0.0,0.0,0.01,0.0,10.018743,342.216,Queens
2097,2025-01-19 08:00:00,1.7,0.0,0.0,0.01,0.0,8.553314,351.52893,Queens
2098,2025-01-19 09:00:00,2.4,0.0,0.0,0.01,0.0,8.163749,14.036275,Queens
2099,2025-01-19 10:00:00,2.45,0.0,0.0,0.01,0.0,9.299225,14.574262,Queens
2100,2025-01-19 11:00:00,2.5,0.0,0.0,0.0,0.0,9.781473,12.757541,Queens
2101,2025-01-19 12:00:00,2.65,0.0,0.0,0.0,0.0,10.105681,4.085537,Queens
2102,2025-01-19 13:00:00,2.55,0.0,0.0,0.0,0.0,9.215226,12.407412,Queens
2103,2025-01-19 14:00:00,1.9,0.0,0.07,0.0,0.1,9.6932955,344.93146,Queens
2104,2025-01-19 15:00:00,1.25,0.0,0.42000002,0.0,0.6,9.5196,15.350199,Queens
2105,2025-01-19 16:00:00,1.1,0.0,0.14,0.01,0.2,12.193588,8.488864,Queens
2106,2025-01-19 17:00:00,0.8,0.0,0.07,0.01,0.1,12.991212,3.972429,Queens
2107,2025-01-19 18:00:00,0.05,0.0,0.21000001,0.01,0.3,13.733186,349.4265,Queens
2108,2025-01-19 19:00:00,-0.95,0.0,1.19,0.02,1.7,17.873554,341.2,Queens
2109,2025-01-19 20:00:00,-1.05,0.0,1.4,0.03,2.0,19.023878,339.50732,Queens
2110,2025-01-19 21:00:00,-1.7,0.0,0.97999996,0.04,1.4,20.83184,347.5249,Queens
2111,2025-01-19 22:00:00,-2.7,0.0,0.14,0.04,0.2,21.758419,343.66388,Queens
2112,2025-01-19 23:00:00,-3.15,0.0,0.0,0.04,0.0,19.59356,336.73227,Queens
2113,2025-01-20 00:00:00,-3.2,0.0,0.0,0.04,0.0,16.341383,333.15277,Queens
2114,2025-01-20 01:00:00,-3.7,0.0,0.0,0.04,0.0,14.51876,317.00955,Queens
2115,2025-01-20 02:00:00,-4.7,0.0,0.0,0.04,0.0,15.013554,307.6943,Queens
2116,2025-01-20 03:00:00,-5.8,0.0,0.0,0.04,0.0,17.429354,308.2902,Queens
2117,2025-01-20 04:00:00,-7.4,0.0,0.0,0.04,0.0,18.35647,311.82007,Queens
2118,2025-01-20 05:00:00,-8.2,0.0,0.0,0.04,0.0,16.932442,313.70792,Queens
2119,2025-01-20 06:00:00,-8.85,0.0,0.0,0.04,0.0,15.172409,311.63345,Queens
2120,2025-01-20 07:00:00,-9.3,0.0,0.0,0.04,0.0,13.104198,307.18478,Queens
2121,2025-01-20 08:00:00,-9.0,0.0,0.0,0.04,0.0,14.347028,293.67053,Queens
2122,2025-01-20 09:00:00,-8.6,0.0,0.0,0.04,0.0,14.978986,290.39496,Queens
2123,2025-01-20 10:00:00,-7.95,0.0,0.0,0.04,0.0,12.033103,291.96063,Queens
2124,2025-01-20 11:00:00,-6.85,0.0,0.0,0.04,0.0,8.951267,285.1541,Queens
2125,2025-01-20 12:00:00,-5.75,0.0,0.0,0.04,0.0,12.9249525,282.875,Queens
2126,2025-01-20 13:00:00,-4.95,0.0,0.0,0.04,0.0,16.280798,275.7105,Queens
2127,2025-01-20 14:00:00,-4.65,0.0,0.0,0.04,0.0,15.385525,276.044,Queens
2128,2025-01-20 15:00:00,-5.1,0.0,0.0,0.04,0.0,14.764389,268.60284,Queens
2129,2025-01-20 16:00:00,-5.9,0.0,0.0,0.04,0.0,15.501959,257.2547,Queens
2130,2025-01-20 17:00:00,-6.85,0.0,0.0,0.04,0.0,16.204998,257.81635,Queens
2131,2025-01-20 18:00:00,-7.35,0.0,0.0,0.04,0.0,15.506141,260.6471,Queens
2132,2025-01-20 19:00:00,-7.85,0.0,0.0,0.04,0.0,13.698934,266.98727,Queens
2133,2025-01-20 20:00:00,-7.75,0.0,0.0,0.04,0.0,14.669724,276.3401,Queens
2134,2025-01-20 21:00:00,-8.55,0.0,0.0,0.04,0.0,13.379461,287.21616,Queens
2135,2025-01-20 22:00:00,-9.3,0.0,0.0,0.04,0.0,11.874544,284.03625,Queens
2136,2025-01-20 23:00:00,-9.8,0.0,0.0,0.04,0.0,11.481968,279.01926,Queens
2137,2025-01-21 00:00:00,-10.4,0.0,0.0,0.04,0.0,11.609651,277.1249,Queens
2138,2025-01-21 01:00:00,-11.1,0.0,0.0,0.04,0.0,12.882267,277.2242,Queens
2139,2025-01-21 02:00:00,-11.75,0.0,0.0,0.04,0.0,12.399112,283.43103,Queens
2140,2025-01-21 03:00:00,-12.2,0.0,0.0,0.04,0.0,11.157097,287.8504,Queens
2141,2025-01-21 04:00:00,-12.7,0.0,0.0,0.04,0.0,9.82279,283.78162,Queens
2142,2025-01-21 05:00:00,-13.0,0.0,0.0,0.04,0.0,8.827344,272.33725,Queens
2143,2025-01-21 06:00:00,-13.2,0.0,0.0,0.04,0.0,10.105681,274.08554,Queens
2144,2025-01-21 07:00:00,-13.3,0.0,0.0,0.04,0.0,11.183201,273.6913,Queens
2145,2025-01-21 08:00:00,-12.8,0.0,0.0,0.04,0.0,12.284916,280.9806,Queens
2146,2025-01-21 09:00:00,-12.45,0.0,0.0,0.04,0.0,11.203464,293.6821,Queens
2147,2025-01-21 10:00:00,-11.8,0.0,0.0,0.04,0.0,9.511088,299.4758,Queens
2148,2025-01-21 11:00:00,-10.6,0.0,0.0,0.04,0.0,6.5049515,284.4208,Queens
2149,2025-01-21 12:00:00,-9.55,0.0,0.0,0.04,0.0,5.6262593,277.3523,Queens
2150,2025-01-21 13:00:00,-8.85,0.0,0.0,0.04,0.0,6.122647,271.68463,Queens
2151,2025-01-21 14:00:00,-8.5,0.0,0.0,0.04,0.0,6.778141,259.28693,Queens
2152,2025-01-21 15:00:00,-8.45,0.0,0.0,0.04,0.0,7.6409945,254.98158,Queens
2153,2025-01-21 16:00:00,-8.5,0.0,0.0,0.04,0.0,9.0,253.73972,Queens
2154,2025-01-21 17:00:00,-8.6,0.0,0.0,0.04,0.0,8.759178,260.53775,Queens
2155,2025-01-21 18:00:00,-8.7,0.0,0.07,0.04,0.1,9.36,270.0,Queens
2156,2025-01-21 19:00:00,-8.85,0.0,0.07,0.04,0.1,11.212135,275.52744,Queens
2157,2025-01-21 20:00:00,-8.6,0.0,0.07,0.04,0.1,11.183201,273.6913,Queens
2158,2025-01-21 21:00:00,-9.05,0.0,0.07,0.04,0.1,12.193588,278.48886,Queens
2159,2025-01-21 22:00:00,-9.45,0.0,0.07,0.04,0.1,12.466867,287.6502,Queens
2160,2025-01-21 23:00:00,-9.65,0.0,0.0,0.04,0.0,14.008811,297.5527,Queens
2161,2025-01-22 00:00:00,-10.15,0.0,0.0,0.04,0.0,11.521406,298.96756,Queens
2162,2025-01-22 01:00:00,-10.6,0.0,0.0,0.04,0.0,11.246759,309.8055,Queens
2163,2025-01-22 02:00:00,-11.4,0.0,0.0,0.04,0.0,9.178235,311.82007,Queens
2164,2025-01-22 03:00:00,-12.35,0.0,0.0,0.04,0.0,8.643749,328.62704,Queens
2165,2025-01-22 04:00:00,-13.05,0.0,0.0,0.04,0.0,8.155807,337.9637,Queens
2166,2025-01-22 05:00:00,-13.35,0.0,0.0,0.04,0.0,7.570707,341.99573,Queens
2167,2025-01-22 06:00:00,-13.5,0.0,0.0,0.04,0.0,10.310403,343.77972,Queens
2168,2025-01-22 07:00:00,-13.8,0.0,0.0,0.04,0.0,10.304115,340.6154,Queens
2169,2025-01-22 08:00:00,-12.7,0.0,0.0,0.04,0.0,9.278297,341.91644,Queens
2170,2025-01-22 09:00:00,-12.0,0.0,0.0,0.04,0.0,9.835975,325.4374,Queens
2171,2025-01-22 10:00:00,-10.8,0.0,0.0,0.04,0.0,9.059205,339.04413,Queens
2172,2025-01-22 11:00:00,-9.5,0.0,0.0,0.04,0.0,7.6409945,344.9816,Queens
2173,2025-01-22 12:00:00,-8.85,0.0,0.0,0.04,0.0,7.771331,346.60748,Queens
2174,2025-01-22 13:00:00,-8.3,0.0,0.0,0.04,0.0,4.965521,316.46872,Queens
2175,2025-01-22 14:00:00,-8.1,0.0,0.0,0.04,0.0,4.7110505,316.5481,Queens
2176,2025-01-22 15:00:00,-8.15,0.0,0.0,0.04,0.0,3.671294,348.6901,Queens
2177,2025-01-22 16:00:00,-8.9,0.0,0.0,0.04,0.0,1.6299692,353.6599,Queens
2178,2025-01-22 17:00:00,-10.45,0.0,0.0,0.04,0.0,1.5484185,324.46225,Queens
2179,2025-01-22 18:00:00,-11.05,0.0,0.0,0.04,0.0,2.4482648,323.97253,Queens
2180,2025-01-22 19:00:00,-11.6,0.0,0.0,0.04,0.0,3.148714,329.03632,Queens
2181,2025-01-22 20:00:00,-9.6,0.0,0.0,0.04,0.0,2.50064,329.74365,Queens
2182,2025-01-22 21:00:00,-9.5,0.0,0.0,0.04,0.0,2.3400002,337.3801,Queens
2183,2025-01-22 22:00:00,-10.35,0.0,0.0,0.04,0.0,1.609969,333.43503,Queens
2184,2025-01-22 23:00:00,-11.25,0.0,0.0,0.04,0.0,3.3092594,315.0001,Queens
2185,2025-01-23 00:00:00,-11.35,0.0,0.0,0.04,0.0,2.0523157,344.7448,Queens
2186,2025-01-23 01:00:00,-11.85,0.0,0.0,0.04,0.0,2.3469126,355.60138,Queens
2187,2025-01-23 02:00:00,-12.2,0.0,0.0,0.04,0.0,2.907989,338.19852,Queens
2188,2025-01-23 03:00:00,-11.8,0.0,0.0,0.04,0.0,3.7842832,334.65387,Queens
2189,2025-01-23 04:00:00,-10.3,0.0,0.0,0.04,0.0,4.863332,321.009,Queens
2190,2025-01-23 05:00:00,-9.85,0.0,0.0,0.04,0.0,5.072041,332.52567,Queens
2191,2025-01-23 06:00:00,-9.85,0.0,0.0,0.04,0.0,4.1046314,344.7448,Queens
2192,2025-01-23 07:00:00,-11.3,0.0,0.0,0.04,0.0,2.8856194,3.5762644,Queens
2193,2025-01-23 08:00:00,-10.45,0.0,0.0,0.04,0.0,0.9,360.0,Queens
2194,2025-01-23 09:00:00,-8.1,0.0,0.0,0.04,0.0,2.6999998,323.13004,Queens
2195,2025-01-23 10:00:00,-6.8,0.0,0.0,0.04,0.0,4.6452556,305.53775,Queens
2196,2025-01-23 11:00:00,-5.8,0.0,0.0,0.04,0.0,5.154415,294.77512,Queens
2197,2025-01-23 12:00:00,-4.9,0.0,0.0,0.04,0.0,5.232399,273.9451,Queens
2198,2025-01-23 13:00:00,-3.95,0.0,0.0,0.04,0.0,4.5536795,251.56496,Queens
2199,2025-01-23 14:00:00,-3.35,0.0,0.0,0.04,0.0,5.441838,235.78424,Queens
2200,2025-01-23 15:00:00,-3.3,0.0,0.0,0.04,0.0,5.9617786,241.11351,Queens
2201,2025-01-23 16:00:00,-3.55,0.0,0.0,0.04,0.0,6.424764,258.6901,Queens
2202,2025-01-23 17:00:00,-4.6,0.0,0.0,0.04,0.0,7.2202215,274.28906,Queens
2203,2025-01-23 18:00:00,-5.45,0.0,0.0,0.04,0.0,7.6642804,260.53775,Queens
2204,2025-01-23 19:00:00,-5.85,0.0,0.0,0.04,0.0,8.11798,266.186,Queens
2205,2025-01-23 20:00:00,-5.05,0.0,0.0,0.04,0.0,11.276968,261.74066,Queens
2206,2025-01-23 21:00:00,-5.4,0.0,0.0,0.04,0.0,11.570515,264.64426,Queens
2207,2025-01-23 22:00:00,-5.9,0.0,0.0,0.04,0.0,11.5199995,270.0,Queens
2208,2025-01-23 23:00:00,-6.3,0.0,0.0,0.04,0.0,11.375658,274.5377,Queens
2209,2025-01-24 00:00:00,-6.65,0.0,0.0,0.04,0.0,11.212135,275.52744,Queens
2210,2025-01-24 01:00:00,-6.9,0.0,0.0,0.04,0.0,11.892265,272.6025,Queens
2211,2025-01-24 02:00:00,-7.1,0.0,0.0,0.04,0.0,11.734564,274.39862,Queens
2212,2025-01-24 03:00:00,-7.4,0.0,0.0,0.04,0.0,10.658068,274.8439,Queens
2213,2025-01-24 04:00:00,-7.65,0.0,0.0,0.04,0.0,10.081606,271.023,Queens
2214,2025-01-24 05:00:00,-7.9,0.0,0.0,0.04,0.0,9.926147,274.15958,Queens
2215,2025-01-24 06:00:00,-8.05,0.0,0.0,0.04,0.0,9.224011,275.59924,Queens
2216,2025-01-24 07:00:00,-8.15,0.0,0.0,0.04,0.0,8.197414,278.84174,Queens
2217,2025-01-24 08:00:00,-7.65,0.0,0.0,0.04,0.0,10.594036,279.78235,Queens
2218,2025-01-24 09:00:00,-6.25,0.0,0.0,0.04,0.0,9.403169,275.49222,Queens
2219,2025-01-24 10:00:00,-4.55,0.0,0.0,0.04,0.0,9.215226,282.4074,Queens
2220,2025-01-24 11:00:00,-3.0,0.0,0.0,0.04,0.0,9.9408245,275.19434,Queens
2221,2025-01-24 12:00:00,-2.05,0.0,0.0,0.04,0.0,12.125642,275.9644,Queens
2222,2025-01-24 13:00:00,-1.5,0.0,0.0,0.04,0.0,11.052058,276.5462,Queens
2223,2025-01-24 14:00:00,-1.2,0.0,0.0,0.04,0.0,10.5234585,282.8477,Queens
2224,2025-01-24 15:00:00,-1.15,0.0,0.0,0.04,0.0,10.261579,285.25516,Queens
2225,2025-01-24 16:00:00,-1.55,0.0,0.0,0.04,0.0,7.562142,271.3639,Queens
2226,2025-01-24 17:00:00,-2.85,0.0,0.0,0.04,0.0,7.0591216,250.64091,Queens
2227,2025-01-24 18:00:00,-3.15,0.0,0.0,0.04,0.0,9.67657,260.36252,Queens
2228,2025-01-24 19:00:00,-3.8,0.0,0.0,0.04,0.0,9.746631,274.23633,Queens
2229,2025-01-24 20:00:00,-3.85,0.0,0.0,0.04,0.0,8.373386,295.46332,Queens
2230,2025-01-24 21:00:00,-5.4,0.0,0.0,0.04,0.0,5.5567255,294.90472,Queens
2231,2025-01-24 22:00:00,-7.05,0.0,0.0,0.04,0.0,5.154415,294.77512,Queens
2232,2025-01-24 23:00:00,-7.85,0.0,0.0,0.04,0.0,4.8466477,285.06854,Queens
2233,2025-01-25 00:00:00,-8.2,0.0,0.0,0.04,0.0,2.6758924,317.72638,Queens
2234,2025-01-25 01:00:00,-8.75,0.0,0.0,0.04,0.0,2.1897945,350.53775,Queens
2235,2025-01-25 02:00:00,-9.1,0.0,0.0,0.04,0.0,1.2727921,8.130019,Queens
2236,2025-01-25 03:00:00,-9.85,0.0,0.0,0.04,0.0,1.8089776,275.7105,Queens
2237,2025-01-25 04:00:00,-10.6,0.0,0.0,0.04,0.0,4.412754,281.76825,Queens
2238,2025-01-25 05:00:00,-10.9,0.0,0.0,0.04,0.0,4.379589,279.46225,Queens
2239,2025-01-25 06:00:00,-10.6,0.0,0.0,0.04,0.0,5.1544156,282.09473,Queens
2240,2025-01-25 07:00:00,-10.75,0.0,0.0,0.04,0.0,4.896529,287.1028,Queens
2241,2025-01-25 08:00:00,-9.65,0.0,0.0,0.04,0.0,5.4149795,285.4222,Queens
2242,2025-01-25 09:00:00,-8.05,0.0,0.0,0.04,0.0,6.5024605,274.76355,Queens
2243,2025-01-25 10:00:00,-6.15,0.0,0.0,0.04,0.0,6.898956,262.50424,Queens
2244,2025-01-25 11:00:00,-4.55,0.0,0.0,0.04,0.0,7.5170207,253.30067,Queens
2245,2025-01-25 12:00:00,-3.55,0.0,0.0,0.04,0.0,9.565437,250.20103,Queens
2246,2025-01-25 13:00:00,-3.0,0.0,0.0,0.04,0.0,12.189602,253.70587,Queens
2247,2025-01-25 14:00:00,-2.4,0.0,0.0,0.03,0.0,12.074766,243.43501,Queens
2248,2025-01-25 15:00:00,-1.95,0.0,0.0,0.03,0.0,12.841963,238.76085,Queens
2249,2025-01-25 16:00:00,-1.9,0.0,0.0,0.03,0.0,11.453715,239.80847,Queens
2250,2025-01-25 17:00:00,-2.1,0.0,0.0,0.03,0.0,11.019764,231.63248,Queens
2251,2025-01-25 18:00:00,-1.95,0.0,0.0,0.03,0.0,12.204212,232.79199,Queens
2252,2025-01-25 19:00:00,-1.95,0.0,0.0,0.03,0.0,12.221457,226.1934,Queens
2253,2025-01-25 20:00:00,-1.35,0.0,0.0,0.03,0.0,14.410121,228.54486,Queens
2254,2025-01-25 21:00:00,-1.6,0.0,0.0,0.03,0.0,13.5012,227.16109,Queens
2255,2025-01-25 22:00:00,-1.75,0.0,0.0,0.03,0.0,12.362475,222.04915,Queens
2256,2025-01-25 23:00:00,-1.8,0.0,0.0,0.03,0.0,10.373061,218.65982,Queens
2257,2025-01-26 00:00:00,-1.9,0.0,0.0,0.03,0.0,8.641874,215.6765,Queens
2258,2025-01-26 01:00:00,-2.05,0.0,0.0,0.03,0.0,7.001514,223.95847,Queens
2259,2025-01-26 02:00:00,-1.7,0.0,0.0,0.03,0.0,9.096681,242.928,Queens
2260,2025-01-26 03:00:00,-1.6,0.0,0.0,0.03,0.0,11.931705,236.07016,Queens
2261,2025-01-26 04:00:00,-1.15,0.0,0.0,0.03,0.0,14.796175,233.40881,Queens
2262,2025-01-26 05:00:00,-0.8,0.0,0.0,0.03,0.0,16.474672,236.13628,Queens
2263,2025-01-26 06:00:00,-0.65,0.0,0.0,0.03,0.0,16.284779,246.55193,Queens
2264,2025-01-26 07:00:00,-0.6,0.0,0.0,0.03,0.0,15.108211,254.80469,Queens
2265,2025-01-26 08:00:00,-0.55,0.0,0.0,0.03,0.0,13.084402,262.09293,Queens
2266,2025-01-26 09:00:00,0.2,0.0,0.0,0.03,0.0,12.7279215,261.87,Queens
2267,2025-01-26 10:00:00,1.15,0.0,0.0,0.03,0.0,10.182337,261.87,Queens
2268,2025-01-26 11:00:00,2.15,0.0,0.0,0.03,0.0,7.689603,249.44386,Queens
2269,2025-01-26 12:00:00,3.6,0.0,0.0,0.03,0.0,11.177405,255.06853,Queens
2270,2025-01-26 13:00:00,3.85,0.0,0.0,0.03,0.0,16.1017,275.77423,Queens
2271,2025-01-26 14:00:00,4.55,0.0,0.0,0.03,0.0,14.221139,270.72522,Queens
2272,2025-01-26 15:00:00,4.4,0.0,0.0,0.03,0.0,13.767352,281.3099,Queens
2273,2025-01-26 16:00:00,3.6,0.0,0.0,0.03,0.0,12.140329,285.4787,Queens
2274,2025-01-26 17:00:00,2.15,0.0,0.0,0.03,0.0,10.315115,299.24872,Queens
2275,2025-01-26 18:00:00,1.05,0.0,0.0,0.03,0.0,8.37532,298.21725,Queens
2276,2025-01-26 19:00:00,0.2,0.0,0.0,0.03,0.0,7.8087645,295.97433,Queens
2277,2025-01-26 20:00:00,-0.45,0.0,0.0,0.03,0.0,7.0911775,293.9625,Queens
2278,2025-01-26 21:00:00,-1.95,0.0,0.0,0.03,0.0,5.796447,306.15826,Queens
2279,2025-01-26 22:00:00,-3.2,0.0,0.0,0.03,0.0,5.7628117,255.52966,Queens
2280,2025-01-26 23:00:00,-2.45,0.0,0.0,0.03,0.0,6.320538,250.0168,Queens
2281,2025-01-27 00:00:00,-1.25,0.0,0.0,0.03,0.0,9.039514,257.34744,Queens
2282,2025-01-27 01:00:00,-1.5,0.0,0.0,0.03,0.0,9.580668,244.39786,Queens
2283,2025-01-27 02:00:00,-1.7,0.0,0.0,0.03,0.0,11.753877,242.6502,Queens
2284,2025-01-27 03:00:00,-1.9,0.0,0.0,0.03,0.0,12.601285,248.19853,Queens
2285,2025-01-27 04:00:00,-1.95,0.0,0.0,0.03,0.0,12.124307,251.83395,Queens
2286,2025-01-27 05:00:00,-2.0,0.0,0.0,0.03,0.0,13.110376,261.31372,Queens
2287,2025-01-27 06:00:00,-2.45,0.0,0.0,0.03,0.0,14.041154,269.2655,Queens
2288,2025-01-27 07:00:00,-3.15,0.0,0.0,0.03,0.0,13.5012,270.7639,Queens
2289,2025-01-27 08:00:00,-1.85,0.0,0.0,0.03,0.0,13.138765,279.46225,Queens
2290,2025-01-27 09:00:00,-1.1,0.0,0.0,0.03,0.0,9.919618,281.5138,Queens
2291,2025-01-27 10:00:00,0.1,0.0,0.0,0.03,0.0,11.032987,264.3825,Queens
2292,2025-01-27 11:00:00,1.15,0.0,0.0,0.03,0.0,13.5515,253.0091,Queens
2293,2025-01-27 12:00:00,1.65,0.0,0.0,0.03,0.0,15.96327,240.2552,Queens
2294,2025-01-27 13:00:00,2.35,0.0,0.0,0.03,0.0,17.82818,234.86572,Queens
2295,2025-01-27 14:00:00,2.55,0.0,0.0,0.03,0.0,17.381886,238.12044,Queens
2296,2025-01-27 15:00:00,2.7,0.0,0.0,0.03,0.0,16.391863,238.9284,Queens
2297,2025-01-27 16:00:00,2.35,0.0,0.0,0.03,0.0,15.283048,237.99466,Queens
2298,2025-01-27 17:00:00,1.65,0.0,0.0,0.03,0.0,16.028088,237.38077,Queens
2299,2025-01-27 18:00:00,1.3,0.0,0.0,0.03,0.0,17.244337,233.48885,Queens
2300,2025-01-27 19:00:00,1.05,0.0,0.0,0.03,0.0,18.553974,230.90614,Queens
2301,2025-01-27 20:00:00,2.2,0.0,0.0,0.03,0.0,20.49314,218.58124,Queens
2302,2025-01-27 21:00:00,2.2,0.0,0.0,0.03,0.0,21.594748,219.92781,Queens
2303,2025-01-27 22:00:00,2.25,0.0,0.0,0.03,0.0,20.442486,230.0007,Queens
2304,2025-01-27 23:00:00,2.05,0.0,0.0,0.03,0.0,19.881649,238.32457,Queens
2305,2025-01-28 00:00:00,1.75,0.0,0.0,0.03,0.0,19.567083,242.02061,Queens
2306,2025-01-28 01:00:00,1.75,0.0,0.0,0.03,0.0,19.05281,247.79646,Queens
2307,2025-01-28 02:00:00,2.05,0.0,0.0,0.03,0.0,19.781174,254.6991,Queens
2308,2025-01-28 03:00:00,1.65,0.0,0.0,0.03,0.0,20.176065,254.47583,Queens
2309,2025-01-28 04:00:00,1.3,0.0,0.0,0.03,0.0,20.380579,252.52513,Queens
2310,2025-01-28 05:00:00,1.1,0.0,0.0,0.03,0.0,20.746902,261.51846,Queens
2311,2025-01-28 06:00:00,0.45,0.0,0.0,0.03,0.0,20.340796,269.49298,Queens
2312,2025-01-28 07:00:00,0.35,0.0,0.0,0.03,0.0,21.869816,264.80566,Queens
2313,2025-01-28 08:00:00,2.55,0.0,0.0,0.03,0.0,20.95203,261.10422,Queens
2314,2025-01-28 09:00:00,3.15,0.0,0.0,0.03,0.0,20.596436,260.94934,Queens
2315,2025-01-28 10:00:00,3.7,0.0,0.0,0.02,0.0,16.764177,266.9226,Queens
2316,2025-01-28 11:00:00,4.4,0.0,0.0,0.02,0.0,22.96464,291.1343,Queens
2317,2025-01-28 12:00:00,3.8,0.0,0.0,0.02,0.0,23.469128,302.47116,Queens
2318,2025-01-28 13:00:00,2.5,0.0,0.0,0.02,0.0,21.259058,313.97092,Queens
2319,2025-01-28 14:00:00,1.25,0.0,0.0,0.02,0.0,18.108572,307.3256,Queens
2320,2025-01-28 15:00:00,0.85,0.0,0.0,0.02,0.0,15.086748,305.77615,Queens
2321,2025-01-28 16:00:00,0.25,0.0,0.0,0.02,0.0,10.383987,303.6901,Queens
2322,2025-01-28 17:00:00,-0.55,0.0,0.0,0.02,0.0,7.4867883,332.81897,Queens
2323,2025-01-28 18:00:00,-1.2,0.0,0.0,0.02,0.0,5.6060677,5.527458,Queens
2324,2025-01-28 19:00:00,-1.7,0.0,0.0,0.02,0.0,5.3426957,57.380775,Queens
2325,2025-01-28 20:00:00,-0.15,0.0,0.0,0.02,0.0,6.1437774,95.04236,Queens
2326,2025-01-28 21:00:00,-0.05,0.0,0.0,0.02,0.0,8.967541,128.48022,Queens
2327,2025-01-28 22:00:00,0.95,0.0,0.0,0.02,0.0,9.059205,159.04414,Queens
2328,2025-01-28 23:00:00,2.05,0.0,0.0,0.02,0.0,12.421304,179.16971,Queens
2329,2025-01-29 00:00:00,3.25,0.0,0.0,0.02,0.0,19.18246,185.92448,Queens
2330,2025-01-29 01:00:00,3.1,0.0,0.0,0.02,0.0,18.789965,203.12654,Queens
2331,2025-01-29 02:00:00,2.95,0.0,0.0,0.02,0.0,18.335276,226.5911,Queens
2332,2025-01-29 03:00:00,3.25,0.0,0.0,0.02,0.0,17.873556,242.40279,Queens
2333,2025-01-29 04:00:00,3.0,0.0,0.0,0.02,0.0,18.501513,250.68355,Queens
2334,2025-01-29 05:00:00,3.4,0.0,0.0,0.02,0.0,19.287737,247.50348,Queens
2335,2025-01-29 06:00:00,3.65,0.0,0.0,0.02,0.0,20.447239,243.88614,Queens
2336,2025-01-29 07:00:00,3.65,0.0,0.0,0.02,0.0,21.171244,243.21716,Queens
2337,2025-01-29 08:00:00,3.85,0.0,0.0,0.02,0.0,17.799076,241.62085,Queens
2338,2025-01-29 09:00:00,5.2,0.0,0.0,0.02,0.0,17.885334,241.11351,Queens
2339,2025-01-29 10:00:00,6.55,0.0,0.0,0.02,0.0,15.651722,239.60135,Queens
2340,2025-01-29 11:00:00,7.8,0.0,0.0,0.02,0.0,18.620214,240.4613,Queens
2341,2025-01-29 12:00:00,8.5,0.0,0.0,0.02,0.0,25.925,244.50249,Queens
2342,2025-01-29 13:00:00,8.95,0.0,0.0,0.02,0.0,29.792038,265.49518,Queens
2343,2025-01-29 14:00:00,8.7,0.0,0.0,0.01,0.0,23.018896,263.26407,Queens
2344,2025-01-29 15:00:00,8.75,0.1,0.0,0.01,0.1,22.862125,277.23682,Queens
2345,2025-01-29 16:00:00,7.8,0.0,0.0,0.01,0.0,22.45315,282.03058,Queens
2346,2025-01-29 17:00:00,6.55,0.0,0.0,0.01,0.0,24.757034,283.02585,Queens
2347,2025-01-29 18:00:00,4.8,0.0,0.0,0.01,0.0,22.38378,297.80136,Queens
2348,2025-01-29 19:00:00,3.45,0.0,0.0,0.01,0.0,20.0391,289.4116,Queens
2349,2025-01-29 20:00:00,4.5,0.0,0.0,0.01,0.0,20.380579,287.47485,Queens
2350,2025-01-29 21:00:00,3.3,0.0,0.0,0.01,0.0,17.640919,306.28537,Queens
2351,2025-01-29 22:00:00,1.4,0.0,0.0,0.01,0.0,19.54389,319.85666,Queens
2352,2025-01-29 23:00:00,0.55,0.0,0.0,0.01,0.0,18.466455,316.9749,Queens
2353,2025-01-30 00:00:00,-1.15,0.0,0.0,0.01,0.0,19.09358,314.23618,Queens
2354,2025-01-30 01:00:00,-2.15,0.0,0.0,0.01,0.0,17.747124,310.47513,Queens
2355,2025-01-30 02:00:00,-3.2,0.0,0.0,0.01,0.0,18.329973,314.20435,Queens
2356,2025-01-30 03:00:00,-4.0,0.0,0.0,0.01,0.0,18.610641,318.13644,Queens
2357,2025-01-30 04:00:00,-4.35,0.0,0.0,0.01,0.0,17.401447,320.8774,Queens
2358,2025-01-30 05:00:00,-4.85,0.0,0.0,0.01,0.0,17.208603,322.65057,Queens
2359,2025-01-30 06:00:00,-5.1,0.0,0.0,0.01,0.0,14.14232,312.4208,Queens
2360,2025-01-30 07:00:00,-5.3,0.0,0.0,0.01,0.0,12.425216,308.5302,Queens
2361,2025-01-30 08:00:00,-3.4,0.0,0.0,0.01,0.0,12.096214,306.52896,Queens
2362,2025-01-30 09:00:00,-2.95,0.0,0.0,0.01,0.0,13.036026,305.4458,Queens
2363,2025-01-30 10:00:00,-2.4,0.0,0.0,0.01,0.0,10.706596,296.99576,Queens
2364,2025-01-30 11:00:00,-1.65,0.0,0.0,0.01,0.0,10.215693,284.28113,Queens
2365,2025-01-30 12:00:00,-0.85,0.0,0.0,0.01,0.0,12.43434,292.1095,Queens
2366,2025-01-30 13:00:00,-0.1,0.0,0.0,0.01,0.0,11.298495,292.47946,Queens
2367,2025-01-30 14:00:00,0.5,0.0,0.0,0.01,0.0,8.792405,292.8906,Queens
2368,2025-01-30 15:00:00,0.8,0.0,0.0,0.01,0.0,8.827343,253.41258,Queens
2369,2025-01-30 16:00:00,0.95,0.0,0.0,0.01,0.0,11.032987,236.3099,Queens
2370,2025-01-30 17:00:00,0.75,0.0,0.0,0.01,0.0,7.24486,243.43501,Queens
2371,2025-01-30 18:00:00,0.45,0.0,0.0,0.01,0.0,2.7943513,194.93147,Queens
2372,2025-01-30 19:00:00,0.8,0.0,0.0,0.01,0.0,7.3799996,180.0,Queens
2373,2025-01-30 20:00:00,1.05,0.0,0.0,0.01,0.0,8.035746,164.40714,Queens
2374,2025-01-30 21:00:00,1.8,0.0,0.0,0.01,0.0,13.339445,183.094,Queens
2375,2025-01-30 22:00:00,2.4,0.0,0.0,0.01,0.0,15.905319,185.19434,Queens
2376,2025-01-30 23:00:00,2.75,0.0,0.0,0.01,0.0,17.662945,182.92065,Queens
2377,2025-01-31 00:00:00,3.35,0.0,0.0,0.01,0.0,17.505404,184.12752,Queens
2378,2025-01-31 01:00:00,3.75,0.0,0.0,0.01,0.0,16.770939,192.3954,Queens
2379,2025-01-31 02:00:00,4.05,0.0,0.0,0.01,0.0,17.076298,198.43504,Queens
2380,2025-01-31 03:00:00,4.45,0.0,0.0,0.01,0.0,16.981165,201.12479,Queens
2381,2025-01-31 04:00:00,4.5,0.0,0.0,0.01,0.0,15.841022,216.21893,Queens
2382,2025-01-31 05:00:00,4.3,0.4,0.0,0.01,0.4,13.14,228.888,Queens
2383,2025-01-31 06:00:00,4.25,0.4,0.0,0.01,0.4,12.984975,226.12321,Queens
2384,2025-01-31 07:00:00,4.15,0.4,0.0,0.01,0.4,12.750811,228.43373,Queens
2385,2025-01-31 08:00:00,4.2,0.2,0.0,0.01,0.2,7.2649574,228.01286,Queens
2386,2025-01-31 09:00:00,4.9,0.1,0.0,0.01,0.1,7.3447943,197.10281,Queens
2387,2025-01-31 10:00:00,5.3,0.1,0.0,0.01,0.1,8.759178,189.46225,Queens
2388,2025-01-31 11:00:00,5.95,0.1,0.0,0.01,0.1,9.906544,204.70241,Queens
2389,2025-01-31 12:00:00,6.4,0.0,0.0,0.01,0.0,7.8149853,255.32356,Queens
2390,2025-01-31 13:00:00,6.6,0.1,0.0,0.01,0.1,8.435069,230.19447,Queens
2391,2025-01-31 14:00:00,6.95,0.4,0.0,0.01,0.4,8.53815,235.30478,Queens
2392,2025-01-31 15:00:00,7.05,0.1,0.0,0.01,0.1,7.3094187,232.0012,Queens
2393,2025-01-31 16:00:00,6.9,0.1,0.0,0.01,0.1,7.329338,245.32315,Queens
2394,2025-01-31 17:00:00,6.5,0.4,0.0,0.01,0.4,6.206738,196.85847,Queens
2395,2025-01-31 18:00:00,6.15,1.3,0.0,0.01,1.3,10.094454,158.00882,Queens
2396,2025-01-31 19:00:00,6.9,1.9,0.0,0.01,1.9,12.580699,199.21277,Queens
2397,2025-01-31 20:00:00,7.75,0.7,0.0,0.01,0.7,10.819482,224.32605,Queens
2398,2025-01-31 21:00:00,8.1,0.6,0.0,0.01,0.6,12.979984,236.3099,Queens
2399,2025-01-31 22:00:00,8.2,1.2,0.0,0.0,1.2,15.577022,247.5838,Queens
2400,2025-01-31 23:00:00,8.4,1.6,0.0,0.0,1.6,15.359179,259.8754,Queens
2401,2025-02-01 00:00:00,8.2,0.9,0.0,0.0,0.9,11.734564,274.39862,Queens
2402,2025-02-01 01:00:00,7.35,0.8,0.0,0.0,0.8,10.766949,308.21106,Queens
2403,2025-02-01 02:00:00,6.75,0.6,0.0,0.0,0.6,10.018743,287.78397,Queens
2404,2025-02-01 03:00:00,6.2,0.6,0.0,0.0,0.6,11.203464,313.69812,Queens
2405,2025-02-01 04:00:00,5.25,0.0,0.0,0.0,0.0,17.381886,338.74942,Queens
2406,2025-02-01 05:00:00,3.25,0.0,0.0,0.0,0.0,19.980808,349.095,Queens
2407,2025-02-01 06:00:00,2.45,0.0,0.0,0.0,0.0,18.080818,350.2564,Queens
2408,2025-02-01 07:00:00,1.9,0.0,0.0,0.0,0.0,19.875946,347.97775,Queens
2409,2025-02-01 08:00:00,2.2,0.0,0.0,0.0,0.0,20.355923,338.19852,Queens
2410,2025-02-01 09:00:00,1.8,0.0,0.0,0.0,0.0,21.840164,336.18134,Queens
2411,2025-02-01 10:00:00,1.05,0.0,0.0,0.0,0.0,21.396542,349.82455,Queens
2412,2025-02-01 11:00:00,0.55,0.0,0.0,0.0,0.0,18.824419,353.9624,Queens
2413,2025-02-01 12:00:00,0.4,0.0,0.0,0.0,0.0,18.792551,343.3007,Queens
2414,2025-02-01 13:00:00,0.15,0.0,0.0,0.0,0.0,19.494091,331.30518,Queens
2415,2025-02-01 14:00:00,0.2,0.0,0.0,0.0,0.0,19.672773,327.32776,Queens
2416,2025-02-01 15:00:00,-0.05,0.0,0.0,0.0,0.0,18.892282,329.03632,Queens
2417,2025-02-01 16:00:00,-0.7,0.0,0.0,0.0,0.0,19.33639,331.0491,Queens
2418,2025-02-01 17:00:00,-1.8,0.0,0.0,0.0,0.0,17.727943,330.8325,Queens
2419,2025-02-01 18:00:00,-2.95,0.0,0.0,0.0,0.0,16.192997,335.71417,Queens
2420,2025-02-01 19:00:00,-3.9,0.0,0.0,0.0,0.0,15.073858,348.28754,Queens
2421,2025-02-01 20:00:00,-3.0,0.0,0.0,0.0,0.0,15.086748,340.48404,Queens
2422,2025-02-01 21:00:00,-3.9,0.0,0.0,0.0,0.0,14.669724,353.6599,Queens
2423,2025-02-01 22:00:00,-4.7,0.0,0.0,0.0,0.0,14.050382,357.79745,Queens
2424,2025-02-01 23:00:00,-5.45,0.0,0.0,0.0,0.0,14.581113,359.2927,Queens
2425,2025-02-02 00:00:00,-6.15,0.0,0.0,0.0,0.0,13.397612,6.170083,Queens
2426,2025-02-02 01:00:00,-7.05,0.0,0.0,0.0,0.0,14.2336645,13.1575575,Queens
2427,2025-02-02 02:00:00,-7.7,0.0,0.0,0.0,0.0,11.745604,15.101156,Queens
2428,2025-02-02 03:00:00,-8.05,0.0,0.0,0.0,0.0,9.9587345,6.2257357,Queens
2429,2025-02-02 04:00:00,-8.35,0.0,0.0,0.0,0.0,9.178235,11.3098955,Queens
2430,2025-02-02 05:00:00,-8.35,0.0,0.0,0.0,0.0,9.080639,13.760814,Queens
2431,2025-02-02 06:00:00,-8.45,0.0,0.0,0.0,0.0,7.6409945,15.018415,Queens
2432,2025-02-02 07:00:00,-8.35,0.0,0.0,0.0,0.0,7.342588,11.3098955,Queens
2433,2025-02-02 08:00:00,-8.1,0.0,0.0,0.0,0.0,5.920878,19.536749,Queens
2434,2025-02-02 09:00:00,-6.6,0.0,0.0,0.0,0.0,5.2323985,63.435013,Queens
2435,2025-02-02 10:00:00,-5.05,0.0,0.0,0.0,0.0,5.2478566,95.906044,Queens
2436,2025-02-02 11:00:00,-4.0,0.0,0.0,0.0,0.0,7.072878,104.743614,Queens
2437,2025-02-02 12:00:00,-3.3,0.0,0.0,0.0,0.0,8.107996,92.544754,Queens
2438,2025-02-02 13:00:00,-2.65,0.0,0.0,0.0,0.0,9.54679,92.16103,Queens
2439,2025-02-02 14:00:00,-1.55,0.0,0.0,0.0,0.0,9.5196,105.3502,Queens
2440,2025-02-02 15:00:00,0.35,0.0,0.0,0.0,0.0,10.711135,155.15764,Queens
2441,2025-02-02 16:00:00,1.3,0.0,0.0,0.0,0.0,13.6242285,164.67844,Queens
2442,2025-02-02 17:00:00,1.6,0.0,0.0,0.0,0.0,15.14783,159.8423,Queens
2443,2025-02-02 18:00:00,2.05,0.0,0.0,0.0,0.0,14.118243,160.64091,Queens
2444,2025-02-02 19:00:00,2.7,0.0,0.0,0.0,0.0,15.861461,170.85843,Queens
2445,2025-02-02 20:00:00,1.4,0.0,1.19,0.01,1.7,15.141414,161.99574,Queens
2446,2025-02-02 21:00:00,1.7,0.0,2.1,0.01,3.0,14.597767,177.17294,Queens
2447,2025-02-02 22:00:00,1.8,0.40000004,0.14,0.01,0.6,12.496719,191.6336,Queens
2448,2024-12-30 23:00:00,7.5,0.0,0.0,0.0,0.0,14.01806,245.73871,Bronx
2449,2024-12-31 00:00:00,6.95,0.0,0.0,0.0,0.0,13.779114,250.1447,Bronx
2450,2024-12-31 01:00:00,6.15,0.0,0.0,0.0,0.0,11.620809,253.81071,Bronx
2451,2024-12-31 02:00:00,5.3,0.0,0.0,0.0,0.0,9.9571085,257.4712,Bronx
2452,2024-12-31 03:00:00,4.6,0.0,0.0,0.0,0.0,8.825508,258.23172,Bronx
2453,2024-12-31 04:00:00,4.0,0.0,0.0,0.0,0.0,8.12197,257.19574,Bronx
2454,2024-12-31 05:00:00,3.5,0.0,0.0,0.0,0.0,7.79215,263.36758,Bronx
2455,2024-12-31 06:00:00,2.65,0.0,0.0,0.0,0.0,4.8899083,276.3401,Bronx
2456,2024-12-31 07:00:00,1.95,0.0,0.0,0.0,0.0,2.5264204,265.91446,Bronx
2457,2024-12-31 08:00:00,2.7,0.0,0.0,0.0,0.0,3.0547013,224.9999,Bronx
2458,2024-12-31 09:00:00,4.1,0.0,0.0,0.0,0.0,2.1674871,184.76355,Bronx
2459,2024-12-31 10:00:00,5.75,0.0,0.0,0.0,0.0,1.5484185,125.537766,Bronx
2460,2024-12-31 11:00:00,7.4,0.0,0.0,0.0,0.0,2.6758924,137.72638,Bronx
2461,2024-12-31 12:00:00,8.7,0.0,0.0,0.0,0.0,4.293669,123.02387,Bronx
2462,2024-12-31 13:00:00,9.6,0.0,0.0,0.0,0.0,7.386582,133.02507,Bronx
2463,2024-12-31 14:00:00,9.9,0.0,0.0,0.0,0.0,9.473541,141.17017,Bronx
2464,2024-12-31 15:00:00,9.4,0.0,0.0,0.0,0.0,10.316686,132.8789,Bronx
2465,2024-12-31 16:00:00,8.4,0.0,0.0,0.0,0.0,10.7894945,117.84749,Bronx
2466,2024-12-31 17:00:00,7.65,0.0,0.0,0.0,0.0,10.483357,105.945465,Bronx
2467,2024-12-31 18:00:00,7.25,0.0,0.0,0.0,0.0,11.722133,93.521385,Bronx
2468,2024-12-31 19:00:00,7.2,0.0,0.0,0.0,0.0,14.440443,85.71093,Bronx
2469,2024-12-31 20:00:00,7.2,0.0,0.0,0.0,0.0,15.3686695,71.564964,Bronx
2470,2024-12-31 21:00:00,7.05,1.4,0.0,0.0,1.4,17.615187,68.41597,Bronx
2471,2024-12-31 22:00:00,7.0,3.5,0.0,0.0,3.5,16.720633,75.664536,Bronx
2472,2024-12-31 23:00:00,7.3,2.9,0.0,0.0,2.9,17.414476,82.875084,Bronx
2473,2025-01-01 00:00:00,7.75,2.8,0.0,0.0,2.8,17.214249,83.39526,Bronx
2474,2025-01-01 01:00:00,7.95,0.2,0.0,0.0,0.2,10.4166975,80.04944,Bronx
2475,2025-01-01 02:00:00,8.7,0.0,0.0,0.0,0.0,7.968939,161.56496,Bronx
2476,2025-01-01 03:00:00,9.05,0.0,0.0,0.0,0.0,8.649369,192.01146,Bronx
2477,2025-01-01 04:00:00,8.7,0.0,0.0,0.0,0.0,10.548061,233.32556,Bronx
2478,2025-01-01 05:00:00,8.35,0.0,0.0,0.0,0.0,14.587776,254.24875,Bronx
2479,2025-01-01 06:00:00,7.25,0.0,0.0,0.0,0.0,16.029097,268.06946,Bronx
2480,2025-01-01 07:00:00,5.85,0.0,0.0,0.0,0.0,14.404499,268.56793,Bronx
2481,2025-01-01 08:00:00,7.1,0.0,0.0,0.0,0.0,12.882267,254.60439,Bronx
2482,2025-01-01 09:00:00,7.95,0.0,0.0,0.0,0.0,11.91812,244.98314,Bronx
2483,2025-01-01 10:00:00,9.25,0.0,0.0,0.0,0.0,13.638489,247.49643,Bronx
2484,2025-01-01 11:00:00,10.4,0.0,0.0,0.0,0.0,17.122723,257.8632,Bronx
2485,2025-01-01 12:00:00,10.95,0.0,0.0,0.0,0.0,15.629972,262.0566,Bronx
2486,2025-01-01 13:00:00,11.0,0.0,0.0,0.0,0.0,19.424158,262.5458,Bronx
2487,2025-01-01 14:00:00,9.05,0.0,0.0,0.0,0.0,23.770906,271.73566,Bronx
2488,2025-01-01 15:00:00,6.7,0.1,0.0,0.0,0.1,24.975283,285.03787,Bronx
2489,2025-01-01 16:00:00,5.65,0.0,0.0,0.0,0.0,22.45315,282.03058,Bronx
2490,2025-01-01 17:00:00,5.05,0.1,0.0,0.0,0.1,21.96,280.3888,Bronx
2491,2025-01-01 18:00:00,4.75,0.0,0.0,0.0,0.0,22.137074,280.30478,Bronx
2492,2025-01-01 19:00:00,4.65,0.0,0.0,0.0,0.0,22.253124,279.30988,Bronx
2493,2025-01-01 20:00:00,5.05,0.0,0.0,0.0,0.0,22.59269,281.48895,Bronx
2494,2025-01-01 21:00:00,4.45,0.0,0.0,0.0,0.0,22.66714,282.38074,Bronx
2495,2025-01-01 22:00:00,3.85,0.0,0.0,0.0,0.0,20.545246,281.113,Bronx
2496,2025-01-01 23:00:00,3.4,0.0,0.0,0.0,0.0,20.1865,278.20227,Bronx
2497,2025-01-02 00:00:00,3.1,0.0,0.0,0.0,0.0,20.077868,275.6594,Bronx
2498,2025-01-02 01:00:00,2.75,0.0,0.0,0.0,0.0,20.340796,270.50702,Bronx
2499,2025-01-02 02:00:00,2.3,0.0,0.0,0.0,0.0,20.700783,270.4982,Bronx
2500,2025-01-02 03:00:00,1.95,0.0,0.0,0.0,0.0,19.619999,270.0,Bronx
2501,2025-01-02 04:00:00,1.75,0.0,0.0,0.0,0.0,18.921415,267.27374,Bronx
2502,2025-01-02 05:00:00,1.6,0.0,0.0,0.0,0.0,19.134262,265.68405,Bronx
2503,2025-01-02 06:00:00,1.25,0.0,0.0,0.0,0.0,18.613253,260.53775,Bronx
2504,2025-01-02 07:00:00,0.8,0.0,0.0,0.0,0.0,17.750774,263.59573,Bronx
2505,2025-01-02 08:00:00,2.3,0.0,0.0,0.0,0.0,19.559633,263.6599,Bronx
2506,2025-01-02 09:00:00,3.15,0.0,0.0,0.0,0.0,17.83454,267.68634,Bronx
2507,2025-01-02 10:00:00,4.05,0.0,0.0,0.0,0.0,19.626604,262.09293,Bronx
2508,2025-01-02 11:00:00,4.8,0.0,0.0,0.0,0.0,26.282465,283.4652,Bronx
2509,2025-01-02 12:00:00,5.15,0.0,0.0,0.0,0.0,26.902622,280.40765,Bronx
2510,2025-01-02 13:00:00,5.25,0.0,0.0,0.0,0.0,25.277023,280.66974,Bronx
2511,2025-01-02 14:00:00,5.45,0.0,0.0,0.0,0.0,25.966208,277.5683,Bronx
2512,2025-01-02 15:00:00,4.8,0.0,0.0,0.0,0.0,20.929596,273.9451,Bronx
2513,2025-01-02 16:00:00,3.95,0.0,0.0,0.0,0.0,20.750027,273.9793,Bronx
2514,2025-01-02 17:00:00,2.65,0.0,0.0,0.0,0.0,20.558647,273.51367,Bronx
2515,2025-01-02 18:00:00,1.85,0.0,0.0,0.0,0.0,19.447498,268.4089,Bronx
2516,2025-01-02 19:00:00,1.5,0.0,0.0,0.0,0.0,19.627428,268.4235,Bronx
2517,2025-01-02 20:00:00,1.65,0.0,0.0,0.0,0.0,20.454369,263.9383,Bronx
2518,2025-01-02 21:00:00,1.4,0.0,0.0,0.0,0.0,20.00026,267.4209,Bronx
2519,2025-01-02 22:00:00,0.85,0.0,0.0,0.0,0.0,18.0,270.0,Bronx
2520,2025-01-02 23:00:00,0.35,0.0,0.0,0.0,0.0,17.673029,273.50345,Bronx
2521,2025-01-03 00:00:00,-0.05,0.0,0.0,0.0,0.0,19.619999,270.0,Bronx
2522,2025-01-03 01:00:00,-0.5,0.0,0.0,0.0,0.0,20.160803,269.48846,Bronx
2523,2025-01-03 02:00:00,-0.75,0.0,0.0,0.0,0.0,19.08085,270.5405,Bronx
2524,2025-01-03 03:00:00,-0.95,0.0,0.0,0.0,0.0,16.755476,267.53723,Bronx
2525,2025-01-03 04:00:00,-1.2,0.0,0.0,0.0,0.0,15.669307,268.02512,Bronx
2526,2025-01-03 05:00:00,-1.35,0.0,0.0,0.0,0.0,14.77755,267.20737,Bronx
2527,2025-01-03 06:00:00,-1.5,0.0,0.0,0.0,0.0,13.576582,263.91156,Bronx
2528,2025-01-03 07:00:00,-1.6,0.0,0.0,0.0,0.0,12.32047,258.1976,Bronx
2529,2025-01-03 08:00:00,-0.5,0.0,0.0,0.0,0.0,10.308831,257.90524,Bronx
2530,2025-01-03 09:00:00,0.65,0.0,0.0,0.0,0.0,11.578912,258.34073,Bronx
2531,2025-01-03 10:00:00,1.35,0.0,0.0,0.0,0.0,13.00243,248.05124,Bronx
2532,2025-01-03 11:00:00,2.2,0.0,0.0,0.0,0.0,18.129137,263.15732,Bronx
2533,2025-01-03 12:00:00,2.5,0.0,0.0,0.0,0.0,17.968472,259.0278,Bronx
2534,2025-01-03 13:00:00,2.85,0.0,0.0,0.0,0.0,16.75064,261.34753,Bronx
2535,2025-01-03 14:00:00,3.1,0.0,0.0,0.0,0.0,16.263872,264.92047,Bronx
2536,2025-01-03 15:00:00,3.15,0.0,0.0,0.0,0.0,16.32055,263.03183,Bronx
2537,2025-01-03 16:00:00,3.0,0.0,0.0,0.0,0.0,10.215693,255.71887,Bronx
2538,2025-01-03 17:00:00,2.45,0.0,0.0,0.0,0.0,10.63372,272.91077,Bronx
2539,2025-01-03 18:00:00,1.6,0.0,0.0,0.0,0.0,10.948973,297.4075,Bronx
2540,2025-01-03 19:00:00,0.55,0.0,0.0,0.0,0.0,10.234705,304.24908,Bronx
2541,2025-01-03 20:00:00,-0.6,0.0,0.0,0.0,0.0,9.007196,272.29056,Bronx
2542,2025-01-03 21:00:00,-0.95,0.0,0.0,0.0,0.0,11.190442,281.12915,Bronx
2543,2025-01-03 22:00:00,-1.3,0.0,0.0,0.0,0.0,11.503113,290.13638,Bronx
2544,2025-01-03 23:00:00,-1.35,0.0,0.0,0.0,0.0,12.638512,287.4028,Bronx
2545,2025-01-04 00:00:00,-1.65,0.0,0.0,0.0,0.0,14.275713,293.00888,Bronx
2546,2025-01-04 01:00:00,-1.75,0.0,0.0,0.0,0.0,15.858398,296.27414,Bronx
2547,2025-01-04 02:00:00,-1.95,0.0,0.0,0.0,0.0,15.410776,292.6714,Bronx
2548,2025-01-04 03:00:00,-1.75,0.0,0.0,0.0,0.0,15.536408,296.86185,Bronx
2549,2025-01-04 04:00:00,-1.45,0.0,0.0,0.0,0.0,18.126455,302.42752,Bronx
2550,2025-01-04 05:00:00,-1.85,0.0,0.0,0.0,0.0,19.386593,301.32864,Bronx
2551,2025-01-04 06:00:00,-2.0,0.0,0.0,0.0,0.0,19.80409,295.8663,Bronx
2552,2025-01-04 07:00:00,-2.35,0.0,0.0,0.0,0.0,19.761507,290.2507,Bronx
2553,2025-01-04 08:00:00,-1.45,0.0,0.0,0.0,0.0,19.172323,282.47046,Bronx
2554,2025-01-04 09:00:00,-0.75,0.0,0.0,0.0,0.0,23.431133,291.638,Bronx
2555,2025-01-04 10:00:00,-0.25,0.0,0.0,0.0,0.0,27.629267,301.4118,Bronx
2556,2025-01-04 11:00:00,0.1,0.0,0.0,0.0,0.0,27.322672,301.8053,Bronx
2557,2025-01-04 12:00:00,-0.2,0.0,0.0,0.0,0.0,25.103384,292.33548,Bronx
2558,2025-01-04 13:00:00,-0.45,0.0,0.0,0.0,0.0,24.86868,292.1095,Bronx
2559,2025-01-04 14:00:00,-0.45,0.0,0.0,0.0,0.0,25.697166,294.41074,Bronx
2560,2025-01-04 15:00:00,-0.55,0.0,0.0,0.0,0.0,26.1719,291.80148,Bronx
2561,2025-01-04 16:00:00,-1.1,0.0,0.0,0.0,0.0,21.288757,288.74142,Bronx
2562,2025-01-04 17:00:00,-1.6,0.0,0.0,0.0,0.0,19.3104,286.23892,Bronx
2563,2025-01-04 18:00:00,-1.5,0.0,0.0,0.0,0.0,19.09782,281.4158,Bronx
2564,2025-01-04 19:00:00,-1.7,0.0,0.0,0.0,0.0,18.228943,279.09018,Bronx
2565,2025-01-04 20:00:00,-1.5,0.0,0.0,0.0,0.0,18.762354,273.85056,Bronx
2566,2025-01-04 21:00:00,-1.85,0.0,0.0,0.0,0.0,18.751125,273.3018,Bronx
2567,2025-01-04 22:00:00,-2.15,0.0,0.0,0.0,0.0,18.431332,275.04236,Bronx
2568,2025-01-04 23:00:00,-2.55,0.0,0.0,0.0,0.0,17.534992,275.30084,Bronx
2569,2025-01-05 00:00:00,-2.9,0.0,0.0,0.0,0.0,16.584438,273.11078,Bronx
2570,2025-01-05 01:00:00,-3.1,0.0,0.0,0.0,0.0,17.313717,273.57626,Bronx
2571,2025-01-05 02:00:00,-3.25,0.0,0.0,0.0,0.0,15.3042345,271.34784,Bronx
2572,2025-01-05 03:00:00,-3.3,0.0,0.0,0.0,0.0,14.949756,272.06998,Bronx
2573,2025-01-05 04:00:00,-3.35,0.0,0.0,0.0,0.0,14.787414,273.48926,Bronx
2574,2025-01-05 05:00:00,-3.3,0.0,0.0,0.0,0.0,15.172407,274.76355,Bronx
2575,2025-01-05 06:00:00,-3.15,0.0,0.0,0.0,0.0,14.813682,274.87918,Bronx
2576,2025-01-05 07:00:00,-3.0,0.0,0.0,0.0,0.0,13.870515,272.23114,Bronx
2577,2025-01-05 08:00:00,-2.65,0.0,0.0,0.0,0.0,14.000713,261.87,Bronx
2578,2025-01-05 09:00:00,-1.85,0.0,0.0,0.0,0.0,13.883356,256.50424,Bronx
2579,2025-01-05 10:00:00,-1.1,0.0,0.0,0.0,0.0,17.34083,279.56003,Bronx
2580,2025-01-05 11:00:00,-0.55,0.0,0.0,0.0,0.0,17.968472,280.9722,Bronx
2581,2025-01-05 12:00:00,-0.2,0.0,0.0,0.0,0.0,20.176065,285.52417,Bronx
2582,2025-01-05 13:00:00,-0.1,0.0,0.0,0.0,0.0,21.026125,291.07278,Bronx
2583,2025-01-05 14:00:00,0.2,0.0,0.0,0.0,0.0,20.65848,292.5431,Bronx
2584,2025-01-05 15:00:00,-0.3,0.0,0.0,0.0,0.0,19.494091,298.6948,Bronx
2585,2025-01-05 16:00:00,-0.95,0.0,0.0,0.0,0.0,16.909464,295.20108,Bronx
2586,2025-01-05 17:00:00,-1.6,0.0,0.0,0.0,0.0,14.458382,288.88617,Bronx
2587,2025-01-05 18:00:00,-1.8,0.0,0.0,0.0,0.0,14.319901,284.5603,Bronx
2588,2025-01-05 19:00:00,-1.9,0.0,0.0,0.0,0.0,14.810401,286.23242,Bronx
2589,2025-01-05 20:00:00,-1.75,0.0,0.0,0.0,0.0,13.590894,281.4587,Bronx
2590,2025-01-05 21:00:00,-1.85,0.0,0.0,0.0,0.0,12.074766,280.30478,Bronx
2591,2025-01-05 22:00:00,-2.0,0.0,0.0,0.0,0.0,11.265469,282.926,Bronx
2592,2025-01-05 23:00:00,-2.15,0.0,0.0,0.0,0.0,10.993271,272.8155,Bronx
2593,2025-01-06 00:00:00,-2.3,0.0,0.0,0.0,0.0,10.63372,272.91077,Bronx
2594,2025-01-06 01:00:00,-2.3,0.0,0.0,0.0,0.0,10.266314,272.00952,Bronx
2595,2025-01-06 02:00:00,-2.2,0.0,0.0,0.0,0.0,9.375563,273.3018,Bronx
2596,2025-01-06 03:00:00,-2.25,0.0,0.0,0.0,0.0,8.11798,266.186,Bronx
2597,2025-01-06 04:00:00,-2.15,0.0,0.0,0.0,0.0,5.4119864,273.814,Bronx
2598,2025-01-06 05:00:00,-1.9,0.0,0.0,0.0,0.0,4.5572357,279.09018,Bronx
2599,2025-01-06 06:00:00,-1.85,0.0,0.0,0.0,0.0,2.6208394,254.05453,Bronx
2600,2025-01-06 07:00:00,-1.75,0.0,0.0,0.0,0.0,2.0991426,239.0363,Bronx
2601,2025-01-06 08:00:00,-1.8,0.0,0.07,0.0,0.1,4.293669,213.02386,Bronx
2602,2025-01-06 09:00:00,-1.75,0.0,0.07,0.0,0.1,2.4482648,216.02747,Bronx
2603,2025-01-06 10:00:00,-1.55,0.0,0.14,0.0,0.2,0.6489992,326.3099,Bronx
2604,2025-01-06 11:00:00,-1.45,0.0,0.14,0.0,0.2,0.71999997,90.0,Bronx
2605,2025-01-06 12:00:00,-1.35,0.0,0.28,0.01,0.4,2.50064,30.256361,Bronx
2606,2025-01-06 13:00:00,-1.55,0.0,0.21000001,0.01,0.3,3.3481934,36.253937,Bronx
2607,2025-01-06 14:00:00,-1.65,0.0,0.07,0.01,0.1,4.3498964,24.443953,Bronx
2608,2025-01-06 15:00:00,-1.5,0.0,0.0,0.02,0.0,6.5520988,20.924576,Bronx
2609,2025-01-06 16:00:00,-1.4,0.0,0.0,0.02,0.0,8.197414,8.841739,Bronx
2610,2025-01-06 17:00:00,-1.8,0.0,0.0,0.02,0.0,8.581677,9.659832,Bronx
2611,2025-01-06 18:00:00,-2.65,0.0,0.0,0.02,0.0,13.004921,4.763556,Bronx
2612,2025-01-06 19:00:00,-3.65,0.0,0.0,0.02,0.0,11.881363,359.13196,Bronx
2613,2025-01-06 20:00:00,-4.1,0.0,0.0,0.02,0.0,15.328561,350.53775,Bronx
2614,2025-01-06 21:00:00,-4.4,0.0,0.0,0.02,0.0,18.998314,350.18076,Bronx
2615,2025-01-06 22:00:00,-4.95,0.0,0.0,0.02,0.0,19.41081,341.06088,Bronx
2616,2025-01-06 23:00:00,-5.6,0.0,0.0,0.02,0.0,19.89631,331.34827,Bronx
2617,2025-01-07 00:00:00,-6.65,0.0,0.0,0.02,0.0,20.66867,326.7251,Bronx
2618,2025-01-07 01:00:00,-7.7,0.0,0.0,0.02,0.0,21.26744,326.0409,Bronx
2619,2025-01-07 02:00:00,-8.4,0.0,0.0,0.02,0.0,22.17144,327.6002,Bronx
2620,2025-01-07 03:00:00,-8.5,0.0,0.0,0.01,0.0,21.717432,326.83676,Bronx
2621,2025-01-07 04:00:00,-8.05,0.0,0.0,0.01,0.0,20.01969,326.73856,Bronx
2622,2025-01-07 05:00:00,-7.5,0.0,0.0,0.01,0.0,18.834743,321.5967,Bronx
2623,2025-01-07 06:00:00,-7.3,0.0,0.0,0.01,0.0,16.554129,313.23764,Bronx
2624,2025-01-07 07:00:00,-6.75,0.0,0.0,0.01,0.0,18.772715,304.452,Bronx
2625,2025-01-07 08:00:00,-6.05,0.0,0.0,0.01,0.0,21.176598,297.87186,Bronx
2626,2025-01-07 09:00:00,-5.2,0.0,0.0,0.01,0.0,22.543158,297.58798,Bronx
2627,2025-01-07 10:00:00,-4.9,0.0,0.0,0.01,0.0,34.316326,305.60764,Bronx
2628,2025-01-07 11:00:00,-4.25,0.0,0.0,0.01,0.0,25.542881,299.09372,Bronx
2629,2025-01-07 12:00:00,-3.3,0.0,0.0,0.01,0.0,34.132195,309.6508,Bronx
2630,2025-01-07 13:00:00,-3.0,0.0,0.0,0.01,0.0,32.544178,306.67984,Bronx
2631,2025-01-07 14:00:00,-2.75,0.0,0.0,0.01,0.0,32.663425,305.35425,Bronx
2632,2025-01-07 15:00:00,-2.95,0.0,0.0,0.01,0.0,27.265694,302.3261,Bronx
2633,2025-01-07 16:00:00,-3.0,0.0,0.0,0.01,0.0,21.573734,296.77878,Bronx
2634,2025-01-07 17:00:00,-3.35,0.0,0.0,0.01,0.0,23.98867,296.75723,Bronx
2635,2025-01-07 18:00:00,-3.25,0.0,0.0,0.01,0.0,22.077717,294.05734,Bronx
2636,2025-01-07 19:00:00,-3.55,0.0,0.0,0.01,0.0,26.887566,301.02948,Bronx
2637,2025-01-07 20:00:00,-2.7,0.0,0.0,0.01,0.0,23.602661,298.71497,Bronx
2638,2025-01-07 21:00:00,-2.9,0.0,0.0,0.01,0.0,20.808498,300.11365,Bronx
2639,2025-01-07 22:00:00,-2.7,0.0,0.0,0.01,0.0,22.166325,304.07724,Bronx
2640,2025-01-07 23:00:00,-2.7,0.0,0.0,0.01,0.0,19.125793,305.03625,Bronx
2641,2025-01-08 00:00:00,-2.95,0.0,0.0,0.01,0.0,23.728615,305.73987,Bronx
2642,2025-01-08 01:00:00,-3.15,0.0,0.0,0.01,0.0,20.618448,303.96756,Bronx
2643,2025-01-08 02:00:00,-3.65,0.0,0.0,0.01,0.0,23.00411,307.04932,Bronx
2644,2025-01-08 03:00:00,-4.2,0.0,0.0,0.01,0.0,21.45627,307.1584,Bronx
2645,2025-01-08 04:00:00,-4.4,0.0,0.0,0.01,0.0,21.175837,305.31128,Bronx
2646,2025-01-08 05:00:00,-4.45,0.0,0.0,0.01,0.0,19.787722,301.23184,Bronx
2647,2025-01-08 06:00:00,-4.4,0.0,0.0,0.01,0.0,19.424158,299.4155,Bronx
2648,2025-01-08 07:00:00,-4.8,0.0,0.0,0.01,0.0,21.619492,302.7639,Bronx
2649,2025-01-08 08:00:00,-4.45,0.0,0.0,0.01,0.0,22.877,301.81418,Bronx
2650,2025-01-08 09:00:00,-4.15,0.0,0.0,0.01,0.0,23.621185,302.23676,Bronx
2651,2025-01-08 10:00:00,-3.55,0.0,0.0,0.01,0.0,23.426292,295.97433,Bronx
2652,2025-01-08 11:00:00,-2.8,0.0,0.0,0.01,0.0,30.163296,300.08408,Bronx
2653,2025-01-08 12:00:00,-2.55,0.0,0.0,0.01,0.0,26.413427,294.9933,Bronx
2654,2025-01-08 13:00:00,-2.25,0.0,0.0,0.01,0.0,29.544683,297.18942,Bronx
2655,2025-01-08 14:00:00,-2.7,0.0,0.0,0.01,0.0,27.208593,296.7345,Bronx
2656,2025-01-08 15:00:00,-3.5,0.0,0.0,0.01,0.0,25.944988,299.0545,Bronx
2657,2025-01-08 16:00:00,-4.6,0.0,0.0,0.01,0.0,24.896023,298.97403,Bronx
2658,2025-01-08 17:00:00,-5.7,0.0,0.0,0.01,0.0,22.942055,296.56497,Bronx
2659,2025-01-08 18:00:00,-6.25,0.0,0.0,0.01,0.0,22.057161,296.1468,Bronx
2660,2025-01-08 19:00:00,-6.55,0.0,0.0,0.0,0.0,22.528782,292.0565,Bronx
2661,2025-01-08 20:00:00,-5.35,0.0,0.0,0.0,0.0,22.862833,291.7177,Bronx
2662,2025-01-08 21:00:00,-5.5,0.0,0.0,0.0,0.0,20.793701,290.78833,Bronx
2663,2025-01-08 22:00:00,-5.7,0.0,0.0,0.0,0.0,21.46533,287.06747,Bronx
2664,2025-01-08 23:00:00,-5.95,0.0,0.0,0.0,0.0,21.016878,286.4173,Bronx
2665,2025-01-09 00:00:00,-5.95,0.0,0.0,0.0,0.0,21.916431,289.1791,Bronx
2666,2025-01-09 01:00:00,-5.65,0.0,0.0,0.0,0.0,24.32665,294.47903,Bronx
2667,2025-01-09 02:00:00,-5.6,0.0,0.0,0.0,0.0,26.709234,304.01138,Bronx
2668,2025-01-09 03:00:00,-5.45,0.0,0.0,0.0,0.0,24.31666,304.74887,Bronx
2669,2025-01-09 04:00:00,-5.6,0.0,0.0,0.0,0.0,25.092413,306.54117,Bronx
2670,2025-01-09 05:00:00,-5.6,0.0,0.0,0.0,0.0,24.02174,305.2383,Bronx
2671,2025-01-09 06:00:00,-5.65,0.0,0.0,0.0,0.0,25.165262,307.44373,Bronx
2672,2025-01-09 07:00:00,-5.6,0.0,0.0,0.0,0.0,23.333443,308.10764,Bronx
2673,2025-01-09 08:00:00,-4.3,0.0,0.0,0.0,0.0,27.579382,305.97247,Bronx
2674,2025-01-09 09:00:00,-3.9,0.0,0.0,0.0,0.0,27.60815,304.10455,Bronx
2675,2025-01-09 10:00:00,-3.5,0.0,0.0,0.0,0.0,27.014996,304.96082,Bronx
2676,2025-01-09 11:00:00,-3.05,0.0,0.0,0.0,0.0,26.825436,305.71652,Bronx
2677,2025-01-09 12:00:00,-2.3,0.0,0.0,0.0,0.0,28.69236,306.58243,Bronx
2678,2025-01-09 13:00:00,-1.9,0.0,0.0,0.0,0.0,30.360294,308.50067,Bronx
2679,2025-01-09 14:00:00,-1.85,0.0,0.0,0.0,0.0,28.701393,311.18582,Bronx
2680,2025-01-09 15:00:00,-2.5,0.0,0.0,0.0,0.0,29.237675,307.99878,Bronx
2681,2025-01-09 16:00:00,-2.8,0.0,0.0,0.0,0.0,25.922499,307.66568,Bronx
2682,2025-01-09 17:00:00,-3.5,0.0,0.0,0.0,0.0,28.79325,312.4664,Bronx
2683,2025-01-09 18:00:00,-3.65,0.0,0.0,0.0,0.0,26.84958,320.44037,Bronx
2684,2025-01-09 19:00:00,-3.7,0.0,0.0,0.0,0.0,28.167557,321.2258,Bronx
2685,2025-01-09 20:00:00,-2.05,0.0,0.0,0.0,0.0,26.099998,313.60287,Bronx
2686,2025-01-09 21:00:00,-1.8,0.0,0.0,0.0,0.0,25.20257,315.57864,Bronx
2687,2025-01-09 22:00:00,-1.65,0.0,0.0,0.0,0.0,23.292444,315.31305,Bronx
2688,2025-01-09 23:00:00,-1.8,0.0,0.0,0.0,0.0,22.915916,313.72705,Bronx
2689,2025-01-10 00:00:00,-2.15,0.0,0.0,0.0,0.0,23.441502,312.5104,Bronx
2690,2025-01-10 01:00:00,-2.45,0.0,0.0,0.0,0.0,24.184391,315.60303,Bronx
2691,2025-01-10 02:00:00,-2.65,0.0,0.0,0.0,0.0,22.885498,320.42526,Bronx
2692,2025-01-10 03:00:00,-2.7,0.0,0.0,0.0,0.0,20.750027,313.94568,Bronx
2693,2025-01-10 04:00:00,-2.9,0.0,0.0,0.0,0.0,19.370708,322.17166,Bronx
2694,2025-01-10 05:00:00,-3.0,0.0,0.0,0.0,0.0,18.723461,322.02835,Bronx
2695,2025-01-10 06:00:00,-3.15,0.0,0.0,0.0,0.0,17.630814,319.9698,Bronx
2696,2025-01-10 07:00:00,-3.2,0.0,0.0,0.0,0.0,17.220835,318.81415,Bronx
2697,2025-01-10 08:00:00,-2.0,0.0,0.0,0.0,0.0,17.085785,311.5833,Bronx
2698,2025-01-10 09:00:00,-0.95,0.0,0.0,0.0,0.0,16.204998,310.94635,Bronx
2699,2025-01-10 10:00:00,0.05,0.0,0.0,0.0,0.0,15.096411,320.80673,Bronx
2700,2025-01-10 11:00:00,1.6,0.0,0.0,0.0,0.0,13.125196,317.77924,Bronx
2701,2025-01-10 12:00:00,2.8,0.0,0.0,0.0,0.0,13.513193,318.23978,Bronx
2702,2025-01-10 13:00:00,3.5,0.0,0.0,0.0,0.0,13.393983,318.81415,Bronx
2703,2025-01-10 14:00:00,3.65,0.0,0.0,0.0,0.0,11.989946,305.83774,Bronx
2704,2025-01-10 15:00:00,3.3,0.0,0.0,0.0,0.0,10.429132,291.25058,Bronx
2705,2025-01-10 16:00:00,2.1,0.0,0.0,0.0,0.0,8.350138,277.4313,Bronx
2706,2025-01-10 17:00:00,0.85,0.0,0.0,0.0,0.0,7.3799996,282.68036,Bronx
2707,2025-01-10 18:00:00,0.3,0.0,0.0,0.0,0.0,7.989242,292.5206,Bronx
2708,2025-01-10 19:00:00,-0.65,0.0,0.0,0.0,0.0,8.854829,296.56497,Bronx
2709,2025-01-10 20:00:00,0.4,0.0,0.0,0.0,0.0,7.7420926,287.5925,Bronx
2710,2025-01-10 21:00:00,-0.05,0.0,0.0,0.0,0.0,5.950899,266.53183,Bronx
2711,2025-01-10 22:00:00,-0.1,0.0,0.0,0.0,0.0,3.8773184,291.80148,Bronx
2712,2025-01-10 23:00:00,-0.2,0.0,0.0,0.0,0.0,3.1845248,312.70938,Bronx
2713,2025-01-11 00:00:00,-0.4,0.0,0.0,0.0,0.0,1.659518,229.39879,Bronx
2714,2025-01-11 01:00:00,-0.45,0.0,0.0,0.0,0.0,4.5891175,244.44008,Bronx
2715,2025-01-11 02:00:00,-0.85,0.0,0.35,0.0,0.5,1.4058449,230.19447,Bronx
2716,2025-01-11 03:00:00,-1.2,0.0,0.07,0.0,0.1,5.5567255,204.90474,Bronx
2717,2025-01-11 04:00:00,-1.6,0.0,0.07,0.0,0.1,7.5942082,211.42952,Bronx
2718,2025-01-11 05:00:00,-2.25,0.0,0.35,0.0,0.5,6.015878,231.07245,Bronx
2719,2025-01-11 06:00:00,-2.65,0.0,0.35,0.0,0.5,3.7064266,240.94548,Bronx
2720,2025-01-11 07:00:00,-2.7,0.0,0.07,0.0,0.1,4.3498964,245.55606,Bronx
2721,2025-01-11 08:00:00,-2.35,0.0,0.0,0.0,0.0,4.2366967,282.26477,Bronx
2722,2025-01-11 09:00:00,-1.9,0.0,0.0,0.0,0.0,5.004518,307.6943,Bronx
2723,2025-01-11 10:00:00,-1.15,0.0,0.0,0.0,0.0,7.388775,325.92276,Bronx
2724,2025-01-11 11:00:00,-0.55,0.0,0.0,0.0,0.0,9.984729,326.0234,Bronx
2725,2025-01-11 12:00:00,-0.05,0.0,0.0,0.0,0.0,12.204212,322.792,Bronx
2726,2025-01-11 13:00:00,0.1,0.0,0.0,0.0,0.0,13.072015,321.70978,Bronx
2727,2025-01-11 14:00:00,0.3,0.0,0.0,0.0,0.0,15.476859,326.86438,Bronx
2728,2025-01-11 15:00:00,0.65,0.0,0.0,0.0,0.0,15.825675,326.12915,Bronx
2729,2025-01-11 16:00:00,0.5,0.0,0.0,0.0,0.0,11.583108,315.62952,Bronx
2730,2025-01-11 17:00:00,0.25,0.0,0.0,0.0,0.0,14.004185,322.83545,Bronx
2731,2025-01-11 18:00:00,-0.65,0.0,0.0,0.0,0.0,16.16496,315.45108,Bronx
2732,2025-01-11 19:00:00,-1.75,0.0,0.0,0.0,0.0,17.564533,315.0001,Bronx
2733,2025-01-11 20:00:00,-1.4,0.0,0.0,0.0,0.0,18.11841,310.97165,Bronx
2734,2025-01-11 21:00:00,-1.6,0.0,0.0,0.0,0.0,17.84816,311.72943,Bronx
2735,2025-01-11 22:00:00,-1.7,0.0,0.0,0.0,0.0,16.940096,317.15298,Bronx
2736,2025-01-11 23:00:00,-1.75,0.0,0.0,0.0,0.0,16.529644,321.63248,Bronx
2737,2025-01-12 00:00:00,-1.75,0.0,0.0,0.0,0.0,16.024044,321.8427,Bronx
2738,2025-01-12 01:00:00,-1.45,0.0,0.0,0.0,0.0,15.233148,324.61966,Bronx
2739,2025-01-12 02:00:00,-1.0,0.0,0.0,0.0,0.0,14.277983,326.3099,Bronx
2740,2025-01-12 03:00:00,-0.7,0.0,0.0,0.0,0.0,14.668619,330.60403,Bronx
2741,2025-01-12 04:00:00,-1.0,0.0,0.0,0.0,0.0,12.362475,317.95087,Bronx
2742,2025-01-12 05:00:00,-1.3,0.0,0.0,0.0,0.0,11.525623,308.65982,Bronx
2743,2025-01-12 06:00:00,-1.55,0.0,0.0,0.0,0.0,10.464797,319.18503,Bronx
2744,2025-01-12 07:00:00,-1.65,0.0,0.0,0.0,0.0,8.641874,324.3235,Bronx
2745,2025-01-12 08:00:00,-0.95,0.0,0.0,0.0,0.0,7.6388745,304.43906,Bronx
2746,2025-01-12 09:00:00,0.6,0.0,0.0,0.0,0.0,8.181589,309.64413,Bronx
2747,2025-01-12 10:00:00,2.15,0.0,0.0,0.0,0.0,7.9383874,302.96942,Bronx
2748,2025-01-12 11:00:00,3.3,0.0,0.0,0.0,0.0,9.54,301.89075,Bronx
2749,2025-01-12 12:00:00,4.25,0.0,0.0,0.0,0.0,10.571074,312.92996,Bronx
2750,2025-01-12 13:00:00,4.8,0.0,0.0,0.0,0.0,11.384198,304.69522,Bronx
2751,2025-01-12 14:00:00,4.55,0.0,0.0,0.0,0.0,10.730778,292.69382,Bronx
2752,2025-01-12 15:00:00,4.05,0.0,0.0,0.0,0.0,8.538149,288.43503,Bronx
2753,2025-01-12 16:00:00,3.3,0.0,0.0,0.0,0.0,4.6834598,267.79745,Bronx
2754,2025-01-12 17:00:00,0.9,0.0,0.0,0.0,0.0,4.323748,272.3859,Bronx
2755,2025-01-12 18:00:00,0.2,0.0,0.0,0.0,0.0,5.072041,297.47433,Bronx
2756,2025-01-12 19:00:00,-0.25,0.0,0.0,0.0,0.0,4.978554,319.39877,Bronx
2757,2025-01-12 20:00:00,-0.6,0.0,0.0,0.0,0.0,4.39436,304.9921,Bronx
2758,2025-01-12 21:00:00,-0.85,0.0,0.0,0.0,0.0,4.060985,282.80426,Bronx
2759,2025-01-12 22:00:00,-0.95,0.0,0.0,0.0,0.0,4.0249224,259.69522,Bronx
2760,2025-01-12 23:00:00,-0.05,0.0,0.0,0.0,0.0,4.846648,238.67136,Bronx
2761,2025-01-13 00:00:00,-0.1,0.0,0.0,0.0,0.0,5.441838,235.78424,Bronx
2762,2025-01-13 01:00:00,-0.05,0.0,0.0,0.0,0.0,5.22,223.60289,Bronx
2763,2025-01-13 02:00:00,-0.6,0.0,0.0,0.0,0.0,5.257109,218.04709,Bronx
2764,2025-01-13 03:00:00,-0.75,0.0,0.0,0.0,0.0,6.7469993,226.08084,Bronx
2765,2025-01-13 04:00:00,-0.9,0.0,0.0,0.0,0.0,7.562142,218.23386,Bronx
2766,2025-01-13 05:00:00,-1.3,0.0,0.0,0.0,0.0,7.689603,212.57405,Bronx
2767,2025-01-13 06:00:00,-1.45,0.0,0.0,0.0,0.0,8.297589,220.60121,Bronx
2768,2025-01-13 07:00:00,-1.65,0.0,0.0,0.0,0.0,8.274128,225.8813,Bronx
2769,2025-01-13 08:00:00,-1.05,0.0,0.0,0.0,0.0,9.178235,228.17992,Bronx
2770,2025-01-13 09:00:00,0.3,0.0,0.0,0.0,0.0,8.65873,226.68465,Bronx
2771,2025-01-13 10:00:00,1.3,0.0,0.0,0.0,0.0,8.55142,229.26797,Bronx
2772,2025-01-13 11:00:00,1.65,0.0,0.0,0.0,0.0,7.7650757,224.0609,Bronx
2773,2025-01-13 12:00:00,3.3,0.0,0.0,0.0,0.0,8.490582,212.00534,Bronx
2774,2025-01-13 13:00:00,4.75,0.0,0.0,0.0,0.0,11.583109,212.94922,Bronx
2775,2025-01-13 14:00:00,5.5,0.0,0.0,0.0,0.0,11.892265,219.47243,Bronx
2776,2025-01-13 15:00:00,6.05,0.0,0.0,0.0,0.0,15.893093,256.9081,Bronx
2777,2025-01-13 16:00:00,5.05,0.0,0.0,0.0,0.0,17.794527,262.44376,Bronx
2778,2025-01-13 17:00:00,3.55,0.0,0.0,0.0,0.0,16.923828,268.78116,Bronx
2779,2025-01-13 18:00:00,2.25,0.0,0.0,0.0,0.0,12.251905,267.47394,Bronx
2780,2025-01-13 19:00:00,1.0,0.0,0.0,0.0,0.0,9.979859,262.7469,Bronx
2781,2025-01-13 20:00:00,0.85,0.0,0.0,0.0,0.0,8.759178,260.53775,Bronx
2782,2025-01-13 21:00:00,0.55,0.0,0.0,0.0,0.0,9.885262,259.50858,Bronx
2783,2025-01-13 22:00:00,0.7,0.0,0.0,0.0,0.0,11.375658,265.4623,Bronx
2784,2025-01-13 23:00:00,0.35,0.0,0.0,0.0,0.0,12.144331,281.9761,Bronx
2785,2025-01-14 00:00:00,-0.35,0.0,0.0,0.0,0.0,10.495713,300.96368,Bronx
2786,2025-01-14 01:00:00,-0.95,0.0,0.0,0.0,0.0,10.495713,300.96368,Bronx
2787,2025-01-14 02:00:00,-1.5,0.0,0.0,0.0,0.0,11.679212,298.5399,Bronx
2788,2025-01-14 03:00:00,-2.05,0.0,0.0,0.0,0.0,14.20062,300.46545,Bronx
2789,2025-01-14 04:00:00,-2.7,0.0,0.0,0.0,0.0,14.411245,297.52515,Bronx
2790,2025-01-14 05:00:00,-3.05,0.0,0.0,0.0,0.0,14.275713,293.00888,Bronx
2791,2025-01-14 06:00:00,-3.35,0.0,0.0,0.0,0.0,15.655861,289.47665,Bronx
2792,2025-01-14 07:00:00,-3.6,0.0,0.0,0.0,0.0,15.94804,286.38962,Bronx
2793,2025-01-14 08:00:00,-2.6,0.0,0.0,0.0,0.0,15.629972,277.9434,Bronx
2794,2025-01-14 09:00:00,-2.05,0.0,0.0,0.0,0.0,17.106628,278.47107,Bronx
2795,2025-01-14 10:00:00,-1.6,0.0,0.0,0.0,0.0,22.077717,294.05734,Bronx
2796,2025-01-14 11:00:00,-1.65,0.0,0.0,0.0,0.0,22.832344,292.72415,Bronx
2797,2025-01-14 12:00:00,-1.05,0.0,0.0,0.0,0.0,21.816414,295.93076,Bronx
2798,2025-01-14 13:00:00,-0.4,0.0,0.0,0.0,0.0,21.924562,299.51138,Bronx
2799,2025-01-14 14:00:00,-0.15,0.0,0.0,0.0,0.0,19.353138,288.43503,Bronx
2800,2025-01-14 15:00:00,0.05,0.0,0.0,0.0,0.0,17.82091,293.1986,Bronx
2801,2025-01-14 16:00:00,-0.5,0.0,0.0,0.0,0.0,15.844089,291.318,Bronx
2802,2025-01-14 17:00:00,-1.6,0.0,0.0,0.0,0.0,13.00243,291.94876,Bronx
2803,2025-01-14 18:00:00,-2.25,0.0,0.0,0.0,0.0,10.814989,288.43503,Bronx
2804,2025-01-14 19:00:00,-2.5,0.0,0.0,0.0,0.0,11.700001,284.25006,Bronx
2805,2025-01-14 20:00:00,-2.05,0.0,0.0,0.0,0.0,14.33347,277.21417,Bronx
2806,2025-01-14 21:00:00,-2.5,0.0,0.0,0.0,0.0,14.178928,290.04532,Bronx
2807,2025-01-14 22:00:00,-2.85,0.0,0.0,0.0,0.0,17.396793,298.4211,Bronx
2808,2025-01-14 23:00:00,-3.55,0.0,0.0,0.0,0.0,18.519018,291.07758,Bronx
2809,2025-01-15 00:00:00,-4.3,0.0,0.0,0.0,0.0,18.162169,289.6921,Bronx
2810,2025-01-15 01:00:00,-4.85,0.0,0.0,0.0,0.0,15.743571,292.16638,Bronx
2811,2025-01-15 02:00:00,-5.2,0.0,0.0,0.0,0.0,18.307865,300.09415,Bronx
2812,2025-01-15 03:00:00,-5.45,0.0,0.0,0.0,0.0,17.935986,301.45676,Bronx
2813,2025-01-15 04:00:00,-5.5,0.0,0.0,0.01,0.0,17.570988,299.45358,Bronx
2814,2025-01-15 05:00:00,-5.35,0.0,0.0,0.01,0.0,17.791796,295.78726,Bronx
2815,2025-01-15 06:00:00,-5.0,0.0,0.0,0.01,0.0,17.15297,298.1785,Bronx
2816,2025-01-15 07:00:00,-4.7,0.0,0.0,0.01,0.0,16.774803,303.17853,Bronx
2817,2025-01-15 08:00:00,-4.05,0.0,0.0,0.01,0.0,18.278645,302.12497,Bronx
2818,2025-01-15 09:00:00,-3.1,0.0,0.0,0.01,0.0,18.244045,300.86673,Bronx
2819,2025-01-15 10:00:00,-2.0,0.0,0.0,0.02,0.0,24.485292,318.57642,Bronx
2820,2025-01-15 11:00:00,-1.4,0.0,0.0,0.02,0.0,23.03789,314.68347,Bronx
2821,2025-01-15 12:00:00,-1.1,0.0,0.0,0.02,0.0,22.571884,311.44373,Bronx
2822,2025-01-15 13:00:00,-1.35,0.0,0.0,0.02,0.0,22.049082,312.02188,Bronx
2823,2025-01-15 14:00:00,-1.45,0.0,0.0,0.02,0.0,22.317822,311.4032,Bronx
2824,2025-01-15 15:00:00,-1.7,0.0,0.0,0.02,0.0,20.65848,311.46762,Bronx
2825,2025-01-15 16:00:00,-2.1,0.0,0.0,0.02,0.0,19.64228,311.2846,Bronx
2826,2025-01-15 17:00:00,-2.8,0.0,0.0,0.01,0.0,17.065859,307.71603,Bronx
2827,2025-01-15 18:00:00,-3.25,0.0,0.0,0.01,0.0,15.735336,305.69016,Bronx
2828,2025-01-15 19:00:00,-3.3,0.0,0.0,0.01,0.0,12.996201,306.55255,Bronx
2829,2025-01-15 20:00:00,-2.85,0.0,0.0,0.01,0.0,14.082628,305.1121,Bronx
2830,2025-01-15 21:00:00,-2.9,0.0,0.0,0.01,0.0,12.287555,301.8274,Bronx
2831,2025-01-15 22:00:00,-2.95,0.0,0.0,0.01,0.0,10.934166,290.22495,Bronx
2832,2025-01-15 23:00:00,-3.35,0.0,0.0,0.01,0.0,9.044888,275.7105,Bronx
2833,2025-01-16 00:00:00,-3.45,0.0,0.0,0.01,0.0,8.287822,267.5105,Bronx
2834,2025-01-16 01:00:00,-3.1,0.0,0.0,0.01,0.0,8.731391,255.67725,Bronx
2835,2025-01-16 02:00:00,-3.1,0.0,0.0,0.01,0.0,8.863972,246.0375,Bronx
2836,2025-01-16 03:00:00,-3.4,0.0,0.0,0.01,0.0,9.741642,253.9091,Bronx
2837,2025-01-16 04:00:00,-3.75,0.0,0.0,0.01,0.0,11.159999,270.0,Bronx
2838,2025-01-16 05:00:00,-4.25,0.0,0.0,0.01,0.0,8.656858,273.57626,Bronx
2839,2025-01-16 06:00:00,-4.55,0.0,0.0,0.01,0.0,7.5685663,267.27374,Bronx
2840,2025-01-16 07:00:00,-4.9,0.0,0.0,0.01,0.0,7.1661706,258.40784,Bronx
2841,2025-01-16 08:00:00,-5.05,0.0,0.0,0.01,0.0,8.37532,241.78273,Bronx
2842,2025-01-16 09:00:00,-4.55,0.0,0.0,0.01,0.0,8.707237,240.2552,Bronx
2843,2025-01-16 10:00:00,-3.45,0.0,0.0,0.01,0.0,8.43699,236.3099,Bronx
2844,2025-01-16 11:00:00,-2.5,0.0,0.0,0.01,0.0,8.65873,223.31535,Bronx
2845,2025-01-16 12:00:00,-1.55,0.0,0.0,0.01,0.0,10.583326,221.55252,Bronx
2846,2025-01-16 13:00:00,-0.95,0.0,0.0,0.01,0.0,11.161451,217.794,Bronx
2847,2025-01-16 14:00:00,-1.1,0.0,0.0,0.01,0.0,10.908951,217.6263,Bronx
2848,2025-01-16 15:00:00,-1.2,0.0,0.0,0.01,0.0,10.583326,221.55252,Bronx
2849,2025-01-16 16:00:00,-1.65,0.0,0.07,0.01,0.1,10.152064,217.07317,Bronx
2850,2025-01-16 17:00:00,-2.15,0.0,0.07,0.01,0.1,9.648067,216.6562,Bronx
2851,2025-01-16 18:00:00,-2.3,0.0,0.0,0.01,0.0,7.344794,216.02747,Bronx
2852,2025-01-16 19:00:00,-2.3,0.0,0.0,0.01,0.0,6.522361,219.40063,Bronx
2853,2025-01-16 20:00:00,-2.35,0.0,0.07,0.01,0.1,8.913181,223.36346,Bronx
2854,2025-01-16 21:00:00,-2.5,0.0,0.07,0.01,0.1,8.338489,237.3391,Bronx
2855,2025-01-16 22:00:00,-2.55,0.0,0.0,0.01,0.0,9.194106,246.94867,Bronx
2856,2025-01-16 23:00:00,-2.6,0.0,0.0,0.01,0.0,9.582359,264.61078,Bronx
2857,2025-01-17 00:00:00,-2.95,0.0,0.0,0.01,0.0,8.909545,278.13,Bronx
2858,2025-01-17 01:00:00,-2.95,0.0,0.0,0.01,0.0,8.790563,280.6196,Bronx
2859,2025-01-17 02:00:00,-3.4,0.0,0.0,0.01,0.0,8.2584505,286.46008,Bronx
2860,2025-01-17 03:00:00,-3.7,0.0,0.0,0.01,0.0,7.989242,292.5206,Bronx
2861,2025-01-17 04:00:00,-4.0,0.0,0.0,0.01,0.0,7.458606,289.74692,Bronx
2862,2025-01-17 05:00:00,-4.15,0.0,0.0,0.01,0.0,8.36758,288.8248,Bronx
2863,2025-01-17 06:00:00,-4.05,0.0,0.0,0.01,0.0,10.062305,296.56497,Bronx
2864,2025-01-17 07:00:00,-4.0,0.0,0.0,0.01,0.0,9.984729,297.95087,Bronx
2865,2025-01-17 08:00:00,-3.7,0.0,0.0,0.01,0.0,9.0018,281.53458,Bronx
2866,2025-01-17 09:00:00,-1.95,0.0,0.0,0.01,0.0,8.461914,271.21884,Bronx
2867,2025-01-17 10:00:00,0.05,0.0,0.0,0.01,0.0,7.5942073,264.55975,Bronx
2868,2025-01-17 11:00:00,1.55,0.0,0.0,0.01,0.0,8.027677,250.34608,Bronx
2869,2025-01-17 12:00:00,2.75,0.0,0.0,0.01,0.0,7.731623,245.22488,Bronx
2870,2025-01-17 13:00:00,4.1,0.0,0.0,0.01,0.0,9.746631,265.76367,Bronx
2871,2025-01-17 14:00:00,4.55,0.0,0.0,0.01,0.0,10.440001,270.0,Bronx
2872,2025-01-17 15:00:00,4.45,0.0,0.0,0.01,0.0,6.2067385,240.4613,Bronx
2873,2025-01-17 16:00:00,3.6,0.0,0.0,0.01,0.0,6.330782,165.17348,Bronx
2874,2025-01-17 17:00:00,2.55,0.0,0.0,0.01,0.0,7.562142,178.63611,Bronx
2875,2025-01-17 18:00:00,1.65,0.0,0.0,0.01,0.0,8.027677,199.65392,Bronx
2876,2025-01-17 19:00:00,1.2,0.0,0.0,0.01,0.0,9.600937,210.411,Bronx
2877,2025-01-17 20:00:00,1.25,0.0,0.0,0.01,0.0,9.582358,208.00908,Bronx
2878,2025-01-17 21:00:00,1.05,0.0,0.0,0.01,0.0,10.24578,198.43504,Bronx
2879,2025-01-17 22:00:00,0.7,0.0,0.0,0.01,0.0,10.636766,203.9625,Bronx
2880,2025-01-17 23:00:00,0.35,0.0,0.0,0.01,0.0,11.605464,203.78204,Bronx
2881,2025-01-18 00:00:00,-0.1,0.0,0.0,0.01,0.0,11.364259,209.40709,Bronx
2882,2025-01-18 01:00:00,-0.45,0.0,0.0,0.01,0.0,10.134496,199.72237,Bronx
2883,2025-01-18 02:00:00,-0.55,0.0,0.0,0.01,0.0,10.931203,197.24155,Bronx
2884,2025-01-18 03:00:00,-0.4,0.0,0.0,0.01,0.0,10.829958,201.4478,Bronx
2885,2025-01-18 04:00:00,-0.25,0.0,0.0,0.01,0.0,11.755254,205.38786,Bronx
2886,2025-01-18 05:00:00,0.25,0.0,0.0,0.01,0.0,12.472065,200.26578,Bronx
2887,2025-01-18 06:00:00,0.75,0.0,0.0,0.01,0.0,12.413476,196.85847,Bronx
2888,2025-01-18 07:00:00,1.5,0.0,0.0,0.01,0.0,12.882267,195.3956,Bronx
2889,2025-01-18 08:00:00,3.0,0.0,0.0,0.01,0.0,14.332341,191.59215,Bronx
2890,2025-01-18 09:00:00,4.2,0.0,0.0,0.01,0.0,13.910169,190.43742,Bronx
2891,2025-01-18 10:00:00,5.95,0.0,0.0,0.01,0.0,14.081478,184.39862,Bronx
2892,2025-01-18 11:00:00,6.65,0.0,0.0,0.01,0.0,16.024044,178.71269,Bronx
2893,2025-01-18 12:00:00,6.95,0.0,0.0,0.01,0.0,15.922626,174.1606,Bronx
2894,2025-01-18 13:00:00,6.6,0.1,0.0,0.01,0.1,13.934604,185.93143,Bronx
2895,2025-01-18 14:00:00,6.1,0.7,0.0,0.01,0.7,10.717182,187.72174,Bronx
2896,2025-01-18 15:00:00,5.45,0.7,0.0,0.01,0.7,5.414979,158.5522,Bronx
2897,2025-01-18 16:00:00,5.3,0.3,0.0,0.01,0.3,4.1125174,156.80139,Bronx
2898,2025-01-18 17:00:00,4.9,1.0,0.0,0.01,1.0,2.7475805,148.39255,Bronx
2899,2025-01-18 18:00:00,4.45,0.0,0.0,0.01,0.0,4.198285,149.03632,Bronx
2900,2025-01-18 19:00:00,4.35,0.0,0.0,0.01,0.0,6.59154,214.9921,Bronx
2901,2025-01-18 20:00:00,5.0,0.0,0.0,0.01,0.0,6.037383,243.43501,Bronx
2902,2025-01-18 21:00:00,4.1,0.0,0.0,0.01,0.0,7.256032,262.8751,Bronx
2903,2025-01-18 22:00:00,3.5,0.0,0.0,0.01,0.0,8.197414,261.15826,Bronx
2904,2025-01-18 23:00:00,2.45,0.0,0.0,0.01,0.0,10.948973,279.46225,Bronx
2905,2025-01-19 00:00:00,1.8,0.0,0.0,0.01,0.0,11.272657,289.59238,Bronx
2906,2025-01-19 01:00:00,1.25,0.0,0.0,0.01,0.0,10.32924,292.5431,Bronx
2907,2025-01-19 02:00:00,0.9,0.0,0.0,0.01,0.0,10.472535,298.76755,Bronx
2908,2025-01-19 03:00:00,0.95,0.0,0.0,0.01,0.0,12.242646,311.42358,Bronx
2909,2025-01-19 04:00:00,0.85,0.0,0.0,0.01,0.0,11.892265,320.52756,Bronx
2910,2025-01-19 05:00:00,0.5,0.0,0.0,0.01,0.0,10.310402,315.70724,Bronx
2911,2025-01-19 06:00:00,0.15,0.0,0.0,0.01,0.0,8.274128,314.11868,Bronx
2912,2025-01-19 07:00:00,-0.15,0.0,0.0,0.01,0.0,8.723967,338.19852,Bronx
2913,2025-01-19 08:00:00,1.65,0.0,0.0,0.01,0.0,7.3997297,355.81516,Bronx
2914,2025-01-19 09:00:00,2.1,0.0,0.0,0.01,0.0,5.7515564,20.136398,Bronx
2915,2025-01-19 10:00:00,2.35,0.0,0.0,0.01,0.0,9.779817,6.3401003,Bronx
2916,2025-01-19 11:00:00,2.2,0.0,0.0,0.01,0.0,8.311245,4.969664,Bronx
2917,2025-01-19 12:00:00,2.05,0.1,0.0,0.01,0.1,9.761578,5.29,Bronx
2918,2025-01-19 13:00:00,1.9,0.0,0.0,0.01,0.0,8.461914,1.218852,Bronx
2919,2025-01-19 14:00:00,1.7,0.0,0.14,0.01,0.2,8.083983,348.4399,Bronx
2920,2025-01-19 15:00:00,1.15,0.0,0.56,0.01,0.8,8.427383,19.983198,Bronx
2921,2025-01-19 16:00:00,0.65,0.0,0.42000002,0.01,0.6,13.709573,3.7639716,Bronx
2922,2025-01-19 17:00:00,0.15,0.0,0.21000001,0.01,0.3,14.22,360.0,Bronx
2923,2025-01-19 18:00:00,-0.8,0.0,0.42000002,0.02,0.6,18.613253,350.53775,Bronx
2924,2025-01-19 19:00:00,-1.55,0.0,1.3299999,0.03,1.9,20.948164,340.9422,Bronx
2925,2025-01-19 20:00:00,-1.4,0.0,1.05,0.04,1.5,18.792551,339.82925,Bronx
2926,2025-01-19 21:00:00,-2.4,0.0,0.77,0.04,1.1,22.922276,346.83676,Bronx
2927,2025-01-19 22:00:00,-3.4,0.0,0.21000001,0.05,0.3,22.541,341.85434,Bronx
2928,2025-01-19 23:00:00,-3.6,0.0,0.0,0.05,0.0,19.810633,331.8051,Bronx
2929,2025-01-20 00:00:00,-3.65,0.0,0.07,0.05,0.1,15.96327,330.25522,Bronx
2930,2025-01-20 01:00:00,-4.1,0.0,0.07,0.05,0.1,13.767352,318.1799,Bronx
2931,2025-01-20 02:00:00,-4.95,0.0,0.0,0.05,0.0,14.336861,308.8845,Bronx
2932,2025-01-20 03:00:00,-6.45,0.0,0.0,0.05,0.0,17.224598,304.3544,Bronx
2933,2025-01-20 04:00:00,-7.95,0.0,0.0,0.05,0.0,17.823637,308.02728,Bronx
2934,2025-01-20 05:00:00,-8.65,0.0,0.0,0.05,0.0,15.771329,308.0471,Bronx
2935,2025-01-20 06:00:00,-9.2,0.0,0.0,0.05,0.0,13.83192,304.931,Bronx
2936,2025-01-20 07:00:00,-9.6,0.0,0.0,0.05,0.0,12.13499,302.2756,Bronx
2937,2025-01-20 08:00:00,-9.15,0.0,0.0,0.05,0.0,13.83192,288.19925,Bronx
2938,2025-01-20 09:00:00,-8.75,0.0,0.0,0.05,0.0,13.379461,280.85635,Bronx
2939,2025-01-20 10:00:00,-8.0,0.0,0.0,0.05,0.0,11.543881,280.78424,Bronx
2940,2025-01-20 11:00:00,-6.9,0.0,0.0,0.05,0.0,9.0018,281.53458,Bronx
2941,2025-01-20 12:00:00,-5.6,0.0,0.0,0.05,0.0,13.451914,282.3625,Bronx
2942,2025-01-20 13:00:00,-4.9,0.0,0.0,0.05,0.0,16.595179,282.5288,Bronx
2943,2025-01-20 14:00:00,-4.7,0.0,0.0,0.05,0.0,13.450708,285.52417,Bronx
2944,2025-01-20 15:00:00,-4.85,0.0,0.0,0.05,0.0,12.351988,288.69907,Bronx
2945,2025-01-20 16:00:00,-5.4,0.0,0.0,0.05,0.0,11.230904,291.63095,Bronx
2946,2025-01-20 17:00:00,-6.45,0.0,0.0,0.05,0.0,10.062305,296.56497,Bronx
2947,2025-01-20 18:00:00,-7.1,0.0,0.0,0.05,0.0,9.614426,308.15726,Bronx
2948,2025-01-20 19:00:00,-7.7,0.0,0.0,0.05,0.0,8.587338,303.02386,Bronx
2949,2025-01-20 20:00:00,-7.85,0.0,0.0,0.05,0.0,7.7588143,266.00916,Bronx
2950,2025-01-20 21:00:00,-8.75,0.0,0.0,0.05,0.0,9.179999,270.0,Bronx
2951,2025-01-20 22:00:00,-9.65,0.0,0.0,0.05,0.0,9.600937,276.4587,Bronx
2952,2025-01-20 23:00:00,-10.35,0.0,0.0,0.05,0.0,9.016185,273.43356,Bronx
2953,2025-01-21 00:00:00,-10.95,0.0,0.0,0.05,0.0,9.36173,268.89832,Bronx
2954,2025-01-21 01:00:00,-11.5,0.0,0.0,0.05,0.0,9.726665,267.87894,Bronx
2955,2025-01-21 02:00:00,-12.05,0.0,0.0,0.05,0.0,9.444426,277.66672,Bronx
2956,2025-01-21 03:00:00,-12.55,0.0,0.0,0.05,0.0,8.777653,285.46127,Bronx
2957,2025-01-21 04:00:00,-13.05,0.0,0.0,0.05,0.0,8.085988,286.8215,Bronx
2958,2025-01-21 05:00:00,-13.6,0.0,0.0,0.05,0.0,6.1437774,264.95764,Bronx
2959,2025-01-21 06:00:00,-13.8,0.0,0.0,0.05,0.0,7.2359104,264.2895,Bronx
2960,2025-01-21 07:00:00,-14.1,0.0,0.0,0.05,0.0,8.431228,253.8865,Bronx
2961,2025-01-21 08:00:00,-13.6,0.0,0.0,0.05,0.0,8.163749,255.96373,Bronx
2962,2025-01-21 09:00:00,-12.75,0.0,0.0,0.05,0.0,7.562142,271.3639,Bronx
2963,2025-01-21 10:00:00,-11.65,0.0,0.0,0.05,0.0,7.5685663,295.34613,Bronx
2964,2025-01-21 11:00:00,-10.4,0.0,0.0,0.05,0.0,5.6521144,279.16226,Bronx
2965,2025-01-21 12:00:00,-9.45,0.0,0.0,0.05,0.0,4.5536795,251.56496,Bronx
2966,2025-01-21 13:00:00,-8.8,0.0,0.0,0.05,0.0,5.00128,239.74365,Bronx
2967,2025-01-21 14:00:00,-8.35,0.0,0.0,0.05,0.0,5.6060677,227.60262,Bronx
2968,2025-01-21 15:00:00,-8.15,0.0,0.0,0.05,0.0,6.248359,228.50363,Bronx
2969,2025-01-21 16:00:00,-8.3,0.0,0.0,0.05,0.0,7.7650757,224.0609,Bronx
2970,2025-01-21 17:00:00,-8.65,0.0,0.0,0.05,0.0,7.8954163,223.1524,Bronx
2971,2025-01-21 18:00:00,-8.95,0.0,0.07,0.05,0.1,8.643749,238.62704,Bronx
2972,2025-01-21 19:00:00,-9.15,0.0,0.07,0.05,0.1,10.365251,249.67677,Bronx
2973,2025-01-21 20:00:00,-8.8,0.0,0.0,0.05,0.0,9.743304,244.85524,Bronx
2974,2025-01-21 21:00:00,-9.0,0.0,0.07,0.05,0.1,11.074022,262.52853,Bronx
2975,2025-01-21 22:00:00,-9.25,0.0,0.07,0.05,0.1,11.588701,276.24182,Bronx
2976,2025-01-21 23:00:00,-9.6,0.0,0.0,0.05,0.0,11.953409,288.43503,Bronx
2977,2025-01-22 00:00:00,-10.5,0.0,0.0,0.05,0.0,10.234705,304.24908,Bronx
2978,2025-01-22 01:00:00,-11.15,0.0,0.0,0.05,0.0,8.738811,302.38065,Bronx
2979,2025-01-22 02:00:00,-12.5,0.0,0.0,0.05,0.0,8.287822,304.3804,Bronx
2980,2025-01-22 03:00:00,-13.1,0.0,0.0,0.05,0.0,7.145796,319.0857,Bronx
2981,2025-01-22 04:00:00,-13.55,0.0,0.0,0.05,0.0,7.4128532,330.9455,Bronx
2982,2025-01-22 05:00:00,-13.95,0.0,0.0,0.05,0.0,7.3997297,341.56494,Bronx
2983,2025-01-22 06:00:00,-14.45,0.0,0.0,0.05,0.0,6.603817,342.5527,Bronx
2984,2025-01-22 07:00:00,-14.55,0.0,0.0,0.05,0.0,6.4624763,347.125,Bronx
2985,2025-01-22 08:00:00,-13.45,0.0,0.0,0.05,0.0,6.452441,329.8587,Bronx
2986,2025-01-22 09:00:00,-12.35,0.0,0.0,0.05,0.0,7.9036193,329.9315,Bronx
2987,2025-01-22 10:00:00,-11.0,0.0,0.0,0.05,0.0,10.931203,342.75845,Bronx
2988,2025-01-22 11:00:00,-9.85,0.0,0.0,0.05,0.0,9.743305,348.2749,Bronx
2989,2025-01-22 12:00:00,-9.05,0.0,0.0,0.05,0.0,7.4672885,344.6237,Bronx
2990,2025-01-22 13:00:00,-8.55,0.0,0.0,0.05,0.0,4.3832865,340.8209,Bronx
2991,2025-01-22 14:00:00,-8.3,0.0,0.0,0.05,0.0,3.3092594,315.0001,Bronx
2992,2025-01-22 15:00:00,-8.25,0.0,0.0,0.05,0.0,1.2074767,333.43503,Bronx
2993,2025-01-22 16:00:00,-9.0,0.0,0.0,0.05,0.0,0.17999999,180.0,Bronx
2994,2025-01-22 17:00:00,-10.35,0.0,0.0,0.05,0.0,0.6489992,213.6901,Bronx
2995,2025-01-22 18:00:00,-10.7,0.0,0.0,0.05,0.0,0.9,216.86998,Bronx
2996,2025-01-22 19:00:00,-11.05,0.0,0.0,0.05,0.0,1.5379207,249.44386,Bronx
2997,2025-01-22 20:00:00,-9.35,0.0,0.0,0.05,0.0,3.319036,220.60121,Bronx
2998,2025-01-22 21:00:00,-9.45,0.0,0.0,0.05,0.0,2.97953,205.01686,Bronx
2999,2025-01-22 22:00:00,-10.45,0.0,0.0,0.05,0.0,2.0124612,206.56499,Bronx
3000,2025-01-22 23:00:00,-11.25,0.0,0.0,0.05,0.0,4.2175345,230.19447,Bronx
3001,2025-01-23 00:00:00,-11.25,0.0,0.0,0.05,0.0,2.19718,214.9921,Bronx
3002,2025-01-23 01:00:00,-11.55,0.0,0.0,0.05,0.0,2.0364676,224.9999,Bronx
3003,2025-01-23 02:00:00,-11.95,0.0,0.0,0.05,0.0,3.2048087,231.84273,Bronx
3004,2025-01-23 03:00:00,-11.85,0.0,0.0,0.05,0.0,3.219938,243.43501,Bronx
3005,2025-01-23 04:00:00,-11.7,0.0,0.0,0.05,0.0,4.323748,267.6141,Bronx
3006,2025-01-23 05:00:00,-10.15,0.0,0.0,0.05,0.0,3.0758414,290.55612,Bronx
3007,2025-01-23 06:00:00,-9.8,0.0,0.0,0.05,0.0,0.9,306.86996,Bronx
3008,2025-01-23 07:00:00,-9.75,0.0,0.0,0.05,0.0,0.35999998,180.0,Bronx
3009,2025-01-23 08:00:00,-10.4,0.0,0.0,0.05,0.0,2.36753,171.25392,Bronx
3010,2025-01-23 09:00:00,-8.7,0.0,0.0,0.05,0.0,1.835647,191.30989,Bronx
3011,2025-01-23 10:00:00,-7.4,0.0,0.0,0.05,0.0,3.096837,234.46223,Bronx
3012,2025-01-23 11:00:00,-6.45,0.0,0.0,0.05,0.0,4.143911,235.6196,Bronx
3013,2025-01-23 12:00:00,-5.5,0.0,0.0,0.05,0.0,5.441838,214.21576,Bronx
3014,2025-01-23 13:00:00,-4.45,0.0,0.0,0.05,0.0,6.601363,205.8663,Bronx
3015,2025-01-23 14:00:00,-3.85,0.0,0.0,0.05,0.0,6.050785,210.37904,Bronx
3016,2025-01-23 15:00:00,-3.7,0.0,0.0,0.05,0.0,6.618519,224.9999,Bronx
3017,2025-01-23 16:00:00,-4.3,0.0,0.0,0.05,0.0,5.195113,255.96373,Bronx
3018,2025-01-23 17:00:00,-5.85,0.0,0.0,0.05,0.0,6.0908127,251.0295,Bronx
3019,2025-01-23 18:00:00,-6.65,0.0,0.0,0.05,0.0,6.698806,239.30035,Bronx
3020,2025-01-23 19:00:00,-6.6,0.0,0.0,0.05,0.0,8.626865,246.64441,Bronx
3021,2025-01-23 20:00:00,-6.2,0.0,0.0,0.05,0.0,9.734987,250.55988,Bronx
3022,2025-01-23 21:00:00,-6.75,0.0,0.0,0.05,0.0,9.919618,258.4862,Bronx
3023,2025-01-23 22:00:00,-7.05,0.0,0.0,0.05,0.0,9.854075,260.53775,Bronx
3024,2025-01-23 23:00:00,-7.25,0.0,0.0,0.05,0.0,10.03167,260.70676,Bronx
3025,2025-01-24 00:00:00,-7.35,0.0,0.0,0.05,0.0,10.182337,261.87,Bronx
3026,2025-01-24 01:00:00,-7.35,0.0,0.0,0.05,0.0,10.694485,263.23392,Bronx
3027,2025-01-24 02:00:00,-7.65,0.0,0.0,0.05,0.0,9.3876505,265.60138,Bronx
3028,2025-01-24 03:00:00,-8.0,0.0,0.0,0.05,0.0,8.297589,266.26868,Bronx
3029,2025-01-24 04:00:00,-8.35,0.0,0.0,0.05,0.0,7.814986,262.0566,Bronx
3030,2025-01-24 05:00:00,-8.45,0.0,0.0,0.05,0.0,8.507737,263.92764,Bronx
3031,2025-01-24 06:00:00,-8.4,0.0,0.0,0.05,0.0,9.181765,271.1233,Bronx
3032,2025-01-24 07:00:00,-8.45,0.0,0.0,0.05,0.0,9.0018,271.14572,Bronx
3033,2025-01-24 08:00:00,-7.85,0.0,0.0,0.05,0.0,11.196231,274.61057,Bronx
3034,2025-01-24 09:00:00,-6.3,0.0,0.0,0.05,0.0,9.224011,275.59924,Bronx
3035,2025-01-24 10:00:00,-4.55,0.0,0.0,0.05,0.0,9.0018,271.14572,Bronx
3036,2025-01-24 11:00:00,-3.05,0.0,0.0,0.05,0.0,10.658068,265.1561,Bronx
3037,2025-01-24 12:00:00,-2.15,0.0,0.0,0.05,0.0,11.521406,270.89514,Bronx
3038,2025-01-24 13:00:00,-1.45,0.0,0.0,0.05,0.0,10.853866,275.7105,Bronx
3039,2025-01-24 14:00:00,-0.95,0.0,0.0,0.05,0.0,11.265469,282.926,Bronx
3040,2025-01-24 15:00:00,-0.9,0.0,0.0,0.05,0.0,9.165871,289.50253,Bronx
3041,2025-01-24 16:00:00,-1.65,0.0,0.0,0.05,0.0,5.4744864,297.4075,Bronx
3042,2025-01-24 17:00:00,-4.45,0.0,0.0,0.05,0.0,4.4456716,301.75943,Bronx
3043,2025-01-24 18:00:00,-5.45,0.0,0.0,0.05,0.0,5.6521144,307.23492,Bronx
3044,2025-01-24 19:00:00,-6.0,0.0,0.0,0.05,0.0,5.796447,306.15826,Bronx
3045,2025-01-24 20:00:00,-5.25,0.0,0.0,0.05,0.0,4.991553,295.64096,Bronx
3046,2025-01-24 21:00:00,-5.95,0.0,0.0,0.05,0.0,3.362677,285.52417,Bronx
3047,2025-01-24 22:00:00,-6.9,0.0,0.0,0.05,0.0,3.7842832,267.27374,Bronx
3048,2025-01-24 23:00:00,-7.35,0.0,0.0,0.05,0.0,2.7534704,281.3099,Bronx
3049,2025-01-25 00:00:00,-7.9,0.0,0.0,0.05,0.0,2.0991426,300.96368,Bronx
3050,2025-01-25 01:00:00,-8.35,0.0,0.0,0.05,0.0,1.4058449,309.8055,Bronx
3051,2025-01-25 02:00:00,-8.95,0.0,0.0,0.05,0.0,1.659518,319.39877,Bronx
3052,2025-01-25 03:00:00,-9.7,0.0,0.0,0.05,0.0,2.4149535,296.56497,Bronx
3053,2025-01-25 04:00:00,-10.4,0.0,0.0,0.05,0.0,2.5455842,278.13,Bronx
3054,2025-01-25 05:00:00,-11.05,0.0,0.0,0.05,0.0,3.0652893,310.2363,Bronx
3055,2025-01-25 06:00:00,-11.4,0.0,0.0,0.05,0.0,2.657668,298.30066,Bronx
3056,2025-01-25 07:00:00,-12.0,0.0,0.0,0.05,0.0,3.5864744,287.52567,Bronx
3057,2025-01-25 08:00:00,-10.0,0.0,0.0,0.05,0.0,4.6730714,285.6423,Bronx
3058,2025-01-25 09:00:00,-7.8,0.0,0.0,0.05,0.0,5.950899,266.53183,Bronx
3059,2025-01-25 10:00:00,-5.9,0.0,0.0,0.05,0.0,6.1569467,254.74483,Bronx
3060,2025-01-25 11:00:00,-4.5,0.0,0.0,0.05,0.0,6.9247384,242.10283,Bronx
3061,2025-01-25 12:00:00,-3.65,0.0,0.0,0.05,0.0,9.4238205,241.47697,Bronx
3062,2025-01-25 13:00:00,-3.05,0.0,0.0,0.04,0.0,11.521406,241.03244,Bronx
3063,2025-01-25 14:00:00,-2.6,0.0,0.0,0.04,0.0,12.181624,235.84026,Bronx
3064,2025-01-25 15:00:00,-2.35,0.0,0.0,0.04,0.0,12.204212,232.79199,Bronx
3065,2025-01-25 16:00:00,-2.45,0.0,0.0,0.04,0.0,10.4493065,227.79277,Bronx
3066,2025-01-25 17:00:00,-3.2,0.0,0.0,0.04,0.0,9.703319,220.48593,Bronx
3067,2025-01-25 18:00:00,-3.25,0.0,0.0,0.04,0.0,11.385622,219.22566,Bronx
3068,2025-01-25 19:00:00,-3.4,0.0,0.0,0.04,0.0,12.483748,222.66266,Bronx
3069,2025-01-25 20:00:00,-2.9,0.0,0.0,0.04,0.0,11.328566,225.64366,Bronx
3070,2025-01-25 21:00:00,-3.15,0.0,0.0,0.04,0.0,11.45513,224.9999,Bronx
3071,2025-01-25 22:00:00,-3.5,0.0,0.0,0.04,0.0,10.583326,221.55252,Bronx
3072,2025-01-25 23:00:00,-3.8,0.0,0.0,0.04,0.0,9.9,216.86998,Bronx
3073,2025-01-26 00:00:00,-4.0,0.0,0.0,0.04,0.0,8.4963045,216.38445,Bronx
3074,2025-01-26 01:00:00,-3.95,0.0,0.0,0.04,0.0,7.282774,219.98683,Bronx
3075,2025-01-26 02:00:00,-3.0,0.0,0.0,0.04,0.0,8.281956,227.6426,Bronx
3076,2025-01-26 03:00:00,-3.25,0.0,0.0,0.04,0.0,8.654987,224.9999,Bronx
3077,2025-01-26 04:00:00,-3.05,0.0,0.0,0.04,0.0,10.182337,224.9999,Bronx
3078,2025-01-26 05:00:00,-2.35,0.0,0.0,0.04,0.0,11.364259,240.5929,Bronx
3079,2025-01-26 06:00:00,-1.9,0.0,0.0,0.04,0.0,13.00243,248.05124,Bronx
3080,2025-01-26 07:00:00,-1.6,0.0,0.0,0.04,0.0,13.504799,248.9076,Bronx
3081,2025-01-26 08:00:00,-1.35,0.0,0.0,0.04,0.0,12.535549,248.96242,Bronx
3082,2025-01-26 09:00:00,-0.35,0.0,0.0,0.04,0.0,12.337553,246.80139,Bronx
3083,2025-01-26 10:00:00,1.7,0.0,0.0,0.04,0.0,12.703715,249.25385,Bronx
3084,2025-01-26 11:00:00,3.4,0.0,0.0,0.04,0.0,13.672893,253.95093,Bronx
3085,2025-01-26 12:00:00,3.75,0.0,0.0,0.04,0.0,18.844202,276.58185,Bronx
3086,2025-01-26 13:00:00,4.05,0.0,0.0,0.04,0.0,16.724508,278.04282,Bronx
3087,2025-01-26 14:00:00,4.1,0.0,0.0,0.04,0.0,16.029097,282.31943,Bronx
3088,2025-01-26 15:00:00,3.7,0.0,0.0,0.04,0.0,14.24163,290.72565,Bronx
3089,2025-01-26 16:00:00,2.65,0.0,0.0,0.04,0.0,13.4903965,301.35703,Bronx
3090,2025-01-26 17:00:00,0.9,0.0,0.0,0.04,0.0,10.799999,306.86996,Bronx
3091,2025-01-26 18:00:00,-0.75,0.0,0.0,0.04,0.0,8.92408,311.72943,Bronx
3092,2025-01-26 19:00:00,-1.55,0.0,0.0,0.04,0.0,8.0599,299.42737,Bronx
3093,2025-01-26 20:00:00,-3.2,0.0,0.0,0.04,0.0,5.020677,284.5345,Bronx
3094,2025-01-26 21:00:00,-3.55,0.0,0.0,0.04,0.0,3.9763298,264.80566,Bronx
3095,2025-01-26 22:00:00,-4.1,0.0,0.0,0.04,0.0,3.5455887,246.0375,Bronx
3096,2025-01-26 23:00:00,-4.15,0.0,0.0,0.04,0.0,5.8409934,236.3099,Bronx
3097,2025-01-27 00:00:00,-3.0,0.0,0.0,0.04,0.0,7.10031,239.53453,Bronx
3098,2025-01-27 01:00:00,-2.95,0.0,0.0,0.04,0.0,6.489992,236.3099,Bronx
3099,2025-01-27 02:00:00,-3.15,0.0,0.0,0.04,0.0,8.181589,230.35587,Bronx
3100,2025-01-27 03:00:00,-2.9,0.0,0.0,0.04,0.0,10.766949,231.78893,Bronx
3101,2025-01-27 04:00:00,-2.8,0.0,0.0,0.04,0.0,10.735306,235.24402,Bronx
3102,2025-01-27 05:00:00,-3.0,0.0,0.0,0.04,0.0,11.534054,247.0362,Bronx
3103,2025-01-27 06:00:00,-3.6,0.0,0.0,0.04,0.0,11.633348,261.99536,Bronx
3104,2025-01-27 07:00:00,-4.45,0.0,0.0,0.04,0.0,9.9408245,264.80566,Bronx
3105,2025-01-27 08:00:00,-3.4,0.0,0.0,0.04,0.0,7.2044983,282.99463,Bronx
3106,2025-01-27 09:00:00,-2.2,0.0,0.0,0.04,0.0,6.5024605,265.23645,Bronx
3107,2025-01-27 10:00:00,-0.95,0.0,0.0,0.04,0.0,8.936778,242.40279,Bronx
3108,2025-01-27 11:00:00,0.2,0.0,0.0,0.04,0.0,11.282711,236.05637,Bronx
3109,2025-01-27 12:00:00,0.95,0.0,0.0,0.04,0.0,14.941083,233.82028,Bronx
3110,2025-01-27 13:00:00,1.5,0.0,0.0,0.04,0.0,16.870138,230.19447,Bronx
3111,2025-01-27 14:00:00,1.8,0.0,0.0,0.04,0.0,16.502182,230.75458,Bronx
3112,2025-01-27 15:00:00,1.8,0.0,0.0,0.04,0.0,15.801087,227.77028,Bronx
3113,2025-01-27 16:00:00,1.35,0.0,0.0,0.04,0.0,15.518672,232.06667,Bronx
3114,2025-01-27 17:00:00,0.4,0.0,0.0,0.04,0.0,14.761098,232.43134,Bronx
3115,2025-01-27 18:00:00,-0.15,0.0,0.0,0.03,0.0,15.048042,233.26707,Bronx
3116,2025-01-27 19:00:00,-0.45,0.0,0.0,0.03,0.0,15.717823,230.11047,Bronx
3117,2025-01-27 20:00:00,0.55,0.0,0.0,0.03,0.0,16.92383,218.08882,Bronx
3118,2025-01-27 21:00:00,0.75,0.0,0.0,0.03,0.0,19.361507,222.73947,Bronx
3119,2025-01-27 22:00:00,1.15,0.0,0.0,0.03,0.0,20.65848,228.5324,Bronx
3120,2025-01-27 23:00:00,1.25,0.0,0.0,0.03,0.0,20.95203,233.03157,Bronx
3121,2025-01-28 00:00:00,1.35,0.0,0.0,0.03,0.0,20.562586,240.06857,Bronx
3122,2025-01-28 01:00:00,1.7,0.0,0.0,0.03,0.0,19.66536,246.25049,Bronx
3123,2025-01-28 02:00:00,1.6,0.0,0.0,0.03,0.0,19.523985,251.732,Bronx
3124,2025-01-28 03:00:00,1.1,0.0,0.0,0.03,0.0,19.242327,252.58194,Bronx
3125,2025-01-28 04:00:00,0.95,0.0,0.0,0.03,0.0,19.530622,250.06192,Bronx
3126,2025-01-28 05:00:00,0.7,0.0,0.0,0.03,0.0,20.83184,257.5249,Bronx
3127,2025-01-28 06:00:00,0.3,0.0,0.0,0.03,0.0,21.663654,261.39868,Bronx
3128,2025-01-28 07:00:00,0.3,0.0,0.0,0.03,0.0,21.69056,252.61752,Bronx
3129,2025-01-28 08:00:00,2.2,0.0,0.0,0.03,0.0,20.499462,253.15611,Bronx
3130,2025-01-28 09:00:00,3.1,0.0,0.0,0.03,0.0,20.650637,255.35808,Bronx
3131,2025-01-28 10:00:00,3.8,0.0,0.0,0.03,0.0,19.447498,268.4089,Bronx
3132,2025-01-28 11:00:00,4.1,0.0,0.0,0.03,0.0,25.20257,291.80145,Bronx
3133,2025-01-28 12:00:00,2.95,0.0,0.0,0.03,0.0,25.076914,314.12762,Bronx
3134,2025-01-28 13:00:00,0.9,0.0,0.0,0.03,0.0,20.212965,309.2176,Bronx
3135,2025-01-28 14:00:00,0.8,0.0,0.0,0.03,0.0,18.047638,308.92755,Bronx
3136,2025-01-28 15:00:00,-0.05,0.0,0.0,0.03,0.0,14.935662,310.60123,Bronx
3137,2025-01-28 16:00:00,-0.7,0.0,0.0,0.03,0.0,11.808878,307.56866,Bronx
3138,2025-01-28 17:00:00,-1.9,0.0,0.0,0.03,0.0,5.7431,327.8043,Bronx
3139,2025-01-28 18:00:00,-2.55,0.0,0.0,0.03,0.0,5.2478566,5.9060555,Bronx
3140,2025-01-28 19:00:00,-3.05,0.0,0.0,0.03,0.0,2.9301877,47.489597,Bronx
3141,2025-01-28 20:00:00,-1.65,0.0,0.0,0.03,0.0,4.613762,110.55612,Bronx
3142,2025-01-28 21:00:00,-1.6,0.0,0.0,0.03,0.0,8.187527,123.34073,Bronx
3143,2025-01-28 22:00:00,-1.35,0.0,0.0,0.03,0.0,9.446141,149.03632,Bronx
3144,2025-01-28 23:00:00,-0.3,0.0,0.0,0.03,0.0,10.041354,165.4655,Bronx
3145,2025-01-29 00:00:00,1.05,0.0,0.0,0.03,0.0,12.841963,185.63058,Bronx
3146,2025-01-29 01:00:00,1.5,0.0,0.0,0.03,0.0,14.810401,200.63763,Bronx
3147,2025-01-29 02:00:00,1.8,0.0,0.0,0.03,0.0,15.833861,220.38927,Bronx
3148,2025-01-29 03:00:00,2.45,0.0,0.0,0.03,0.0,17.935986,238.54323,Bronx
3149,2025-01-29 04:00:00,2.45,0.0,0.0,0.03,0.0,20.53105,242.31174,Bronx
3150,2025-01-29 05:00:00,2.65,0.0,0.0,0.03,0.0,19.91503,240.19098,Bronx
3151,2025-01-29 06:00:00,2.7,0.0,0.0,0.03,0.0,19.72869,238.05006,Bronx
3152,2025-01-29 07:00:00,2.7,0.0,0.0,0.03,0.0,19.921535,237.17146,Bronx
3153,2025-01-29 08:00:00,2.75,0.0,0.0,0.03,0.0,16.974487,235.80434,Bronx
3154,2025-01-29 09:00:00,4.3,0.0,0.0,0.03,0.0,16.676977,237.3391,Bronx
3155,2025-01-29 10:00:00,5.85,0.0,0.0,0.03,0.0,16.928614,234.958,Bronx
3156,2025-01-29 11:00:00,7.35,0.0,0.0,0.03,0.0,17.84816,228.27058,Bronx
3157,2025-01-29 12:00:00,8.35,0.0,0.0,0.03,0.0,20.75627,226.75696,Bronx
3158,2025-01-29 13:00:00,8.6,0.0,0.0,0.02,0.0,22.206486,250.09616,Bronx
3159,2025-01-29 14:00:00,8.75,0.0,0.0,0.02,0.0,19.270092,261.94568,Bronx
3160,2025-01-29 15:00:00,8.25,0.1,0.0,0.02,0.1,21.862406,287.24155,Bronx
3161,2025-01-29 16:00:00,7.15,0.0,0.0,0.02,0.0,22.14,282.6804,Bronx
3162,2025-01-29 17:00:00,5.45,0.0,0.0,0.02,0.0,22.224714,298.0178,Bronx
3163,2025-01-29 18:00:00,3.35,0.0,0.0,0.02,0.0,20.875343,299.4384,Bronx
3164,2025-01-29 19:00:00,2.15,0.0,0.0,0.02,0.0,19.386593,291.80148,Bronx
3165,2025-01-29 20:00:00,2.35,0.0,0.0,0.02,0.0,18.69662,293.85046,Bronx
3166,2025-01-29 21:00:00,1.35,0.0,0.0,0.02,0.0,20.404411,311.42358,Bronx
3167,2025-01-29 22:00:00,0.2,0.0,0.0,0.02,0.0,17.570988,307.9265,Bronx
3168,2025-01-29 23:00:00,-1.3,0.0,0.0,0.02,0.0,15.30741,318.81415,Bronx
3169,2025-01-30 00:00:00,-2.6,0.0,0.0,0.02,0.0,16.204998,310.94635,Bronx
3170,2025-01-30 01:00:00,-3.7,0.0,0.0,0.02,0.0,18.34411,312.614,Bronx
3171,2025-01-30 02:00:00,-4.55,0.0,0.0,0.02,0.0,19.340576,308.57657,Bronx
3172,2025-01-30 03:00:00,-4.9,0.0,0.0,0.02,0.0,17.654688,309.20718,Bronx
3173,2025-01-30 04:00:00,-5.35,0.0,0.0,0.02,0.0,17.448862,312.90982,Bronx
3174,2025-01-30 05:00:00,-5.8,0.0,0.0,0.02,0.0,14.000713,315.0001,Bronx
3175,2025-01-30 06:00:00,-6.05,0.0,0.0,0.02,0.0,9.984729,297.95087,Bronx
3176,2025-01-30 07:00:00,-6.2,0.0,0.0,0.02,0.0,7.596341,283.70697,Bronx
3177,2025-01-30 08:00:00,-4.3,0.0,0.0,0.02,0.0,8.427383,289.9832,Bronx
3178,2025-01-30 09:00:00,-3.3,0.0,0.0,0.02,0.0,11.207801,299.85892,Bronx
3179,2025-01-30 10:00:00,-2.35,0.0,0.0,0.02,0.0,14.292725,306.29272,Bronx
3180,2025-01-30 11:00:00,-1.6,0.0,0.0,0.02,0.0,11.132385,284.03625,Bronx
3181,2025-01-30 12:00:00,-0.35,0.0,0.0,0.02,0.0,13.5515,286.9909,Bronx
3182,2025-01-30 13:00:00,0.35,0.0,0.0,0.02,0.0,11.571914,285.33334,Bronx
3183,2025-01-30 14:00:00,0.65,0.0,0.0,0.02,0.0,7.970972,295.40768,Bronx
3184,2025-01-30 15:00:00,0.75,0.0,0.0,0.02,0.0,8.688613,256.82745,Bronx
3185,2025-01-30 16:00:00,0.55,0.0,0.0,0.02,0.0,10.819482,225.67395,Bronx
3186,2025-01-30 17:00:00,-0.5,0.0,0.0,0.02,0.0,6.6624317,218.41809,Bronx
3187,2025-01-30 18:00:00,-0.9,0.0,0.0,0.02,0.0,5.3999996,180.0,Bronx
3188,2025-01-30 19:00:00,-0.65,0.0,0.0,0.02,0.0,5.950899,183.46815,Bronx
3189,2025-01-30 20:00:00,-0.45,0.0,0.0,0.02,0.0,7.771331,166.60748,Bronx
3190,2025-01-30 21:00:00,-0.35,0.0,0.0,0.02,0.0,10.062305,169.6952,Bronx
3191,2025-01-30 22:00:00,0.45,0.0,0.0,0.02,0.0,11.173057,182.77016,Bronx
3192,2025-01-30 23:00:00,0.95,0.0,0.0,0.02,0.0,11.9466305,186.0541,Bronx
3193,2025-01-31 00:00:00,1.4,0.0,0.0,0.02,0.0,12.399113,189.18877,Bronx
3194,2025-01-31 01:00:00,1.6,0.0,0.0,0.02,0.0,10.706595,196.60706,Bronx
3195,2025-01-31 02:00:00,1.3,0.0,0.0,0.02,0.0,7.0199995,202.6199,Bronx
3196,2025-01-31 03:00:00,1.35,0.0,0.0,0.02,0.0,5.9617786,208.88649,Bronx
3197,2025-01-31 04:00:00,1.85,0.0,0.0,0.02,0.0,7.386582,223.02507,Bronx
3198,2025-01-31 05:00:00,2.35,0.4,0.0,0.02,0.4,10.094454,219.93633,Bronx
3199,2025-01-31 06:00:00,2.25,0.7,0.0,0.02,0.7,11.132385,219.09386,Bronx
3200,2025-01-31 07:00:00,2.35,0.2,0.0,0.02,0.2,8.461915,231.91118,Bronx
3201,2025-01-31 08:00:00,1.9,0.4,0.0,0.02,0.4,5.8409934,213.6901,Bronx
3202,2025-01-31 09:00:00,2.05,0.3,0.0,0.02,0.3,5.0688457,186.1154,Bronx
3203,2025-01-31 10:00:00,2.55,0.3,0.0,0.02,0.3,2.7059932,183.814,Bronx
3204,2025-01-31 11:00:00,3.05,0.3,0.0,0.02,0.3,2.7943513,194.93147,Bronx
3205,2025-01-31 12:00:00,3.3,0.1,0.0,0.02,0.1,5.2323985,296.56497,Bronx
3206,2025-01-31 13:00:00,4.7,0.1,0.0,0.01,0.1,4.379589,260.53775,Bronx
3207,2025-01-31 14:00:00,4.75,0.6,0.0,0.01,0.6,4.445672,248.6293,Bronx
3208,2025-01-31 15:00:00,3.8,0.2,0.0,0.01,0.2,1.9386592,201.80147,Bronx
3209,2025-01-31 16:00:00,3.85,0.0,0.0,0.01,0.0,4.669604,242.44727,Bronx
3210,2025-01-31 17:00:00,3.3,0.4,0.0,0.01,0.4,5.232399,183.94511,Bronx
3211,2025-01-31 18:00:00,3.9,1.0,0.0,0.01,1.0,4.724786,162.25523,Bronx
3212,2025-01-31 19:00:00,3.6,1.2,0.0,0.01,1.2,5.12289,198.43504,Bronx
3213,2025-01-31 20:00:00,5.4,0.8,0.0,0.01,0.8,9.726664,218.991,Bronx
3214,2025-01-31 21:00:00,5.35,0.6,0.0,0.01,0.6,9.54679,225.76381,Bronx
3215,2025-01-31 22:00:00,5.25,1.1,0.0,0.01,1.1,10.644379,251.25856,Bronx
3216,2025-01-31 23:00:00,4.95,0.6,0.0,0.01,0.6,8.82,270.0,Bronx
3217,2025-02-01 00:00:00,4.85,0.3,0.0,0.01,0.3,7.6409945,254.98158,Bronx
3218,2025-02-01 01:00:00,4.8,0.3,0.0,0.01,0.3,8.777653,285.46127,Bronx
3219,2025-02-01 02:00:00,4.55,0.4,0.0,0.01,0.4,8.777654,298.1415,Bronx
3220,2025-02-01 03:00:00,4.15,0.1,0.0,0.01,0.1,12.145665,320.4119,Bronx
3221,2025-02-01 04:00:00,3.25,0.0,0.0,0.01,0.0,17.82727,343.57773,Bronx
3222,2025-02-01 05:00:00,2.0,0.0,0.0,0.01,0.0,18.998314,350.18076,Bronx
3223,2025-02-01 06:00:00,1.85,0.0,0.0,0.01,0.0,14.494192,345.61856,Bronx
3224,2025-02-01 07:00:00,0.85,0.0,0.0,0.01,0.0,19.45083,348.7941,Bronx
3225,2025-02-01 08:00:00,1.25,0.0,0.0,0.01,0.0,17.423777,340.06738,Bronx
3226,2025-02-01 09:00:00,0.7,0.0,0.0,0.01,0.0,20.38773,346.2091,Bronx
3227,2025-02-01 10:00:00,0.1,0.0,0.0,0.01,0.0,17.92966,353.6599,Bronx
3228,2025-02-01 11:00:00,0.1,0.0,0.0,0.01,0.0,17.214249,353.39526,Bronx
3229,2025-02-01 12:00:00,-0.3,0.0,0.0,0.01,0.0,15.833861,351.50153,Bronx
3230,2025-02-01 13:00:00,-0.45,0.0,0.0,0.01,0.0,17.114204,337.75092,Bronx
3231,2025-02-01 14:00:00,-0.15,0.0,0.0,0.01,0.0,17.640919,331.34296,Bronx
3232,2025-02-01 15:00:00,-0.5,0.0,0.0,0.01,0.0,16.546299,329.2501,Bronx
3233,2025-02-01 16:00:00,-1.25,0.0,0.0,0.01,0.0,17.287498,328.62704,Bronx
3234,2025-02-01 17:00:00,-2.55,0.0,0.0,0.01,0.0,17.52298,326.3099,Bronx
3235,2025-02-01 18:00:00,-3.8,0.0,0.0,0.01,0.0,16.666288,332.328,Bronx
3236,2025-02-01 19:00:00,-4.9,0.0,0.0,0.01,0.0,14.319901,345.4397,Bronx
3237,2025-02-01 20:00:00,-4.0,0.0,0.0,0.01,0.0,13.905509,338.74942,Bronx
3238,2025-02-01 21:00:00,-5.0,0.0,0.0,0.01,0.0,13.418153,353.06573,Bronx
3239,2025-02-01 22:00:00,-5.7,0.0,0.0,0.01,0.0,12.421304,359.1697,Bronx
3240,2025-02-01 23:00:00,-6.35,0.0,0.0,0.01,0.0,12.251905,2.5260682,Bronx
3241,2025-02-02 00:00:00,-7.15,0.0,0.0,0.01,0.0,11.928989,5.19435,Bronx
3242,2025-02-02 01:00:00,-8.0,0.0,0.0,0.01,0.0,12.093535,14.656797,Bronx
3243,2025-02-02 02:00:00,-8.7,0.0,0.0,0.01,0.0,10.564942,23.070442,Bronx
3244,2025-02-02 03:00:00,-9.05,0.0,0.0,0.01,0.0,8.951267,15.154131,Bronx
3245,2025-02-02 04:00:00,-9.4,0.0,0.0,0.01,0.0,9.299225,14.574262,Bronx
3246,2025-02-02 05:00:00,-9.5,0.0,0.0,0.01,0.0,9.430694,13.240531,Bronx
3247,2025-02-02 06:00:00,-9.5,0.0,0.0,0.01,0.0,8.766573,19.179106,Bronx
3248,2025-02-02 07:00:00,-9.3,0.0,0.0,0.01,0.0,7.968939,18.435053,Bronx
3249,2025-02-02 08:00:00,-8.85,0.0,0.0,0.01,0.0,6.6818557,27.255245,Bronx
3250,2025-02-02 09:00:00,-7.3,0.0,0.0,0.01,0.0,6.090812,55.840256,Bronx
3251,2025-02-02 10:00:00,-5.4,0.0,0.0,0.01,0.0,4.5572357,80.909805,Bronx
3252,2025-02-02 11:00:00,-3.85,0.0,0.0,0.01,0.0,5.8631387,107.87879,Bronx
3253,2025-02-02 12:00:00,-2.55,0.0,0.0,0.01,0.0,7.4867883,117.18103,Bronx
3254,2025-02-02 13:00:00,-1.65,0.0,0.0,0.01,0.0,7.9077177,131.30852,Bronx
3255,2025-02-02 14:00:00,-1.8,0.0,0.0,0.01,0.0,8.274128,134.1187,Bronx
3256,2025-02-02 15:00:00,-2.35,0.0,0.0,0.01,0.0,8.792405,112.89059,Bronx
3257,2025-02-02 16:00:00,-1.4,0.0,0.0,0.01,0.0,6.2145634,79.99209,Bronx
3258,2025-02-02 17:00:00,-0.4,0.0,0.0,0.01,0.0,6.3639607,118.7397,Bronx
3259,2025-02-02 18:00:00,0.3,0.0,0.0,0.01,0.0,8.55142,139.26799,Bronx
3260,2025-02-02 19:00:00,1.0,0.0,0.0,0.01,0.0,9.044888,148.84076,Bronx
3261,2025-02-02 20:00:00,-0.85,0.0,0.14,0.01,0.2,7.029225,129.80553,Bronx
3262,2025-02-02 21:00:00,-0.65,0.0,0.28,0.02,0.4,3.362677,164.47583,Bronx
3263,2025-02-02 22:00:00,-0.55,0.0,0.63,0.03,0.9,4.293669,213.02386,Bronx
3264,2024-12-30 23:00:00,7.2115,0.0,0.0,0.0,0.0,13.719023,250.85176,Staten Island
3265,2024-12-31 00:00:00,6.5115,0.0,0.0,0.0,0.0,13.238261,258.23172,Staten Island
3266,2024-12-31 01:00:00,5.7615,0.0,0.0,0.0,0.0,11.409785,263.6599,Staten Island
3267,2024-12-31 02:00:00,5.1115003,0.0,0.0,0.0,0.0,10.914888,256.65128,Staten Island
3268,2024-12-31 03:00:00,4.5115,0.0,0.0,0.0,0.0,9.9587345,263.77426,Staten Island
3269,2024-12-31 04:00:00,3.9115,0.0,0.0,0.0,0.0,10.8029995,259.43903,Staten Island
3270,2024-12-31 05:00:00,3.4115,0.0,0.0,0.0,0.0,9.208192,274.48453,Staten Island
3271,2024-12-31 06:00:00,2.6115,0.0,0.0,0.0,0.0,5.223103,271.97488,Staten Island
3272,2024-12-31 07:00:00,1.6114999,0.0,0.0,0.0,0.0,3.319036,257.4712,Staten Island
3273,2024-12-31 08:00:00,2.5115001,0.0,0.0,0.0,0.0,3.3092594,224.9999,Staten Island
3274,2024-12-31 09:00:00,3.8115,0.0,0.0,0.0,0.0,2.2768397,198.43504,Staten Island
3275,2024-12-31 10:00:00,5.3615003,0.0,0.0,0.0,0.0,2.19718,145.0079,Staten Island
3276,2024-12-31 11:00:00,7.1115003,0.0,0.0,0.0,0.0,4.2021427,133.26433,Staten Island
3277,2024-12-31 12:00:00,8.211499,0.0,0.0,0.0,0.0,7.8954163,114.22774,Staten Island
3278,2024-12-31 13:00:00,8.4115,0.0,0.0,0.0,0.0,11.364259,119.4071,Staten Island
3279,2024-12-31 14:00:00,8.5615,0.0,0.0,0.0,0.0,12.72283,115.11481,Staten Island
3280,2024-12-31 15:00:00,8.8115,0.0,0.0,0.0,0.0,13.78029,113.886505,Staten Island
3281,2024-12-31 16:00:00,8.511499,0.0,0.0,0.0,0.0,15.865546,114.82052,Staten Island
3282,2024-12-31 17:00:00,8.4115,0.0,0.0,0.0,0.0,14.822429,114.38637,Staten Island
3283,2024-12-31 18:00:00,8.6115,0.0,0.0,0.0,0.0,17.076298,108.43504,Staten Island
3284,2024-12-31 19:00:00,9.011499,0.0,0.0,0.0,0.0,19.274294,101.3099,Staten Island
3285,2024-12-31 20:00:00,8.8615,0.4,0.0,0.0,0.4,20.518421,82.43867,Staten Island
3286,2024-12-31 21:00:00,8.4115,3.6,0.0,0.0,3.6,19.245697,82.47627,Staten Island
3287,2024-12-31 22:00:00,8.6615,3.9,0.0,0.0,3.9,18.000898,89.42708,Staten Island
3288,2024-12-31 23:00:00,9.3115,2.8,0.0,0.0,2.8,23.210928,113.782036,Staten Island
3289,2025-01-01 00:00:00,9.8615,0.2,0.0,0.0,0.2,14.584443,155.96571,Staten Island
3290,2025-01-01 01:00:00,9.461499,0.0,0.0,0.0,0.0,11.9317045,191.30989,Staten Island
3291,2025-01-01 02:00:00,8.761499,0.0,0.0,0.0,0.0,10.601679,220.17917,Staten Island
3292,2025-01-01 03:00:00,8.6615,0.0,0.0,0.0,0.0,14.411245,242.47487,Staten Island
3293,2025-01-01 04:00:00,8.3615,0.0,0.0,0.0,0.0,18.161278,256.2392,Staten Island
3294,2025-01-01 05:00:00,7.6115003,0.0,0.0,0.0,0.0,17.698677,265.33322,Staten Island
3295,2025-01-01 06:00:00,6.9115,0.0,0.0,0.0,0.0,17.146357,265.7859,Staten Island
3296,2025-01-01 07:00:00,6.1115003,0.0,0.0,0.0,0.0,16.423458,260.53775,Staten Island
3297,2025-01-01 08:00:00,6.9615,0.0,0.0,0.0,0.0,17.604147,253.97406,Staten Island
3298,2025-01-01 09:00:00,7.7115,0.0,0.0,0.0,0.0,17.020235,252.13982,Staten Island
3299,2025-01-01 10:00:00,9.1115,0.0,0.0,0.0,0.0,16.986889,254.63832,Staten Island
3300,2025-01-01 11:00:00,9.8615,0.0,0.0,0.0,0.0,20.721119,262.01077,Staten Island
3301,2025-01-01 12:00:00,9.961499,0.0,0.0,0.0,0.0,20.696869,262.50424,Staten Island
3302,2025-01-01 13:00:00,9.6115,0.0,0.0,0.0,0.0,25.863062,264.40854,Staten Island
3303,2025-01-01 14:00:00,8.261499,0.0,0.0,0.0,0.0,28.23247,278.80164,Staten Island
3304,2025-01-01 15:00:00,7.1615,0.0,0.0,0.0,0.0,26.035368,286.0543,Staten Island
3305,2025-01-01 16:00:00,6.2115,0.0,0.0,0.0,0.0,23.377836,279.75235,Staten Island
3306,2025-01-01 17:00:00,5.5115,0.0,0.0,0.0,0.0,24.087738,279.46225,Staten Island
3307,2025-01-01 18:00:00,5.1615,0.0,0.0,0.0,0.0,24.604753,281.3921,Staten Island
3308,2025-01-01 19:00:00,4.8615003,0.0,0.0,0.0,0.0,24.503809,280.1542,Staten Island
3309,2025-01-01 20:00:00,5.2615,0.0,0.0,0.0,0.0,25.212852,279.86575,Staten Island
3310,2025-01-01 21:00:00,4.7615,0.0,0.0,0.0,0.0,23.70334,279.17612,Staten Island
3311,2025-01-01 22:00:00,4.2115,0.0,0.0,0.0,0.0,22.430773,279.23547,Staten Island
3312,2025-01-01 23:00:00,3.7115002,0.0,0.0,0.0,0.0,23.14103,275.35574,Staten Island
3313,2025-01-02 00:00:00,3.2615001,0.0,0.0,0.0,0.0,23.406229,271.32196,Staten Island
3314,2025-01-02 01:00:00,2.8115,0.0,0.0,0.0,0.0,23.046328,268.6574,Staten Island
3315,2025-01-02 02:00:00,2.4115,0.0,0.0,0.0,0.0,22.511517,268.1672,Staten Island
3316,2025-01-02 03:00:00,2.1115,0.0,0.0,0.0,0.0,21.316135,265.1561,Staten Island
3317,2025-01-02 04:00:00,1.7114999,0.0,0.0,0.0,0.0,21.547436,263.76562,Staten Island
3318,2025-01-02 05:00:00,1.1615,0.0,0.0,0.0,0.0,23.0407,262.81955,Staten Island
3319,2025-01-02 06:00:00,0.66150004,0.0,0.0,0.0,0.0,22.81957,263.6599,Staten Island
3320,2025-01-02 07:00:00,0.4615,0.0,0.0,0.0,0.0,20.558647,266.48633,Staten Island
3321,2025-01-02 08:00:00,2.0615,0.0,0.0,0.0,0.0,22.186779,266.27875,Staten Island
3322,2025-01-02 09:00:00,3.0115001,0.0,0.0,0.0,0.0,23.586184,268.68814,Staten Island
3323,2025-01-02 10:00:00,3.7615001,0.0,0.0,0.0,0.0,24.827604,263.3388,Staten Island
3324,2025-01-02 11:00:00,4.7115,0.0,0.0,0.0,0.0,31.53084,282.5288,Staten Island
3325,2025-01-02 12:00:00,5.1615,0.0,0.0,0.0,0.0,28.508839,283.50983,Staten Island
3326,2025-01-02 13:00:00,5.2115,0.0,0.0,0.0,0.0,27.905224,279.27997,Staten Island
3327,2025-01-02 14:00:00,5.0615,0.0,0.0,0.0,0.0,29.204966,273.17978,Staten Island
3328,2025-01-02 15:00:00,4.5115,0.0,0.0,0.0,0.0,28.087498,276.62393,Staten Island
3329,2025-01-02 16:00:00,3.4615002,0.0,0.0,0.0,0.0,26.426304,279.01312,Staten Island
3330,2025-01-02 17:00:00,2.3615,0.0,0.0,0.0,0.0,24.921387,278.3056,Staten Island
3331,2025-01-02 18:00:00,1.7615,0.0,0.0,0.0,0.0,21.468348,273.84595,Staten Island
3332,2025-01-02 19:00:00,1.3614999,0.0,0.0,0.0,0.0,22.517992,272.29056,Staten Island
3333,2025-01-02 20:00:00,1.6114999,0.0,0.0,0.0,0.0,25.07239,266.29544,Staten Island
3334,2025-01-02 21:00:00,1.3115,0.0,0.0,0.0,0.0,23.662985,265.20026,Staten Island
3335,2025-01-02 22:00:00,1.0115,0.0,0.0,0.0,0.0,21.768095,262.8751,Staten Island
3336,2025-01-02 23:00:00,0.7115,0.0,0.0,0.0,0.0,21.636717,266.6616,Staten Island
3337,2025-01-03 00:00:00,0.11150001,0.0,0.0,0.0,0.0,20.224983,265.40582,Staten Island
3338,2025-01-03 01:00:00,-0.2385,0.0,0.0,0.0,0.0,17.11515,267.58902,Staten Island
3339,2025-01-03 02:00:00,-0.4885,0.0,0.0,0.0,0.0,16.743872,268.76804,Staten Island
3340,2025-01-03 03:00:00,-0.6385,0.0,0.0,0.0,0.0,19.110542,266.76038,Staten Island
3341,2025-01-03 04:00:00,-0.9385,0.0,0.0,0.0,0.0,19.99297,267.93622,Staten Island
3342,2025-01-03 05:00:00,-1.1885,0.0,0.0,0.0,0.0,18.36353,268.8767,Staten Island
3343,2025-01-03 06:00:00,-1.3385,0.0,0.0,0.0,0.0,16.584438,266.88922,Staten Island
3344,2025-01-03 07:00:00,-1.4385,0.0,0.0,0.0,0.0,16.068466,260.32672,Staten Island
3345,2025-01-03 08:00:00,-0.1885,0.0,0.0,0.0,0.0,16.851885,256.40903,Staten Island
3346,2025-01-03 09:00:00,0.41150004,0.0,0.0,0.0,0.0,16.965895,252.71841,Staten Island
3347,2025-01-03 10:00:00,1.1114999,0.0,0.0,0.0,0.0,19.219584,247.99924,Staten Island
3348,2025-01-03 11:00:00,1.5115,0.0,0.0,0.0,0.0,19.809813,250.9064,Staten Island
3349,2025-01-03 12:00:00,2.0615,0.0,0.0,0.0,0.0,18.59845,255.42574,Staten Island
3350,2025-01-03 13:00:00,2.5615,0.0,0.0,0.0,0.0,16.851885,256.40903,Staten Island
3351,2025-01-03 14:00:00,3.0615,0.0,0.0,0.0,0.0,20.41949,264.94284,Staten Island
3352,2025-01-03 15:00:00,3.1115,0.0,0.0,0.0,0.0,19.64063,267.37366,Staten Island
3353,2025-01-03 16:00:00,2.8115,0.0,0.0,0.0,0.0,15.784676,262.79404,Staten Island
3354,2025-01-03 17:00:00,2.1115,0.0,0.0,0.0,0.0,13.88919,273.7152,Staten Island
3355,2025-01-03 18:00:00,2.0115001,0.0,0.0,0.0,0.0,13.379461,289.6539,Staten Island
3356,2025-01-03 19:00:00,1.2615,0.0,0.0,0.0,0.0,13.4903965,301.35703,Staten Island
3357,2025-01-03 20:00:00,-0.2885,0.0,0.0,0.0,0.0,10.9859,271.87784,Staten Island
3358,2025-01-03 21:00:00,-0.6385,0.0,0.0,0.0,0.0,13.346729,280.09744,Staten Island
3359,2025-01-03 22:00:00,-1.0385001,0.0,0.0,0.0,0.0,12.931218,286.16458,Staten Island
3360,2025-01-03 23:00:00,-1.3385,0.0,0.0,0.0,0.0,14.517644,287.31174,Staten Island
3361,2025-01-04 00:00:00,-1.4885,0.0,0.0,0.0,0.0,16.685717,290.19443,Staten Island
3362,2025-01-04 01:00:00,-1.5885,0.0,0.0,0.0,0.0,18.057508,293.49857,Staten Island
3363,2025-01-04 02:00:00,-1.7385,0.0,0.0,0.0,0.0,18.392618,290.0311,Staten Island
3364,2025-01-04 03:00:00,-1.7385,0.0,0.0,0.0,0.0,18.727785,287.9126,Staten Island
3365,2025-01-04 04:00:00,-1.3885001,0.0,0.0,0.0,0.0,21.09305,297.43964,Staten Island
3366,2025-01-04 05:00:00,-1.4385,0.0,0.0,0.0,0.0,21.980644,301.60745,Staten Island
3367,2025-01-04 06:00:00,-1.7385,0.0,0.0,0.0,0.0,23.613638,303.81125,Staten Island
3368,2025-01-04 07:00:00,-1.7385,0.0,0.0,0.0,0.0,21.1896,298.95996,Staten Island
3369,2025-01-04 08:00:00,-1.0385001,0.0,0.0,0.0,0.0,18.88628,280.98862,Staten Island
3370,2025-01-04 09:00:00,-0.4885,0.0,0.0,0.0,0.0,22.180206,283.13403,Staten Island
3371,2025-01-04 10:00:00,0.011500001,0.0,0.0,0.0,0.0,26.24854,297.79504,Staten Island
3372,2025-01-04 11:00:00,-0.1885,0.0,0.0,0.0,0.0,26.64608,296.0457,Staten Island
3373,2025-01-04 12:00:00,0.11150001,0.0,0.0,0.0,0.0,29.004585,298.9509,Staten Island
3374,2025-01-04 13:00:00,0.3115,0.0,0.0,0.0,0.0,29.153887,294.82452,Staten Island
3375,2025-01-04 14:00:00,0.11150001,0.0,0.0,0.0,0.0,27.30844,291.66122,Staten Island
3376,2025-01-04 15:00:00,-0.5385,0.0,0.0,0.0,0.0,25.900618,289.06464,Staten Island
3377,2025-01-04 16:00:00,-0.7885,0.0,0.0,0.0,0.0,24.43827,290.7043,Staten Island
3378,2025-01-04 17:00:00,-1.2885001,0.0,0.0,0.0,0.0,21.34803,284.15344,Staten Island
3379,2025-01-04 18:00:00,-1.5885,0.0,0.0,0.0,0.0,20.696869,277.49576,Staten Island
3380,2025-01-04 19:00:00,-2.0385,0.0,0.0,0.0,0.0,20.39091,274.0495,Staten Island
3381,2025-01-04 20:00:00,-1.9885,0.0,0.0,0.0,0.0,20.94275,265.5636,Staten Island
3382,2025-01-04 21:00:00,-2.1385,0.0,0.0,0.0,0.0,21.25906,267.57373,Staten Island
3383,2025-01-04 22:00:00,-2.4385,0.0,0.0,0.0,0.0,21.960737,270.4696,Staten Island
3384,2025-01-04 23:00:00,-2.6885,0.0,0.0,0.0,0.0,21.606747,271.43207,Staten Island
3385,2025-01-05 00:00:00,-2.9385,0.0,0.0,0.0,0.0,20.41949,275.05716,Staten Island
3386,2025-01-05 01:00:00,-3.1385,0.0,0.0,0.0,0.0,20.11656,276.67978,Staten Island
3387,2025-01-05 02:00:00,-3.1885,0.0,0.0,0.0,0.0,18.824419,276.0376,Staten Island
3388,2025-01-05 03:00:00,-3.2884998,0.0,0.0,0.0,0.0,17.505404,274.1275,Staten Island
3389,2025-01-05 04:00:00,-3.1885,0.0,0.0,0.0,0.0,16.415567,273.77222,Staten Island
3390,2025-01-05 05:00:00,-3.1385,0.0,0.0,0.0,0.0,17.823635,268.84268,Staten Island
3391,2025-01-05 06:00:00,-3.1385,0.0,0.0,0.0,0.0,19.619999,270.0,Staten Island
3392,2025-01-05 07:00:00,-2.9884999,0.0,0.0,0.0,0.0,20.340796,270.50702,Staten Island
3393,2025-01-05 08:00:00,-3.0885,0.0,0.0,0.0,0.0,21.152872,264.6291,Staten Island
3394,2025-01-05 09:00:00,-2.3385,0.0,0.0,0.0,0.0,21.897945,260.53775,Staten Island
3395,2025-01-05 10:00:00,-1.5885,0.0,0.0,0.0,0.0,23.48362,265.1635,Staten Island
3396,2025-01-05 11:00:00,-0.9885,0.0,0.0,0.0,0.0,25.431013,277.72855,Staten Island
3397,2025-01-05 12:00:00,-0.5885,0.0,0.0,0.0,0.0,24.206486,286.41367,Staten Island
3398,2025-01-05 13:00:00,-0.1885,0.0,0.0,0.0,0.0,24.592241,289.23077,Staten Island
3399,2025-01-05 14:00:00,0.11150001,0.0,0.0,0.0,0.0,23.566256,292.4516,Staten Island
3400,2025-01-05 15:00:00,0.3115,0.0,0.0,0.0,0.0,21.857958,300.15445,Staten Island
3401,2025-01-05 16:00:00,-0.038499996,0.0,0.0,0.0,0.0,17.325874,299.22797,Staten Island
3402,2025-01-05 17:00:00,-0.9385,0.0,0.0,0.0,0.0,16.45204,306.99536,Staten Island
3403,2025-01-05 18:00:00,-1.5885,0.0,0.0,0.0,0.0,15.385525,298.66385,Staten Island
3404,2025-01-05 19:00:00,-1.8385,0.0,0.0,0.0,0.0,16.34832,290.62997,Staten Island
3405,2025-01-05 20:00:00,-1.6385001,0.0,0.0,0.0,0.0,14.861722,281.1738,Staten Island
3406,2025-01-05 21:00:00,-1.8385,0.0,0.0,0.0,0.0,13.441071,277.69595,Staten Island
3407,2025-01-05 22:00:00,-2.0885,0.0,0.0,0.0,0.0,13.004921,274.76355,Staten Island
3408,2025-01-05 23:00:00,-2.1885,0.0,0.0,0.0,0.0,12.964998,271.5911,Staten Island
3409,2025-01-06 00:00:00,-2.5384998,0.0,0.0,0.0,0.0,13.1412325,269.21518,Staten Island
3410,2025-01-06 01:00:00,-2.3885,0.0,0.0,0.0,0.0,12.304682,275.8773,Staten Island
3411,2025-01-06 02:00:00,-2.2884998,0.0,0.0,0.0,0.0,10.739833,283.57043,Staten Island
3412,2025-01-06 03:00:00,-2.1885,0.0,0.0,0.0,0.0,10.801499,270.9548,Staten Island
3413,2025-01-06 04:00:00,-2.3385,0.0,0.0,0.0,0.0,7.9077177,281.82147,Staten Island
3414,2025-01-06 05:00:00,-2.1385,0.0,0.0,0.0,0.0,6.601363,281.00348,Staten Island
3415,2025-01-06 06:00:00,-1.8885001,0.0,0.0,0.0,0.0,5.950899,266.53183,Staten Island
3416,2025-01-06 07:00:00,-1.6885,0.0,0.0,0.0,0.0,4.7657523,280.88547,Staten Island
3417,2025-01-06 08:00:00,-1.8385,0.0,0.0,0.0,0.0,4.7827187,250.20103,Staten Island
3418,2025-01-06 09:00:00,-1.8385,0.0,0.14,0.0,0.2,3.7842832,267.27374,Staten Island
3419,2025-01-06 10:00:00,-1.6385001,0.0,0.14,0.0,0.2,1.5273507,315.0001,Staten Island
3420,2025-01-06 11:00:00,-1.8385,0.0,0.42000002,0.0,0.6,2.5264204,355.91446,Staten Island
3421,2025-01-06 12:00:00,-1.9885,0.0,0.35,0.01,0.5,3.6402748,351.4693,Staten Island
3422,2025-01-06 13:00:00,-1.9385,0.0,0.14,0.01,0.2,4.5891175,11.3098955,Staten Island
3423,2025-01-06 14:00:00,-1.9385,0.0,0.07,0.02,0.1,5.020677,14.534496,Staten Island
3424,2025-01-06 15:00:00,-1.8885001,0.1,0.0,0.02,0.1,9.215226,12.407412,Staten Island
3425,2025-01-06 16:00:00,-1.6385001,0.0,0.0,0.02,0.0,10.609316,14.743609,Staten Island
3426,2025-01-06 17:00:00,-1.7885001,0.0,0.0,0.02,0.0,10.209348,9.13011,Staten Island
3427,2025-01-06 18:00:00,-1.8385,0.1,0.0,0.02,0.1,11.892265,2.6025116,Staten Island
3428,2025-01-06 19:00:00,-2.2884998,0.0,0.0,0.02,0.0,13.021106,5.5528803,Staten Island
3429,2025-01-06 20:00:00,-2.5384998,0.0,0.0,0.02,0.0,14.221139,359.27478,Staten Island
3430,2025-01-06 21:00:00,-2.9884999,0.0,0.0,0.02,0.0,16.380987,347.94922,Staten Island
3431,2025-01-06 22:00:00,-3.9884999,0.0,0.07,0.02,0.1,19.82453,339.2612,Staten Island
3432,2025-01-06 23:00:00,-5.4885,0.0,0.07,0.02,0.1,21.522614,327.63907,Staten Island
3433,2025-01-07 00:00:00,-6.8884997,0.0,0.0,0.02,0.0,21.392754,321.49072,Staten Island
3434,2025-01-07 01:00:00,-7.7385,0.0,0.0,0.02,0.0,22.724241,327.94653,Staten Island
3435,2025-01-07 02:00:00,-8.1885,0.0,0.0,0.02,0.0,24.023088,330.3617,Staten Island
3436,2025-01-07 03:00:00,-8.288501,0.0,0.0,0.02,0.0,23.801554,329.5565,Staten Island
3437,2025-01-07 04:00:00,-7.7385,0.0,0.0,0.02,0.0,20.270588,322.2142,Staten Island
3438,2025-01-07 05:00:00,-7.0385,0.0,0.0,0.02,0.0,18.852798,317.32153,Staten Island
3439,2025-01-07 06:00:00,-6.5385,0.0,0.0,0.02,0.0,18.731247,312.27362,Staten Island
3440,2025-01-07 07:00:00,-6.2885,0.0,0.0,0.02,0.0,22.545315,308.51697,Staten Island
3441,2025-01-07 08:00:00,-5.5885,0.0,0.0,0.02,0.0,22.862123,296.1615,Staten Island
3442,2025-01-07 09:00:00,-5.2885,0.0,0.0,0.02,0.0,25.211569,298.5777,Staten Island
3443,2025-01-07 10:00:00,-4.6384997,0.0,0.0,0.02,0.0,24.422358,302.0501,Staten Island
3444,2025-01-07 11:00:00,-4.2885,0.0,0.0,0.02,0.0,34.3083,307.11047,Staten Island
3445,2025-01-07 12:00:00,-3.6885,0.0,0.0,0.02,0.0,31.272894,301.58585,Staten Island
3446,2025-01-07 13:00:00,-3.0885,0.0,0.0,0.02,0.0,32.25618,307.0618,Staten Island
3447,2025-01-07 14:00:00,-2.5885,0.0,0.0,0.02,0.0,28.447401,311.1517,Staten Island
3448,2025-01-07 15:00:00,-2.5384998,0.0,0.0,0.02,0.0,29.61752,310.56345,Staten Island
3449,2025-01-07 16:00:00,-2.8885,0.0,0.0,0.02,0.0,28.373846,305.7068,Staten Island
3450,2025-01-07 17:00:00,-2.9884999,0.0,0.0,0.02,0.0,27.648024,306.79538,Staten Island
3451,2025-01-07 18:00:00,-3.1885,0.0,0.0,0.02,0.0,29.76484,302.15228,Staten Island
3452,2025-01-07 19:00:00,-3.2884998,0.0,0.0,0.02,0.0,28.58545,301.08743,Staten Island
3453,2025-01-07 20:00:00,-2.4884999,0.0,0.0,0.02,0.0,26.099379,294.44394,Staten Island
3454,2025-01-07 21:00:00,-2.9884999,0.0,0.0,0.02,0.0,26.087584,295.32733,Staten Island
3455,2025-01-07 22:00:00,-3.4385,0.0,0.0,0.02,0.0,22.717823,294.33124,Staten Island
3456,2025-01-07 23:00:00,-3.7384999,0.0,0.0,0.02,0.0,22.140732,295.52338,Staten Island
3457,2025-01-08 00:00:00,-3.9884999,0.0,0.0,0.02,0.0,23.375757,299.52588,Staten Island
3458,2025-01-08 01:00:00,-4.0885,0.0,0.0,0.02,0.0,24.268646,299.7975,Staten Island
3459,2025-01-08 02:00:00,-3.9884999,0.0,0.0,0.02,0.0,24.728226,301.60745,Staten Island
3460,2025-01-08 03:00:00,-3.8885,0.0,0.0,0.02,0.0,23.555254,300.28787,Staten Island
3461,2025-01-08 04:00:00,-3.8885,0.0,0.0,0.02,0.0,22.081385,299.2813,Staten Island
3462,2025-01-08 05:00:00,-4.0385,0.0,0.0,0.02,0.0,23.103193,296.36536,Staten Island
3463,2025-01-08 06:00:00,-4.1885,0.0,0.0,0.02,0.0,25.284714,298.0244,Staten Island
3464,2025-01-08 07:00:00,-4.6885,0.0,0.0,0.02,0.0,22.832344,292.72415,Staten Island
3465,2025-01-08 08:00:00,-3.9385,0.0,0.0,0.02,0.0,19.300331,289.61798,Staten Island
3466,2025-01-08 09:00:00,-3.2884998,0.0,0.0,0.02,0.0,21.815674,296.9878,Staten Island
3467,2025-01-08 10:00:00,-2.8885,0.0,0.0,0.02,0.0,21.259058,295.04617,Staten Island
3468,2025-01-08 11:00:00,-2.4884999,0.0,0.0,0.02,0.0,23.264608,296.1685,Staten Island
3469,2025-01-08 12:00:00,-2.2884998,0.0,0.0,0.02,0.0,26.081993,296.2113,Staten Island
3470,2025-01-08 13:00:00,-2.4385,0.0,0.0,0.02,0.0,27.933077,296.39987,Staten Island
3471,2025-01-08 14:00:00,-2.4385,0.0,0.0,0.02,0.0,29.204409,300.35803,Staten Island
3472,2025-01-08 15:00:00,-2.9385,0.0,0.0,0.02,0.0,28.431452,301.27475,Staten Island
3473,2025-01-08 16:00:00,-3.8385,0.0,0.0,0.02,0.0,26.434887,299.35767,Staten Island
3474,2025-01-08 17:00:00,-4.9885,0.0,0.0,0.02,0.0,24.395811,297.69937,Staten Island
3475,2025-01-08 18:00:00,-5.7385,0.0,0.0,0.02,0.0,25.438656,296.02106,Staten Island
3476,2025-01-08 19:00:00,-6.2385,0.0,0.0,0.0,0.0,23.635582,292.85486,Staten Island
3477,2025-01-08 20:00:00,-5.2385,0.0,0.0,0.0,0.0,24.735432,291.3369,Staten Island
3478,2025-01-08 21:00:00,-5.6384997,0.0,0.0,0.0,0.0,24.20314,292.751,Staten Island
3479,2025-01-08 22:00:00,-5.9385,0.0,0.0,0.0,0.0,23.50844,288.29633,Staten Island
3480,2025-01-08 23:00:00,-6.1384997,0.0,0.0,0.0,0.0,24.999271,286.73883,Staten Island
3481,2025-01-09 00:00:00,-6.2885,0.0,0.0,0.0,0.0,25.277023,287.4028,Staten Island
3482,2025-01-09 01:00:00,-6.4385,0.0,0.0,0.0,0.0,25.390848,289.46265,Staten Island
3483,2025-01-09 02:00:00,-6.2885,0.0,0.0,0.0,0.0,26.652765,295.18048,Staten Island
3484,2025-01-09 03:00:00,-6.0385,0.0,0.0,0.0,0.0,25.925,295.4975,Staten Island
3485,2025-01-09 04:00:00,-5.7885,0.0,0.0,0.0,0.0,23.646545,300.6645,Staten Island
3486,2025-01-09 05:00:00,-5.5385,0.0,0.0,0.0,0.0,24.26998,302.2756,Staten Island
3487,2025-01-09 06:00:00,-5.6885,0.0,0.0,0.0,0.0,24.634367,301.2509,Staten Island
3488,2025-01-09 07:00:00,-5.6885,0.0,0.0,0.0,0.0,24.823036,301.9613,Staten Island
3489,2025-01-09 08:00:00,-4.7385,0.0,0.0,0.0,0.0,27.753292,300.3901,Staten Island
3490,2025-01-09 09:00:00,-4.2385,0.0,0.0,0.0,0.0,26.002993,295.8555,Staten Island
3491,2025-01-09 10:00:00,-3.6885,0.0,0.0,0.0,0.0,30.053532,299.02118,Staten Island
3492,2025-01-09 11:00:00,-3.0384998,0.0,0.0,0.0,0.0,29.574827,301.56177,Staten Island
3493,2025-01-09 12:00:00,-2.1385,0.0,0.0,0.0,0.0,29.315695,305.2515,Staten Island
3494,2025-01-09 13:00:00,-1.3385,0.0,0.0,0.0,0.0,29.293585,309.26462,Staten Island
3495,2025-01-09 14:00:00,-1.3385,0.0,0.0,0.0,0.0,28.583183,310.91428,Staten Island
3496,2025-01-09 15:00:00,-1.8885001,0.0,0.0,0.0,0.0,29.546877,309.31393,Staten Island
3497,2025-01-09 16:00:00,-2.8885,0.0,0.0,0.0,0.0,26.285547,308.0471,Staten Island
3498,2025-01-09 17:00:00,-3.1385,0.0,0.0,0.0,0.0,28.64037,315.7638,Staten Island
3499,2025-01-09 18:00:00,-3.6885,0.0,0.0,0.0,0.0,28.638107,315.25464,Staten Island
3500,2025-01-09 19:00:00,-3.4884999,0.0,0.0,0.0,0.0,26.983196,315.0001,Staten Island
3501,2025-01-09 20:00:00,-2.1885,0.0,0.0,0.0,0.0,24.350615,311.7038,Staten Island
3502,2025-01-09 21:00:00,-2.0885,0.0,0.0,0.0,0.0,23.549751,314.07104,Staten Island
3503,2025-01-09 22:00:00,-2.0385,0.0,0.0,0.0,0.0,23.300787,313.43497,Staten Island
3504,2025-01-09 23:00:00,-2.1885,0.0,0.0,0.0,0.0,23.469128,311.2685,Staten Island
3505,2025-01-10 00:00:00,-2.5885,0.0,0.0,0.0,0.0,23.370209,310.31403,Staten Island
3506,2025-01-10 01:00:00,-2.8885,0.0,0.0,0.0,0.0,23.801556,315.30637,Staten Island
3507,2025-01-10 02:00:00,-3.1385,0.0,0.0,0.0,0.0,24.638968,319.44418,Staten Island
3508,2025-01-10 03:00:00,-3.3385,0.0,0.0,0.0,0.0,24.184391,314.39697,Staten Island
3509,2025-01-10 04:00:00,-3.5384998,0.0,0.0,0.0,0.0,20.821728,325.2108,Staten Island
3510,2025-01-10 05:00:00,-3.6385,0.0,0.0,0.0,0.0,19.90852,322.7156,Staten Island
3511,2025-01-10 06:00:00,-3.5384998,0.0,0.0,0.0,0.0,19.219584,315.3794,Staten Island
3512,2025-01-10 07:00:00,-3.6385,0.0,0.0,0.0,0.0,18.47698,317.76392,Staten Island
3513,2025-01-10 08:00:00,-2.7884998,0.0,0.0,0.0,0.0,18.470842,307.87503,Staten Island
3514,2025-01-10 09:00:00,-1.4385,0.0,0.0,0.0,0.0,16.595179,310.60123,Staten Island
3515,2025-01-10 10:00:00,-0.6885,0.0,0.0,0.0,0.0,15.159589,312.594,Staten Island
3516,2025-01-10 11:00:00,0.8115,0.0,0.0,0.0,0.0,13.217443,299.35767,Staten Island
3517,2025-01-10 12:00:00,2.1115,0.0,0.0,0.0,0.0,13.943901,309.23734,Staten Island
3518,2025-01-10 13:00:00,2.9615002,0.0,0.0,0.0,0.0,13.776762,298.9091,Staten Island
3519,2025-01-10 14:00:00,3.3115,0.0,0.0,0.0,0.0,13.799087,300.57913,Staten Island
3520,2025-01-10 15:00:00,3.1115,0.0,0.0,0.0,0.0,13.055896,285.18588,Staten Island
3521,2025-01-10 16:00:00,2.2615001,0.0,0.0,0.0,0.0,9.102021,294.53772,Staten Island
3522,2025-01-10 17:00:00,1.0115,0.0,0.0,0.0,0.0,7.3094187,279.92618,Staten Island
3523,2025-01-10 18:00:00,-0.038499996,0.0,0.0,0.0,0.0,5.904439,307.56866,Staten Island
3524,2025-01-10 19:00:00,-0.1885,0.0,0.0,0.0,0.0,9.779817,276.3401,Staten Island
3525,2025-01-10 20:00:00,0.3115,0.0,0.0,0.0,0.0,8.759178,279.46225,Staten Island
3526,2025-01-10 21:00:00,0.061499998,0.0,0.0,0.0,0.0,7.5685663,267.27374,Staten Island
3527,2025-01-10 22:00:00,-0.1885,0.0,0.0,0.0,0.0,4.829907,296.56497,Staten Island
3528,2025-01-10 23:00:00,-0.5385,0.0,0.0,0.0,0.0,3.6179552,264.2895,Staten Island
3529,2025-01-11 00:00:00,-0.6385,0.0,0.0,0.0,0.0,6.8423676,243.43501,Staten Island
3530,2025-01-11 01:00:00,-0.7885,0.0,0.07,0.0,0.1,8.707237,240.2552,Staten Island
3531,2025-01-11 02:00:00,-1.0885,0.0,0.07,0.0,0.1,5.0911684,224.9999,Staten Island
3532,2025-01-11 03:00:00,-1.3885001,0.0,0.14,0.0,0.2,7.674842,219.2894,Staten Island
3533,2025-01-11 04:00:00,-1.7885001,0.0,0.21000001,0.0,0.3,8.748075,216.6342,Staten Island
3534,2025-01-11 05:00:00,-2.3385,0.0,0.42000002,0.0,0.6,7.0038276,244.09354,Staten Island
3535,2025-01-11 06:00:00,-2.5384998,0.0,0.21000001,0.0,0.3,4.5891175,258.6901,Staten Island
3536,2025-01-11 07:00:00,-2.7884998,0.0,0.07,0.0,0.1,4.1556225,265.03033,Staten Island
3537,2025-01-11 08:00:00,-2.4884999,0.0,0.0,0.0,0.0,5.815978,291.80148,Staten Island
3538,2025-01-11 09:00:00,-2.2384999,0.0,0.0,0.0,0.0,6.5520988,290.92456,Staten Island
3539,2025-01-11 10:00:00,-1.4385,0.0,0.0,0.0,0.0,7.256032,293.38525,Staten Island
3540,2025-01-11 11:00:00,-0.5885,0.0,0.0,0.0,0.0,11.599879,311.85495,Staten Island
3541,2025-01-11 12:00:00,-0.038499996,0.0,0.0,0.0,0.0,13.888023,317.62646,Staten Island
3542,2025-01-11 13:00:00,0.061499998,0.0,0.0,0.0,0.0,15.013554,322.3057,Staten Island
3543,2025-01-11 14:00:00,0.2615,0.0,0.0,0.0,0.0,17.728857,318.7047,Staten Island
3544,2025-01-11 15:00:00,0.4615,0.0,0.0,0.0,0.0,16.732256,319.7999,Staten Island
3545,2025-01-11 16:00:00,0.2615,0.0,0.0,0.0,0.0,17.183167,315.42435,Staten Island
3546,2025-01-11 17:00:00,-0.33850002,0.0,0.0,0.0,0.0,19.087639,308.49106,Staten Island
3547,2025-01-11 18:00:00,-1.0385001,0.0,0.0,0.0,0.0,19.016214,310.77768,Staten Island
3548,2025-01-11 19:00:00,-1.6385001,0.0,0.0,0.0,0.0,18.372349,311.0274,Staten Island
3549,2025-01-11 20:00:00,-1.1885,0.0,0.0,0.0,0.0,19.152035,306.9777,Staten Island
3550,2025-01-11 21:00:00,-1.3885001,0.0,0.0,0.0,0.0,19.119015,311.94702,Staten Island
3551,2025-01-11 22:00:00,-1.4385,0.0,0.0,0.0,0.0,18.459436,316.18518,Staten Island
3552,2025-01-11 23:00:00,-1.1885,0.0,0.0,0.0,0.0,16.932442,313.70792,Staten Island
3553,2025-01-12 00:00:00,-1.0385001,0.0,0.0,0.0,0.0,15.801087,317.77026,Staten Island
3554,2025-01-12 01:00:00,-0.8885,0.0,0.0,0.0,0.0,15.717823,320.11047,Staten Island
3555,2025-01-12 02:00:00,-0.5885,0.0,0.0,0.0,0.0,14.982228,324.78232,Staten Island
3556,2025-01-12 03:00:00,-0.6385,0.0,0.0,0.0,0.0,13.920647,319.7202,Staten Island
3557,2025-01-12 04:00:00,-0.6885,0.0,0.0,0.0,0.0,14.386494,301.7014,Staten Island
3558,2025-01-12 05:00:00,-0.6385,0.0,0.0,0.0,0.0,15.299999,306.86996,Staten Island
3559,2025-01-12 06:00:00,-0.7385,0.0,0.0,0.0,0.0,14.113652,322.25314,Staten Island
3560,2025-01-12 07:00:00,-1.1885,0.0,0.0,0.0,0.0,10.8792095,321.04407,Staten Island
3561,2025-01-12 08:00:00,-0.4885,0.0,0.0,0.0,0.0,10.185519,316.43204,Staten Island
3562,2025-01-12 09:00:00,1.0115,0.0,0.0,0.0,0.0,12.172312,321.6048,Staten Island
3563,2025-01-12 10:00:00,2.1615,0.0,0.0,0.0,0.0,8.748075,306.6342,Staten Island
3564,2025-01-12 11:00:00,2.9615002,0.0,0.0,0.0,0.0,10.134496,289.72235,Staten Island
3565,2025-01-12 12:00:00,4.1115003,0.0,0.0,0.0,0.0,10.993271,309.6854,Staten Island
3566,2025-01-12 13:00:00,4.7615,0.0,0.0,0.0,0.0,10.228373,298.36896,Staten Island
3567,2025-01-12 14:00:00,5.1615,0.0,0.0,0.0,0.0,8.613709,280.84027,Staten Island
3568,2025-01-12 15:00:00,5.3115,0.0,0.0,0.0,0.0,7.3997297,265.81516,Staten Island
3569,2025-01-12 16:00:00,4.0115,0.0,0.0,0.0,0.0,3.189608,253.61038,Staten Island
3570,2025-01-12 17:00:00,1.7615,0.0,0.0,0.0,0.0,1.835647,258.6901,Staten Island
3571,2025-01-12 18:00:00,0.5115,0.0,0.0,0.0,0.0,3.62243,243.43501,Staten Island
3572,2025-01-12 19:00:00,-0.33850002,0.0,0.0,0.0,0.0,4.755544,240.5242,Staten Island
3573,2025-01-12 20:00:00,0.5115,0.0,0.0,0.0,0.0,5.4119864,266.186,Staten Island
3574,2025-01-12 21:00:00,0.2115,0.0,0.0,0.0,0.0,5.2416787,254.05453,Staten Island
3575,2025-01-12 22:00:00,0.11150001,0.0,0.0,0.0,0.0,5.3426957,237.38077,Staten Island
3576,2025-01-12 23:00:00,0.66150004,0.0,0.0,0.0,0.0,7.127636,224.9999,Staten Island
3577,2025-01-13 00:00:00,0.7615,0.0,0.0,0.0,0.0,8.836514,236.6336,Staten Island
3578,2025-01-13 01:00:00,0.6115,0.0,0.0,0.0,0.0,8.694204,242.90453,Staten Island
3579,2025-01-13 02:00:00,0.11150001,0.0,0.0,0.0,0.0,7.9077177,228.69148,Staten Island
3580,2025-01-13 03:00:00,-0.1385,0.0,0.0,0.0,0.0,7.3997297,228.94528,Staten Island
3581,2025-01-13 04:00:00,-0.2885,0.0,0.0,0.0,0.0,7.8954163,226.8476,Staten Island
3582,2025-01-13 05:00:00,-0.6385,0.0,0.0,0.0,0.0,9.5535755,222.70937,Staten Island
3583,2025-01-13 06:00:00,-0.8885,0.0,0.0,0.0,0.0,11.212135,222.39738,Staten Island
3584,2025-01-13 07:00:00,-1.1385,0.0,0.0,0.0,0.0,11.246759,230.19447,Staten Island
3585,2025-01-13 08:00:00,-0.6885,0.0,0.0,0.0,0.0,11.592894,233.84172,Staten Island
3586,2025-01-13 09:00:00,0.36150002,0.0,0.0,0.0,0.0,10.337078,234.92616,Staten Island
3587,2025-01-13 10:00:00,1.5115,0.0,0.0,0.0,0.0,9.54,238.10924,Staten Island
3588,2025-01-13 11:00:00,2.6615,0.0,0.0,0.0,0.0,9.793059,233.97253,Staten Island
3589,2025-01-13 12:00:00,3.5115001,0.0,0.0,0.0,0.0,11.334285,226.93057,Staten Island
3590,2025-01-13 13:00:00,5.4115,0.0,0.0,0.0,0.0,14.896563,226.46873,Staten Island
3591,2025-01-13 14:00:00,6.5615,0.0,0.0,0.0,0.0,20.393293,249.3255,Staten Island
3592,2025-01-13 15:00:00,5.9615,0.0,0.0,0.0,0.0,22.482714,263.10266,Staten Island
3593,2025-01-13 16:00:00,5.0115,0.0,0.0,0.0,0.0,21.1896,263.6599,Staten Island
3594,2025-01-13 17:00:00,3.5615,0.0,0.0,0.0,0.0,19.023027,276.5197,Staten Island
3595,2025-01-13 18:00:00,2.4115,0.0,0.0,0.0,0.0,13.184308,265.3014,Staten Island
3596,2025-01-13 19:00:00,1.2114999,0.0,0.0,0.0,0.0,13.346729,259.90256,Staten Island
3597,2025-01-13 20:00:00,1.5115,0.0,0.0,0.0,0.0,15.833861,261.50153,Staten Island
3598,2025-01-13 21:00:00,1.1615,0.0,0.0,0.0,0.0,14.634343,265.06088,Staten Island
3599,2025-01-13 22:00:00,0.8115,0.0,0.0,0.0,0.0,15.784676,262.79404,Staten Island
3600,2025-01-13 23:00:00,0.41150004,0.0,0.0,0.0,0.0,15.206537,276.11542,Staten Island
3601,2025-01-14 00:00:00,-0.2385,0.0,0.0,0.0,0.0,11.832176,283.1906,Staten Island
3602,2025-01-14 01:00:00,-0.8885,0.0,0.0,0.0,0.0,11.074022,277.47147,Staten Island
3603,2025-01-14 02:00:00,-1.4385,0.0,0.0,0.0,0.0,11.555103,274.46707,Staten Island
3604,2025-01-14 03:00:00,-1.7385,0.0,0.0,0.0,0.0,12.638512,280.66974,Staten Island
3605,2025-01-14 04:00:00,-2.0885,0.0,0.0,0.0,0.0,13.238261,281.76825,Staten Island
3606,2025-01-14 05:00:00,-2.6385,0.0,0.0,0.0,0.0,13.822546,278.23553,Staten Island
3607,2025-01-14 06:00:00,-3.1885,0.0,0.0,0.0,0.0,15.073858,281.71243,Staten Island
3608,2025-01-14 07:00:00,-3.5384998,0.0,0.0,0.0,0.0,16.862455,286.1135,Staten Island
3609,2025-01-14 08:00:00,-2.6885,0.0,0.0,0.0,0.0,19.361507,286.75034,Staten Island
3610,2025-01-14 09:00:00,-2.2884998,0.0,0.0,0.0,0.0,19.09782,281.4158,Staten Island
3611,2025-01-14 10:00:00,-1.4385,0.0,0.0,0.0,0.0,23.760681,294.62354,Staten Island
3612,2025-01-14 11:00:00,-0.8885,0.0,0.0,0.0,0.0,23.277834,301.72354,Staten Island
3613,2025-01-14 12:00:00,-0.2385,0.0,0.0,0.0,0.0,22.621351,295.9533,Staten Island
3614,2025-01-14 13:00:00,-0.2385,0.0,0.0,0.0,0.0,20.870687,284.99512,Staten Island
3615,2025-01-14 14:00:00,-0.038499996,0.0,0.0,0.0,0.0,22.154629,286.52097,Staten Island
3616,2025-01-14 15:00:00,0.3115,0.0,0.0,0.0,0.0,20.12944,282.91782,Staten Island
3617,2025-01-14 16:00:00,-0.3885,0.0,0.0,0.0,0.0,19.898752,275.7105,Staten Island
3618,2025-01-14 17:00:00,-1.4385,0.0,0.0,0.0,0.0,18.391735,273.3664,Staten Island
3619,2025-01-14 18:00:00,-2.0885,0.0,0.0,0.0,0.0,18.194254,272.2679,Staten Island
3620,2025-01-14 19:00:00,-2.2884998,0.0,0.0,0.0,0.0,17.355772,275.35574,Staten Island
3621,2025-01-14 20:00:00,-2.1385,0.0,0.0,0.0,0.0,19.259998,270.0,Staten Island
3622,2025-01-14 21:00:00,-2.5384998,0.0,0.0,0.0,0.0,18.431332,275.04236,Staten Island
3623,2025-01-14 22:00:00,-2.9884999,0.0,0.0,0.0,0.0,18.968447,279.28348,Staten Island
3624,2025-01-14 23:00:00,-2.8885,0.0,0.0,0.0,0.0,18.331741,289.50253,Staten Island
3625,2025-01-15 00:00:00,-3.6885,0.0,0.0,0.0,0.0,20.12944,301.8424,Staten Island
3626,2025-01-15 01:00:00,-4.3884997,0.0,0.0,0.0,0.0,21.836456,299.10037,Staten Island
3627,2025-01-15 02:00:00,-4.7385,0.0,0.0,0.0,0.0,21.993908,298.87234,Staten Island
3628,2025-01-15 03:00:00,-4.9385,0.0,0.0,0.0,0.0,20.837282,301.21835,Staten Island
3629,2025-01-15 04:00:00,-5.1384997,0.0,0.0,0.01,0.0,19.941854,300.96368,Staten Island
3630,2025-01-15 05:00:00,-5.2885,0.0,0.0,0.01,0.0,19.803272,297.0308,Staten Island
3631,2025-01-15 06:00:00,-4.8884997,0.0,0.0,0.01,0.0,19.59356,293.26773,Staten Island
3632,2025-01-15 07:00:00,-4.5385,0.0,0.0,0.01,0.0,19.483284,297.5119,Staten Island
3633,2025-01-15 08:00:00,-4.2885,0.0,0.0,0.01,0.0,21.90756,298.46008,Staten Island
3634,2025-01-15 09:00:00,-3.3385,0.0,0.0,0.01,0.0,23.375757,299.52588,Staten Island
3635,2025-01-15 10:00:00,-2.2384999,0.0,0.0,0.01,0.0,24.835434,312.9441,Staten Island
3636,2025-01-15 11:00:00,-1.5885,0.0,0.0,0.01,0.0,24.822384,314.11868,Staten Island
3637,2025-01-15 12:00:00,-1.3385,0.0,0.0,0.01,0.0,25.089828,312.96497,Staten Island
3638,2025-01-15 13:00:00,-1.0885,0.0,0.0,0.01,0.0,25.583439,315.28503,Staten Island
3639,2025-01-15 14:00:00,-0.7885,0.0,0.0,0.01,0.0,23.292444,314.68692,Staten Island
3640,2025-01-15 15:00:00,-0.83849996,0.0,0.0,0.01,0.0,22.786179,314.03992,Staten Island
3641,2025-01-15 16:00:00,-1.2885001,0.0,0.0,0.01,0.0,21.274294,312.59973,Staten Island
3642,2025-01-15 17:00:00,-2.0885,0.0,0.0,0.012499999,0.0,16.985933,310.27194,Staten Island
3643,2025-01-15 18:00:00,-2.6385,0.0,0.0,0.015,0.0,14.650938,312.5104,Staten Island
3644,2025-01-15 19:00:00,-2.8385,0.0,0.0,0.0175,0.0,11.362834,319.49722,Staten Island
3645,2025-01-15 20:00:00,-2.5885,0.0,0.0,0.02,0.0,10.819482,315.67395,Staten Island
3646,2025-01-15 21:00:00,-2.7884998,0.0,0.0,0.02,0.0,8.528657,314.145,Staten Island
3647,2025-01-15 22:00:00,-3.0384998,0.0,0.0,0.02,0.0,6.048107,306.52896,Staten Island
3648,2025-01-15 23:00:00,-3.0885,0.0,0.0,0.02,0.0,5.771239,273.57626,Staten Island
3649,2025-01-16 00:00:00,-2.8885,0.0,0.0,0.02,0.0,9.107359,251.56496,Staten Island
3650,2025-01-16 01:00:00,-2.7884998,0.0,0.0,0.02,0.0,10.223619,243.88614,Staten Island
3651,2025-01-16 02:00:00,-2.6885,0.0,0.0,0.02,0.0,13.1412325,256.5348,Staten Island
3652,2025-01-16 03:00:00,-3.4385,0.0,0.0,0.02,0.0,15.367616,275.37662,Staten Island
3653,2025-01-16 04:00:00,-3.9884999,0.0,0.0,0.02,0.0,13.060857,277.1249,Staten Island
3654,2025-01-16 05:00:00,-4.4885,0.0,0.0,0.02,0.0,10.9859,271.87784,Staten Island
3655,2025-01-16 06:00:00,-5.0385,0.0,0.0,0.02,0.0,10.801499,269.04517,Staten Island
3656,2025-01-16 07:00:00,-5.5885,0.0,0.0,0.02,0.0,9.979859,262.7469,Staten Island
3657,2025-01-16 08:00:00,-5.6885,0.0,0.0,0.02,0.0,11.103243,253.03377,Staten Island
3658,2025-01-16 09:00:00,-4.7885,0.0,0.0,0.02,0.0,10.597094,249.10216,Staten Island
3659,2025-01-16 10:00:00,-3.6385,0.0,0.0,0.02,0.0,10.472535,241.23244,Staten Island
3660,2025-01-16 11:00:00,-2.5384998,0.0,0.0,0.02,0.0,10.436895,224.9999,Staten Island
3661,2025-01-16 12:00:00,-1.4885,0.0,0.0,0.02,0.0,12.496718,228.50363,Staten Island
3662,2025-01-16 13:00:00,-0.6885,0.0,0.0,0.02,0.0,13.110376,224.44382,Staten Island
3663,2025-01-16 14:00:00,-1.0385001,0.0,0.07,0.02,0.0,13.513193,228.23979,Staten Island
3664,2025-01-16 15:00:00,-1.3385,0.0,0.07,0.02,0.1,12.992459,227.24576,Staten Island
3665,2025-01-16 16:00:00,-1.6885,0.0,0.07,0.02,0.1,10.957846,227.66306,Staten Island
3666,2025-01-16 17:00:00,-1.7885001,0.0,0.0,0.02,0.0,8.404285,223.26433,Staten Island
3667,2025-01-16 18:00:00,-1.7885001,0.0,0.0,0.02,0.0,8.027678,227.72636,Staten Island
3668,2025-01-16 19:00:00,-1.9885,0.0,0.0,0.02,0.0,9.734988,236.3099,Staten Island
3669,2025-01-16 20:00:00,-2.4385,0.0,0.07,0.02,0.1,10.742848,238.70702,Staten Island
3670,2025-01-16 21:00:00,-2.6385,0.0,0.07,0.02,0.1,11.038858,245.94266,Staten Island
3671,2025-01-16 22:00:00,-2.9385,0.0,0.0,0.02,0.0,11.633348,261.99536,Staten Island
3672,2025-01-16 23:00:00,-3.0384998,0.0,0.0,0.02,0.0,11.16145,270.924,Staten Island
3673,2025-01-17 00:00:00,-3.4385,0.0,0.0,0.02,0.0,10.8029995,280.56094,Staten Island
3674,2025-01-17 01:00:00,-3.5885,0.0,0.0,0.02,0.0,10.5234585,282.8477,Staten Island
3675,2025-01-17 02:00:00,-3.8385,0.0,0.0,0.02,0.0,10.137692,286.50443,Staten Island
3676,2025-01-17 03:00:00,-3.9884999,0.0,0.0,0.02,0.0,9.96524,286.79846,Staten Island
3677,2025-01-17 04:00:00,-4.1885,0.0,0.0,0.02,0.0,9.605998,282.99463,Staten Island
3678,2025-01-17 05:00:00,-4.2385,0.0,0.0,0.02,0.0,10.24578,288.43503,Staten Island
3679,2025-01-17 06:00:00,-3.9884999,0.0,0.0,0.02,0.0,11.391313,301.4295,Staten Island
3680,2025-01-17 07:00:00,-3.8385,0.0,0.0,0.02,0.0,10.158444,299.74478,Staten Island
3681,2025-01-17 08:00:00,-3.5384998,0.0,0.0,0.02,0.0,9.499157,279.81924,Staten Island
3682,2025-01-17 09:00:00,-1.8885001,0.0,0.0,0.02,0.0,8.64,270.0,Staten Island
3683,2025-01-17 10:00:00,0.11150001,0.0,0.0,0.02,0.0,7.9138603,252.80138,Staten Island
3684,2025-01-17 11:00:00,1.7615,0.0,0.0,0.02,0.0,8.958504,247.5572,Staten Island
3685,2025-01-17 12:00:00,3.1615,0.0,0.0,0.02,0.0,9.580668,244.39786,Staten Island
3686,2025-01-17 13:00:00,4.1615,0.0,0.0,0.02,0.0,10.215693,255.71887,Staten Island
3687,2025-01-17 14:00:00,4.9615,0.0,0.0,0.02,0.0,11.701385,270.88138,Staten Island
3688,2025-01-17 15:00:00,4.8615003,0.0,0.0,0.02,0.0,10.360559,262.01077,Staten Island
3689,2025-01-17 16:00:00,4.0615,0.0,0.0,0.02,0.0,6.048107,233.47105,Staten Island
3690,2025-01-17 17:00:00,1.4614999,0.0,0.0,0.02,0.0,4.991553,205.64096,Staten Island
3691,2025-01-17 18:00:00,1.7114999,0.0,0.0,0.02,0.0,6.7205353,187.69595,Staten Island
3692,2025-01-17 19:00:00,1.3614999,0.0,0.0,0.02,0.0,11.334285,200.44963,Staten Island
3693,2025-01-17 20:00:00,1.2114999,0.0,0.0,0.02,0.0,8.473393,192.26476,Staten Island
3694,2025-01-17 21:00:00,0.6115,0.0,0.0,0.02,0.0,11.298495,202.47948,Staten Island
3695,2025-01-17 22:00:00,0.5615,0.0,0.0,0.02,0.0,12.669238,202.55728,Staten Island
3696,2025-01-17 23:00:00,0.2615,0.0,0.0,0.02,0.0,13.619471,209.27516,Staten Island
3697,2025-01-18 00:00:00,-0.0885,0.0,0.0,0.02,0.0,12.879752,206.56499,Staten Island
3698,2025-01-18 01:00:00,-0.2885,0.0,0.0,0.02,0.0,12.362475,196.06006,Staten Island
3699,2025-01-18 02:00:00,-0.2385,0.0,0.0,0.02,0.0,12.708816,195.61105,Staten Island
3700,2025-01-18 03:00:00,-0.038499996,0.0,0.0,0.02,0.0,12.966248,193.65044,Staten Island
3701,2025-01-18 04:00:00,0.3115,0.0,0.0,0.02,0.0,13.948548,197.2659,Staten Island
3702,2025-01-18 05:00:00,0.66150004,0.0,0.0,0.02,0.0,13.627795,192.20045,Staten Island
3703,2025-01-18 06:00:00,0.91150004,0.0,0.0,0.02,0.0,13.558673,185.33206,Staten Island
3704,2025-01-18 07:00:00,1.4115,0.0,0.0,0.02,0.0,14.357185,187.92683,Staten Island
3705,2025-01-18 08:00:00,2.6615,0.0,0.0,0.02,0.0,15.188415,185.44025,Staten Island
3706,2025-01-18 09:00:00,4.1115003,0.0,0.0,0.02,0.0,14.949756,182.06999,Staten Island
3707,2025-01-18 10:00:00,5.6115003,0.0,0.0,0.02,0.0,14.133153,173.41815,Staten Island
3708,2025-01-18 11:00:00,6.2615,0.0,0.0,0.02,0.0,18.533009,168.79924,Staten Island
3709,2025-01-18 12:00:00,6.5115,0.0,0.0,0.02,0.0,19.067259,172.40546,Staten Island
3710,2025-01-18 13:00:00,6.5115,0.1,0.0,0.02,0.1,15.506141,183.32733,Staten Island
3711,2025-01-18 14:00:00,6.4115,0.5,0.0,0.02,0.5,11.212135,185.52745,Staten Island
3712,2025-01-18 15:00:00,5.9115,0.4,0.0,0.02,0.4,7.120815,159.27437,Staten Island
3713,2025-01-18 16:00:00,5.6115003,0.3,0.0,0.01,0.3,3.0811036,173.29025,Staten Island
3714,2025-01-18 17:00:00,4.9115,0.5,0.0,0.01,0.5,2.0124612,153.43501,Staten Island
3715,2025-01-18 18:00:00,4.6115003,0.0,0.0,0.01,0.0,4.327493,196.9276,Staten Island
3716,2025-01-18 19:00:00,4.6615,0.0,0.0,0.01,0.0,8.836514,236.6336,Staten Island
3717,2025-01-18 20:00:00,5.2115,0.0,0.0,0.01,0.0,9.901636,242.96922,Staten Island
3718,2025-01-18 21:00:00,4.4615,0.0,0.0,0.01,0.0,9.12513,255.14134,Staten Island
3719,2025-01-18 22:00:00,3.3115,0.0,0.0,0.01,0.0,9.47012,261.2539,Staten Island
3720,2025-01-18 23:00:00,2.8615,0.0,0.0,0.01,0.0,12.800265,273.22446,Staten Island
3721,2025-01-19 00:00:00,2.4615002,0.0,0.0,0.01,0.0,13.358861,284.03625,Staten Island
3722,2025-01-19 01:00:00,1.5615,0.0,0.0,0.01,0.0,11.272657,289.59238,Staten Island
3723,2025-01-19 02:00:00,1.0115,0.0,0.0,0.01,0.0,10.630672,298.30066,Staten Island
3724,2025-01-19 03:00:00,0.7615,0.0,0.0,0.01,0.0,10.182337,315.0001,Staten Island
3725,2025-01-19 04:00:00,0.7615,0.0,0.0,0.01,0.0,9.648067,323.34378,Staten Island
3726,2025-01-19 05:00:00,0.4615,0.0,0.0,0.01,0.0,8.161764,318.57642,Staten Island
3727,2025-01-19 06:00:00,0.3115,0.0,0.0,0.01,0.0,9.449572,319.63553,Staten Island
3728,2025-01-19 07:00:00,0.11150001,0.0,0.0,0.01,0.0,11.91812,334.98312,Staten Island
3729,2025-01-19 08:00:00,1.8614999,0.0,0.0,0.01,0.0,10.630672,331.69934,Staten Island
3730,2025-01-19 09:00:00,2.2115002,0.0,0.0,0.01,0.0,11.341428,359.09064,Staten Island
3731,2025-01-19 10:00:00,2.4115,0.0,0.0,0.01,0.0,7.922045,1.3019345,Staten Island
3732,2025-01-19 11:00:00,2.8615,0.0,0.0,0.01,0.0,10.041354,14.534496,Staten Island
3733,2025-01-19 12:00:00,2.7115002,0.0,0.0,0.01,0.0,10.874741,24.443953,Staten Island
3734,2025-01-19 13:00:00,2.5615,0.1,0.0,0.01,0.1,10.739833,13.5704565,Staten Island
3735,2025-01-19 14:00:00,1.6114999,0.2,0.14,0.01,0.4,9.36,360.0,Staten Island
3736,2025-01-19 15:00:00,1.0615,0.0,0.48999998,0.02,0.7,12.156331,27.323807,Staten Island
3737,2025-01-19 16:00:00,0.7615,0.0,0.28,0.02,0.4,15.2501545,11.575167,Staten Island
3738,2025-01-19 17:00:00,0.3115,0.0,0.14,0.02,0.2,16.084589,5.1362934,Staten Island
3739,2025-01-19 18:00:00,-0.3885,0.0,0.63,0.02,0.9,18.968447,350.71652,Staten Island
3740,2025-01-19 19:00:00,-1.2385,0.0,1.4,0.03,2.0,22.08432,353.91776,Staten Island
3741,2025-01-19 20:00:00,-0.9885,0.0,1.3299999,0.04,1.9,18.965033,343.45694,Staten Island
3742,2025-01-19 21:00:00,-1.1885,0.0,0.63,0.05,0.9,20.480488,347.30734,Staten Island
3743,2025-01-19 22:00:00,-1.5885,0.0,0.07,0.05,0.1,17.986494,337.02725,Staten Island
3744,2025-01-19 23:00:00,-2.4884999,0.0,0.0,0.05,0.0,17.826363,313.36346,Staten Island
3745,2025-01-20 00:00:00,-3.8885,0.0,0.07,0.05,0.1,18.329092,308.22046,Staten Island
3746,2025-01-20 01:00:00,-5.0885,0.0,0.0,0.05,0.0,19.083395,305.78906,Staten Island
3747,2025-01-20 02:00:00,-5.6885,0.0,0.0,0.05,0.0,18.508516,310.66165,Staten Island
3748,2025-01-20 03:00:00,-6.3884997,0.0,0.0,0.05,0.0,20.00269,312.44705,Staten Island
3749,2025-01-20 04:00:00,-7.5385,0.0,0.0,0.05,0.0,18.491003,311.44815,Staten Island
3750,2025-01-20 05:00:00,-8.288501,0.0,0.0,0.05,0.0,17.148247,309.0355,Staten Island
3751,2025-01-20 06:00:00,-8.8385,0.0,0.0,0.05,0.0,16.029099,304.93936,Staten Island
3752,2025-01-20 07:00:00,-9.288501,0.0,0.0,0.05,0.0,15.342294,301.07898,Staten Island
3753,2025-01-20 08:00:00,-8.8385,0.0,0.0,0.05,0.0,16.116785,290.25653,Staten Island
3754,2025-01-20 09:00:00,-8.3885,0.0,0.0,0.05,0.0,13.943901,281.16483,Staten Island
3755,2025-01-20 10:00:00,-7.4885,0.0,0.0,0.05,0.0,11.9317045,281.3099,Staten Island
3756,2025-01-20 11:00:00,-6.2885,0.0,0.0,0.05,0.0,9.080639,256.2392,Staten Island
3757,2025-01-20 12:00:00,-5.3385,0.0,0.0,0.05,0.0,17.548845,280.04196,Staten Island
3758,2025-01-20 13:00:00,-4.7385,0.0,0.0,0.05,0.0,19.460823,272.65063,Staten Island
3759,2025-01-20 14:00:00,-5.2885,0.0,0.0,0.05,0.0,21.647945,273.814,Staten Island
3760,2025-01-20 15:00:00,-5.6384997,0.0,0.0,0.05,0.0,20.16,270.0,Staten Island
3761,2025-01-20 16:00:00,-6.1885,0.0,0.0,0.05,0.0,19.881649,264.80566,Staten Island
3762,2025-01-20 17:00:00,-6.8884997,0.0,0.0,0.05,0.0,19.023027,263.4803,Staten Island
3763,2025-01-20 18:00:00,-7.4385,0.0,0.0,0.05,0.0,18.03237,266.56644,Staten Island
3764,2025-01-20 19:00:00,-7.9885,0.0,0.0,0.05,0.0,16.388899,268.11185,Staten Island
3765,2025-01-20 20:00:00,-7.8884997,0.0,0.0,0.05,0.0,16.93531,267.56342,Staten Island
3766,2025-01-20 21:00:00,-8.5885,0.0,0.0,0.05,0.0,15.070633,277.54932,Staten Island
3767,2025-01-20 22:00:00,-9.238501,0.0,0.0,0.05,0.0,13.262714,277.80008,Staten Island
3768,2025-01-20 23:00:00,-9.8385,0.0,0.0,0.05,0.0,13.504799,268.4725,Staten Island
3769,2025-01-21 00:00:00,-10.4385,0.0,0.0,0.05,0.0,14.957339,272.75903,Staten Island
3770,2025-01-21 01:00:00,-10.9385,0.0,0.0,0.05,0.0,15.158522,274.08554,Staten Island
3771,2025-01-21 02:00:00,-11.488501,0.0,0.0,0.05,0.0,14.561099,278.53067,Staten Island
3772,2025-01-21 03:00:00,-11.988501,0.0,0.0,0.05,0.0,13.883356,283.49576,Staten Island
3773,2025-01-21 04:00:00,-12.488501,0.0,0.0,0.05,0.0,12.043869,279.46225,Staten Island
3774,2025-01-21 05:00:00,-12.788501,0.0,0.0,0.05,0.0,11.016824,265.31418,Staten Island
3775,2025-01-21 06:00:00,-13.038501,0.0,0.0,0.05,0.0,12.251905,267.47394,Staten Island
3776,2025-01-21 07:00:00,-12.9385,0.0,0.0,0.05,0.0,13.418153,263.06573,Staten Island
3777,2025-01-21 08:00:00,-12.488501,0.0,0.0,0.05,0.0,14.068817,266.33228,Staten Island
3778,2025-01-21 09:00:00,-12.238501,0.0,0.0,0.05,0.0,13.627795,282.20044,Staten Island
3779,2025-01-21 10:00:00,-11.5885,0.0,0.0,0.05,0.0,12.011544,289.2496,Staten Island
3780,2025-01-21 11:00:00,-10.4385,0.0,0.0,0.05,0.0,9.36173,271.10168,Staten Island
3781,2025-01-21 12:00:00,-9.538501,0.0,0.0,0.05,0.0,9.208192,265.51547,Staten Island
3782,2025-01-21 13:00:00,-8.9385,0.0,0.0,0.05,0.0,9.582359,264.61078,Staten Island
3783,2025-01-21 14:00:00,-8.6385,0.0,0.0,0.05,0.0,9.444426,262.33328,Staten Island
3784,2025-01-21 15:00:00,-8.4385,0.0,0.0,0.05,0.0,9.67657,260.36252,Staten Island
3785,2025-01-21 16:00:00,-8.3885,0.0,0.0,0.05,0.0,10.829959,254.57777,Staten Island
3786,2025-01-21 17:00:00,-8.538501,0.0,0.0,0.05,0.0,10.215693,255.71887,Staten Island
3787,2025-01-21 18:00:00,-8.738501,0.0,0.07,0.05,0.1,10.564942,261.1797,Staten Island
3788,2025-01-21 19:00:00,-8.9385,0.0,0.07,0.05,0.1,12.015589,261.38443,Staten Island
3789,2025-01-21 20:00:00,-8.788501,0.0,0.07,0.05,0.1,14.264361,259.82455,Staten Island
3790,2025-01-21 21:00:00,-9.0885,0.0,0.07,0.05,0.1,14.401124,269.28384,Staten Island
3791,2025-01-21 22:00:00,-9.3385,0.0,0.07,0.05,0.1,14.6254835,283.52316,Staten Island
3792,2025-01-21 23:00:00,-9.6385,0.0,0.0,0.05,0.0,16.284779,293.4481,Staten Island
3793,2025-01-22 00:00:00,-10.3885,0.0,0.0,0.05,0.0,14.98331,298.7202,Staten Island
3794,2025-01-22 01:00:00,-10.6385,0.0,0.0,0.05,0.0,14.512064,299.74478,Staten Island
3795,2025-01-22 02:00:00,-11.4385,0.0,0.0,0.05,0.0,11.666721,308.10764,Staten Island
3796,2025-01-22 03:00:00,-12.538501,0.0,0.0,0.05,0.0,9.313152,318.91833,Staten Island
3797,2025-01-22 04:00:00,-13.038501,0.0,0.0,0.05,0.0,8.322932,338.42862,Staten Island
3798,2025-01-22 05:00:00,-13.8385,0.0,0.0,0.05,0.0,5.983477,344.2913,Staten Island
3799,2025-01-22 06:00:00,-14.038501,0.0,0.0,0.05,0.0,6.9899354,348.11136,Staten Island
3800,2025-01-22 07:00:00,-13.8885,0.0,0.0,0.05,0.0,9.926147,4.1595626,Staten Island
3801,2025-01-22 08:00:00,-12.9385,0.0,0.0,0.05,0.0,8.656858,356.42374,Staten Island
3802,2025-01-22 09:00:00,-12.1385,0.0,0.0,0.05,0.0,13.100489,347.3004,Staten Island
3803,2025-01-22 10:00:00,-10.9385,0.0,0.0,0.05,0.0,13.379461,340.3461,Staten Island
3804,2025-01-22 11:00:00,-9.5885,0.0,0.0,0.05,0.0,8.891344,338.6293,Staten Island
3805,2025-01-22 12:00:00,-8.8885,0.0,0.0,0.05,0.0,6.330782,345.17346,Staten Island
3806,2025-01-22 13:00:00,-8.288501,0.0,0.0,0.05,0.0,3.62243,296.56497,Staten Island
3807,2025-01-22 14:00:00,-8.1385,0.0,0.0,0.05,0.0,3.2048087,308.15726,Staten Island
3808,2025-01-22 15:00:00,-8.1885,0.0,0.0,0.05,0.0,1.835647,348.6901,Staten Island
3809,2025-01-22 16:00:00,-8.9385,0.0,0.0,0.05,0.0,0.17999999,360.0,Staten Island
3810,2025-01-22 17:00:00,-10.288501,0.0,0.0,0.05,0.0,0.56920993,341.56494,Staten Island
3811,2025-01-22 18:00:00,-10.788501,0.0,0.0,0.05,0.0,0.9,53.13002,Staten Island
3812,2025-01-22 19:00:00,-11.238501,0.0,0.0,0.05,0.0,1.4512063,29.744795,Staten Island
3813,2025-01-22 20:00:00,-9.8385,0.0,0.0,0.05,0.0,3.244996,250.55988,Staten Island
3814,2025-01-22 21:00:00,-9.9385,0.0,0.0,0.05,0.0,3.4763772,248.74942,Staten Island
3815,2025-01-22 22:00:00,-10.6385,0.0,0.0,0.05,0.0,3.644722,249.77505,Staten Island
3816,2025-01-22 23:00:00,-10.738501,0.0,0.0,0.05,0.0,5.5216303,250.9743,Staten Island
3817,2025-01-23 00:00:00,-11.1885,0.0,0.0,0.05,0.0,2.97953,244.98314,Staten Island
3818,2025-01-23 01:00:00,-11.5885,0.0,0.0,0.05,0.0,5.2416787,254.05453,Staten Island
3819,2025-01-23 02:00:00,-11.4385,0.0,0.0,0.05,0.0,5.506941,258.6901,Staten Island
3820,2025-01-23 03:00:00,-10.9385,0.0,0.0,0.05,0.0,5.2478566,264.09396,Staten Island
3821,2025-01-23 04:00:00,-9.8885,0.0,0.0,0.05,0.0,4.9785542,282.5288,Staten Island
3822,2025-01-23 05:00:00,-9.738501,0.0,0.0,0.05,0.0,3.9518096,300.06848,Staten Island
3823,2025-01-23 06:00:00,-10.038501,0.0,0.0,0.05,0.0,3.319036,310.60123,Staten Island
3824,2025-01-23 07:00:00,-10.8885,0.0,0.0,0.05,0.0,1.659518,310.60123,Staten Island
3825,2025-01-23 08:00:00,-10.4385,0.0,0.0,0.05,0.0,2.1068459,289.9832,Staten Island
3826,2025-01-23 09:00:00,-9.1385,0.0,0.0,0.05,0.0,2.4482646,287.1028,Staten Island
3827,2025-01-23 10:00:00,-7.0885,0.0,0.0,0.05,0.0,3.604497,272.86234,Staten Island
3828,2025-01-23 11:00:00,-5.9885,0.0,0.0,0.05,0.0,4.68,270.0,Staten Island
3829,2025-01-23 12:00:00,-4.9885,0.0,0.0,0.05,0.0,5.7628117,255.52966,Staten Island
3830,2025-01-23 13:00:00,-4.0385,0.0,0.0,0.05,0.0,6.341009,235.40765,Staten Island
3831,2025-01-23 14:00:00,-3.3885,0.0,0.0,0.05,0.0,8.139901,234.90411,Staten Island
3832,2025-01-23 15:00:00,-3.0885,0.0,0.0,0.05,0.0,9.913082,240.64233,Staten Island
3833,2025-01-23 16:00:00,-3.5384998,0.0,0.0,0.05,0.0,9.0,253.73972,Staten Island
3834,2025-01-23 17:00:00,-5.0885,0.0,0.0,0.05,0.0,6.3639607,261.87,Staten Island
3835,2025-01-23 18:00:00,-6.3385,0.0,0.0,0.05,0.0,6.4624763,257.125,Staten Island
3836,2025-01-23 19:00:00,-5.9885,0.0,0.0,0.05,0.0,8.431228,253.8865,Staten Island
3837,2025-01-23 20:00:00,-5.2885,0.0,0.0,0.05,0.0,11.935778,246.91484,Staten Island
3838,2025-01-23 21:00:00,-5.5885,0.0,0.0,0.05,0.0,13.154786,253.30067,Staten Island
3839,2025-01-23 22:00:00,-5.9385,0.0,0.0,0.05,0.0,12.966248,256.34955,Staten Island
3840,2025-01-23 23:00:00,-6.3385,0.0,0.0,0.05,0.0,12.606426,260.13425,Staten Island
3841,2025-01-24 00:00:00,-6.6885,0.0,0.0,0.05,0.0,12.815443,259.47928,Staten Island
3842,2025-01-24 01:00:00,-6.9385,0.0,0.0,0.05,0.0,13.31635,260.66507,Staten Island
3843,2025-01-24 02:00:00,-7.1885,0.0,0.0,0.05,0.0,12.346741,262.46063,Staten Island
3844,2025-01-24 03:00:00,-7.4885,0.0,0.0,0.05,0.0,11.252519,262.6477,Staten Island
3845,2025-01-24 04:00:00,-7.7885,0.0,0.0,0.05,0.0,10.873252,263.34567,Staten Island
3846,2025-01-24 05:00:00,-7.8385,0.0,0.0,0.05,0.0,11.34,270.0,Staten Island
3847,2025-01-24 06:00:00,-7.5885,0.0,0.0,0.05,0.0,11.521406,270.89514,Staten Island
3848,2025-01-24 07:00:00,-7.5885,0.0,0.0,0.05,0.0,11.16145,269.076,Staten Island
3849,2025-01-24 08:00:00,-7.0885,0.0,0.0,0.05,0.0,12.7279215,278.13,Staten Island
3850,2025-01-24 09:00:00,-5.9385,0.0,0.0,0.05,0.0,10.08,270.0,Staten Island
3851,2025-01-24 10:00:00,-4.3884997,0.0,0.0,0.05,0.0,10.823973,266.186,Staten Island
3852,2025-01-24 11:00:00,-2.8885,0.0,0.0,0.05,0.0,12.503199,263.38663,Staten Island
3853,2025-01-24 12:00:00,-2.0885,0.0,0.0,0.05,0.0,13.350371,273.8654,Staten Island
3854,2025-01-24 13:00:00,-1.4885,0.0,0.0,0.05,0.0,11.928989,275.19434,Staten Island
3855,2025-01-24 14:00:00,-1.2885001,0.0,0.0,0.05,0.0,11.837651,278.74606,Staten Island
3856,2025-01-24 15:00:00,-1.3885001,0.0,0.0,0.05,0.0,11.157096,280.2221,Staten Island
3857,2025-01-24 16:00:00,-1.6885,0.0,0.0,0.05,0.0,9.3876505,274.39862,Staten Island
3858,2025-01-24 17:00:00,-2.7384999,0.0,0.0,0.05,0.0,9.6932955,254.93146,Staten Island
3859,2025-01-24 18:00:00,-3.2884998,0.0,0.0,0.05,0.0,11.968308,257.84506,Staten Island
3860,2025-01-24 19:00:00,-3.8885,0.0,0.0,0.05,0.0,11.712455,267.3575,Staten Island
3861,2025-01-24 20:00:00,-4.0385,0.0,0.0,0.05,0.0,10.158444,277.1249,Staten Island
3862,2025-01-24 21:00:00,-5.1384997,0.0,0.0,0.05,0.0,7.968939,288.43503,Staten Island
3863,2025-01-24 22:00:00,-6.2885,0.0,0.0,0.05,0.0,6.452441,292.98874,Staten Island
3864,2025-01-24 23:00:00,-8.0385,0.0,0.0,0.05,0.0,4.3498964,294.44394,Staten Island
3865,2025-01-25 00:00:00,-8.4385,0.0,0.0,0.05,0.0,2.8174455,296.56497,Staten Island
3866,2025-01-25 01:00:00,-8.988501,0.0,0.0,0.05,0.0,2.6208394,285.94547,Staten Island
3867,2025-01-25 02:00:00,-10.038501,0.0,0.0,0.05,0.0,4.3349743,274.76355,Staten Island
3868,2025-01-25 03:00:00,-10.3385,0.0,0.0,0.05,0.0,5.232399,273.9451,Staten Island
3869,2025-01-25 04:00:00,-10.9385,0.0,0.0,0.05,0.0,5.4149795,254.57777,Staten Island
3870,2025-01-25 05:00:00,-9.3385,0.0,0.0,0.05,0.0,8.731391,255.67725,Staten Island
3871,2025-01-25 06:00:00,-9.4385,0.0,0.0,0.05,0.0,9.292254,261.08514,Staten Island
3872,2025-01-25 07:00:00,-9.788501,0.0,0.0,0.05,0.0,9.224011,264.40076,Staten Island
3873,2025-01-25 08:00:00,-9.238501,0.0,0.0,0.05,0.0,9.9,270.0,Staten Island
3874,2025-01-25 09:00:00,-7.9385,0.0,0.0,0.05,0.0,9.582359,264.61078,Staten Island
3875,2025-01-25 10:00:00,-6.2885,0.0,0.0,0.05,0.0,9.215226,257.5926,Staten Island
3876,2025-01-25 11:00:00,-4.6384997,0.0,0.0,0.05,0.0,10.215693,255.71887,Staten Island
3877,2025-01-25 12:00:00,-3.6885,0.0,0.0,0.05,0.0,12.886039,257.90524,Staten Island
3878,2025-01-25 13:00:00,-2.7384999,0.0,0.0,0.05,0.0,13.605189,252.28412,Staten Island
3879,2025-01-25 14:00:00,-2.0385,0.0,0.0,0.05,0.0,13.6063795,242.41806,Staten Island
3880,2025-01-25 15:00:00,-1.7385,0.0,0.0,0.05,0.0,14.251863,242.14044,Staten Island
3881,2025-01-25 16:00:00,-1.4885,0.0,0.0,0.05,0.0,12.383424,237.46495,Staten Island
3882,2025-01-25 17:00:00,-1.8885001,0.0,0.0,0.05,0.0,10.8792095,231.04408,Staten Island
3883,2025-01-25 18:00:00,-2.1385,0.0,0.0,0.04,0.0,10.310402,225.70723,Staten Island
3884,2025-01-25 19:00:00,-2.3385,0.0,0.0,0.04,0.0,11.1090765,220.39983,Staten Island
3885,2025-01-25 20:00:00,-2.0385,0.0,0.0,0.04,0.0,11.975074,222.56331,Staten Island
3886,2025-01-25 21:00:00,-2.3885,0.0,0.0,0.04,0.0,9.587428,219.6678,Staten Island
3887,2025-01-25 22:00:00,-2.6385,0.0,0.0,0.04,0.0,8.067936,218.65984,Staten Island
3888,2025-01-25 23:00:00,-2.8385,0.0,0.0,0.04,0.0,7.282774,219.98683,Staten Island
3889,2025-01-26 00:00:00,-3.3885,0.0,0.0,0.04,0.0,6.618519,224.9999,Staten Island
3890,2025-01-26 01:00:00,-2.6885,0.0,0.0,0.04,0.0,8.39657,239.0363,Staten Island
3891,2025-01-26 02:00:00,-2.2884998,0.0,0.0,0.04,0.0,12.638513,243.79994,Staten Island
3892,2025-01-26 03:00:00,-1.8885001,0.0,0.0,0.04,0.0,14.233664,237.91785,Staten Island
3893,2025-01-26 04:00:00,-1.6385001,0.0,0.0,0.04,0.0,16.279802,234.90411,Staten Island
3894,2025-01-26 05:00:00,-1.2885001,0.0,0.0,0.04,0.0,17.477621,237.61934,Staten Island
3895,2025-01-26 06:00:00,-0.9885,0.0,0.0,0.04,0.0,17.25373,246.64441,Staten Island
3896,2025-01-26 07:00:00,-0.6885,0.0,0.0,0.04,0.0,16.90563,251.37204,Staten Island
3897,2025-01-26 08:00:00,-0.7885,0.0,0.0,0.04,0.0,14.2336645,256.84244,Staten Island
3898,2025-01-26 09:00:00,-0.038499996,0.0,0.0,0.04,0.0,13.379461,259.14365,Staten Island
3899,2025-01-26 10:00:00,0.86149997,0.0,0.0,0.04,0.0,11.571914,254.66666,Staten Island
3900,2025-01-26 11:00:00,2.5615,0.0,0.0,0.04,0.0,11.837651,261.2539,Staten Island
3901,2025-01-26 12:00:00,4.7115,0.0,0.0,0.04,0.0,20.527102,271.5074,Staten Island
3902,2025-01-26 13:00:00,4.7115,0.0,0.0,0.04,0.0,20.404411,274.55368,Staten Island
3903,2025-01-26 14:00:00,4.8115,0.0,0.0,0.04,0.0,18.913708,272.18158,Staten Island
3904,2025-01-26 15:00:00,4.4115,0.0,0.0,0.04,0.0,17.160524,274.81348,Staten Island
3905,2025-01-26 16:00:00,3.5615,0.0,0.0,0.04,0.0,15.986595,277.76508,Staten Island
3906,2025-01-26 17:00:00,2.0115001,0.0,0.0,0.04,0.0,13.418153,276.93427,Staten Island
3907,2025-01-26 18:00:00,0.7615,0.0,0.0,0.04,0.0,12.24,270.0,Staten Island
3908,2025-01-26 19:00:00,-0.0885,0.0,0.0,0.04,0.0,11.712455,272.6425,Staten Island
3909,2025-01-26 20:00:00,0.5615,0.0,0.0,0.04,0.0,10.8029995,259.43903,Staten Island
3910,2025-01-26 21:00:00,-0.5885,0.0,0.0,0.04,0.0,7.9383874,266.09958,Staten Island
3911,2025-01-26 22:00:00,-1.4385,0.0,0.0,0.04,0.0,5.920878,250.46326,Staten Island
3912,2025-01-26 23:00:00,-1.7385,0.0,0.0,0.04,0.0,7.0015144,252.03076,Staten Island
3913,2025-01-27 00:00:00,-1.9385,0.0,0.0,0.04,0.0,9.659814,243.43501,Staten Island
3914,2025-01-27 01:00:00,-2.1885,0.0,0.0,0.04,0.0,9.54,238.10924,Staten Island
3915,2025-01-27 02:00:00,-2.2884998,0.0,0.0,0.04,0.0,11.7,233.13002,Staten Island
3916,2025-01-27 03:00:00,-2.3885,0.0,0.0,0.04,0.0,12.24,241.92761,Staten Island
3917,2025-01-27 04:00:00,-2.1885,0.0,0.0,0.04,0.0,12.739371,246.69508,Staten Island
3918,2025-01-27 05:00:00,-2.2384999,0.0,0.0,0.04,0.0,13.926464,255.78412,Staten Island
3919,2025-01-27 06:00:00,-2.6385,0.0,0.0,0.04,0.0,14.967083,266.55267,Staten Island
3920,2025-01-27 07:00:00,-3.4884999,0.0,0.0,0.04,0.0,14.581113,269.2927,Staten Island
3921,2025-01-27 08:00:00,-1.9885,0.0,0.0,0.04,0.0,13.709573,273.76395,Staten Island
3922,2025-01-27 09:00:00,-1.1385,0.0,0.0,0.04,0.0,10.446206,268.02512,Staten Island
3923,2025-01-27 10:00:00,0.061499998,0.0,0.0,0.04,0.0,12.313893,254.74483,Staten Island
3924,2025-01-27 11:00:00,1.3115,0.0,0.0,0.04,0.0,14.007655,244.09354,Staten Island
3925,2025-01-27 12:00:00,2.3615,0.0,0.0,0.04,0.0,16.767075,240.4078,Staten Island
3926,2025-01-27 13:00:00,2.6615,0.0,0.0,0.04,0.0,19.540573,238.94579,Staten Island
3927,2025-01-27 14:00:00,2.9615002,0.0,0.0,0.04,0.0,18.709612,239.98172,Staten Island
3928,2025-01-27 15:00:00,2.9615002,0.0,0.0,0.04,0.0,17.640919,241.34297,Staten Island
3929,2025-01-27 16:00:00,2.5115001,0.0,0.0,0.04,0.0,17.032604,234.46223,Staten Island
3930,2025-01-27 17:00:00,1.4614999,0.0,0.0,0.04,0.0,18.865683,232.36467,Staten Island
3931,2025-01-27 18:00:00,0.66150004,0.0,0.0,0.04,0.0,18.254698,229.39879,Staten Island
3932,2025-01-27 19:00:00,0.11150001,0.0,0.0,0.04,0.0,17.186935,223.72705,Staten Island
3933,2025-01-27 20:00:00,1.2114999,0.0,0.0,0.04,0.0,21.028437,218.04709,Staten Island
3934,2025-01-27 21:00:00,1.5615,0.0,0.0,0.04,0.0,22.06377,221.36172,Staten Island
3935,2025-01-27 22:00:00,1.5615,0.0,0.0,0.04,0.0,21.505293,231.1155,Staten Island
3936,2025-01-27 23:00:00,1.3614999,0.0,0.0,0.04,0.0,20.46941,235.75092,Staten Island
3937,2025-01-28 00:00:00,1.3115,0.0,0.0,0.04,0.0,20.652988,239.6358,Staten Island
3938,2025-01-28 01:00:00,1.7114999,0.0,0.0,0.04,0.0,22.362055,247.77032,Staten Island
3939,2025-01-28 02:00:00,1.7114999,0.0,0.0,0.04,0.0,22.199188,251.56496,Staten Island
3940,2025-01-28 03:00:00,1.2114999,0.0,0.0,0.04,0.0,22.35481,255.06853,Staten Island
3941,2025-01-28 04:00:00,1.0115,0.0,0.0,0.04,0.0,21.46835,249.89368,Staten Island
3942,2025-01-28 05:00:00,0.8115,0.0,0.0,0.04,0.0,23.377836,260.24765,Staten Island
3943,2025-01-28 06:00:00,0.4615,0.0,0.0,0.04,0.0,27.021591,267.70944,Staten Island
3944,2025-01-28 07:00:00,0.41150004,0.0,0.0,0.04,0.0,27.289448,259.35718,Staten Island
3945,2025-01-28 08:00:00,2.5115001,0.0,0.0,0.04,0.0,24.098497,256.17133,Staten Island
3946,2025-01-28 09:00:00,3.2615001,0.0,0.0,0.04,0.0,24.117983,260.11594,Staten Island
3947,2025-01-28 10:00:00,3.9615002,0.0,0.0,0.04,0.0,21.240763,269.51447,Staten Island
3948,2025-01-28 11:00:00,4.7115,0.0,0.0,0.04,0.0,24.482647,289.76724,Staten Island
3949,2025-01-28 12:00:00,3.9615002,0.0,0.0,0.04,0.0,27.228233,301.48337,Staten Island
3950,2025-01-28 13:00:00,3.3615,0.0,0.0,0.04,0.0,22.019672,315.33115,Staten Island
3951,2025-01-28 14:00:00,1.9114999,0.0,0.0,0.04,0.0,19.152035,323.0223,Staten Island
3952,2025-01-28 15:00:00,1.2615,0.0,0.0,0.04,0.0,16.616642,320.27393,Staten Island
3953,2025-01-28 16:00:00,0.8115,0.0,0.0,0.04,0.0,12.218805,315.0001,Staten Island
3954,2025-01-28 17:00:00,-0.2885,0.0,0.0,0.04,0.0,6.4924874,316.1232,Staten Island
3955,2025-01-28 18:00:00,-1.6885,0.0,0.0,0.04,0.0,3.2599385,353.6599,Staten Island
3956,2025-01-28 19:00:00,-2.0385,0.0,0.0,0.04,0.0,3.4623692,62.10283,Staten Island
3957,2025-01-28 20:00:00,-0.5385,0.0,0.0,0.04,0.0,3.6,180.0,Staten Island
3958,2025-01-28 21:00:00,0.16149999,0.0,0.0,0.04,0.0,8.467655,177.5634,Staten Island
3959,2025-01-28 22:00:00,0.2615,0.0,0.0,0.04,0.0,10.094454,183.06642,Staten Island
3960,2025-01-28 23:00:00,0.8115,0.0,0.0,0.04,0.0,13.330941,177.67851,Staten Island
3961,2025-01-29 00:00:00,1.2114999,0.0,0.0,0.04,0.0,16.299694,186.3401,Staten Island
3962,2025-01-29 01:00:00,1.5115,0.0,0.0,0.04,0.0,15.865546,204.82051,Staten Island
3963,2025-01-29 02:00:00,2.2115002,0.0,0.0,0.04,0.0,18.553974,230.90614,Staten Island
3964,2025-01-29 03:00:00,2.7615001,0.0,0.0,0.04,0.0,20.140705,245.72557,Staten Island
3965,2025-01-29 04:00:00,2.8615,0.0,0.0,0.04,0.0,19.639807,250.73465,Staten Island
3966,2025-01-29 05:00:00,3.2115002,0.0,0.0,0.04,0.0,19.574533,245.55606,Staten Island
3967,2025-01-29 06:00:00,3.4115,0.0,0.0,0.04,0.0,21.103033,241.46764,Staten Island
3968,2025-01-29 07:00:00,3.3115,0.0,0.0,0.04,0.0,21.210232,239.95364,Staten Island
3969,2025-01-29 08:00:00,3.5615,0.0,0.0,0.04,0.0,18.144321,233.47105,Staten Island
3970,2025-01-29 09:00:00,5.2115,0.0,0.0,0.04,0.0,19.272614,237.20047,Staten Island
3971,2025-01-29 10:00:00,7.0615,0.0,0.0,0.04,0.0,18.337044,238.65048,Staten Island
3972,2025-01-29 11:00:00,8.261499,0.0,0.0,0.03,0.0,22.752028,239.5805,Staten Island
3973,2025-01-29 12:00:00,9.211499,0.0,0.0,0.03,0.0,30.302078,246.17574,Staten Island
3974,2025-01-29 13:00:00,9.261499,0.0,0.0,0.03,0.0,28.33328,262.33328,Staten Island
3975,2025-01-29 14:00:00,9.3115,0.0,0.0,0.03,0.0,28.442278,269.27478,Staten Island
3976,2025-01-29 15:00:00,8.9115,0.0,0.0,0.03,0.0,26.525429,277.80008,Staten Island
3977,2025-01-29 16:00:00,7.7615,0.0,0.0,0.03,0.0,25.787786,277.62097,Staten Island
3978,2025-01-29 17:00:00,6.1615,0.0,0.0,0.03,0.0,27.900581,283.05002,Staten Island
3979,2025-01-29 18:00:00,4.6115003,0.0,0.0,0.03,0.0,24.87975,287.2552,Staten Island
3980,2025-01-29 19:00:00,3.2615001,0.0,0.0,0.03,0.0,22.314192,280.2221,Staten Island
3981,2025-01-29 20:00:00,4.4615,0.0,0.0,0.03,0.0,26.85863,277.31543,Staten Island
3982,2025-01-29 21:00:00,3.3615,0.0,0.0,0.03,0.0,23.652025,280.96783,Staten Island
3983,2025-01-29 22:00:00,1.9114999,0.0,0.0,0.03,0.0,19.03665,310.0136,Staten Island
3984,2025-01-29 23:00:00,0.7115,0.0,0.0,0.03,0.0,21.691305,310.9622,Staten Island
3985,2025-01-30 00:00:00,-1.0385001,0.0,0.0,0.03,0.0,20.88698,308.35138,Staten Island
3986,2025-01-30 01:00:00,-2.2384999,0.0,0.0,0.03,0.0,20.5807,309.6772,Staten Island
3987,2025-01-30 02:00:00,-3.2884998,0.0,0.0,0.03,0.0,24.573132,316.48395,Staten Island
3988,2025-01-30 03:00:00,-4.0885,0.0,0.0,0.03,0.0,19.348114,314.24625,Staten Island
3989,2025-01-30 04:00:00,-4.3884997,0.0,0.0,0.03,0.0,15.922626,312.70938,Staten Island
3990,2025-01-30 05:00:00,-4.7385,0.0,0.0,0.03,0.0,11.720751,317.4896,Staten Island
3991,2025-01-30 06:00:00,-5.0885,0.0,0.0,0.03,0.0,11.966954,313.7812,Staten Island
3992,2025-01-30 07:00:00,-5.3884997,0.0,0.0,0.03,0.0,10.944532,306.3046,Staten Island
3993,2025-01-30 08:00:00,-3.3885,0.0,0.0,0.03,0.0,11.207801,299.85892,Staten Island
3994,2025-01-30 09:00:00,-2.8385,0.0,0.0,0.03,0.0,11.9140415,296.9521,Staten Island
3995,2025-01-30 10:00:00,-2.0385,0.0,0.0,0.03,0.0,11.734564,290.659,Staten Island
3996,2025-01-30 11:00:00,-1.1885,0.0,0.0,0.03,0.0,11.265469,282.926,Staten Island
3997,2025-01-30 12:00:00,-0.2885,0.0,0.0,0.03,0.0,11.384199,288.43503,Staten Island
3998,2025-01-30 13:00:00,0.5115,0.0,0.0,0.03,0.0,8.93859,295.01685,Staten Island
3999,2025-01-30 14:00:00,1.0615,0.0,0.0,0.03,0.0,6.2145634,280.0079,Staten Island
4000,2025-01-30 15:00:00,1.4115,0.0,0.0,0.03,0.0,9.901636,242.96922,Staten Island
4001,2025-01-30 16:00:00,1.6114999,0.0,0.0,0.03,0.0,11.19189,242.19862,Staten Island
4002,2025-01-30 17:00:00,0.7115,0.0,0.0,0.03,0.0,3.7971041,238.57048,Staten Island
4003,2025-01-30 18:00:00,0.2615,0.0,0.0,0.03,0.0,3.4949677,168.11136,Staten Island
4004,2025-01-30 19:00:00,0.6115,0.0,0.0,0.03,0.0,9.114471,170.9098,Staten Island
4005,2025-01-30 20:00:00,0.66150004,0.0,0.0,0.03,0.0,9.82114,153.90463,Staten Island
4006,2025-01-30 21:00:00,0.9615,0.0,0.0,0.03,0.0,14.455019,174.99945,Staten Island
4007,2025-01-30 22:00:00,1.0115,0.0,0.0,0.03,0.0,13.529966,176.186,Staten Island
4008,2025-01-30 23:00:00,1.2615,0.0,0.0,0.03,0.0,14.581113,180.7073,Staten Island
4009,2025-01-31 00:00:00,1.6114999,0.0,0.0,0.03,0.0,14.408997,192.99461,Staten Island
4010,2025-01-31 01:00:00,2.0115001,0.0,0.0,0.03,0.0,13.379461,199.65392,Staten Island
4011,2025-01-31 02:00:00,2.3115,0.0,0.0,0.03,0.0,12.303366,200.55612,Staten Island
4012,2025-01-31 03:00:00,2.8115,0.0,0.0,0.03,0.0,10.234705,203.86018,Staten Island
4013,2025-01-31 04:00:00,3.1615,0.1,0.0,0.03,0.1,10.946013,224.9999,Staten Island
4014,2025-01-31 05:00:00,3.4615002,0.5,0.0,0.03,0.5,11.448055,233.31018,Staten Island
4015,2025-01-31 06:00:00,3.4115,0.4,0.0,0.02,0.4,9.840914,230.19447,Staten Island
4016,2025-01-31 07:00:00,2.9615002,0.3,0.0,0.02,0.3,8.404285,223.26433,Staten Island
4017,2025-01-31 08:00:00,2.9115,0.2,0.0,0.02,0.2,4.7521367,204.62355,Staten Island
4018,2025-01-31 09:00:00,3.8615003,0.1,0.0,0.02,0.1,6.341009,186.5197,Staten Island
4019,2025-01-31 10:00:00,4.2115,0.1,0.0,0.02,0.1,6.4624763,192.875,Staten Island
4020,2025-01-31 11:00:00,5.1115003,0.1,0.0,0.02,0.1,9.266067,204.0755,Staten Island
4021,2025-01-31 12:00:00,6.3615003,0.7,0.0,0.02,0.7,7.973005,241.69934,Staten Island
4022,2025-01-31 13:00:00,6.7115,0.1,0.0,0.02,0.1,9.82114,228.7154,Staten Island
4023,2025-01-31 14:00:00,6.7115,0.1,0.0,0.02,0.1,8.37532,241.78273,Staten Island
4024,2025-01-31 15:00:00,6.8615003,0.1,0.0,0.02,0.1,5.991594,237.26477,Staten Island
4025,2025-01-31 16:00:00,6.7115,0.1,0.0,0.02,0.1,5.8298883,278.88058,Staten Island
4026,2025-01-31 17:00:00,6.1615,0.6,0.0,0.02,0.6,5.4029994,178.0909,Staten Island
4027,2025-01-31 18:00:00,6.0615,1.7,0.0,0.02,1.7,11.252519,172.64772,Staten Island
4028,2025-01-31 19:00:00,6.5115,1.7,0.0,0.02,1.7,11.364259,209.40709,Staten Island
4029,2025-01-31 20:00:00,7.3115,0.9,0.0,0.02,0.9,14.004185,232.83543,Staten Island
4030,2025-01-31 21:00:00,7.5115,0.7,0.0,0.02,0.7,15.618566,242.54909,Staten Island
4031,2025-01-31 22:00:00,7.6115003,1.2,0.0,0.02,1.2,19.45416,247.70633,Staten Island
4032,2025-01-31 23:00:00,8.011499,1.6,0.0,0.02,1.6,19.92235,251.56496,Staten Island
4033,2025-02-01 00:00:00,7.9614997,0.9,0.0,0.02,0.9,17.777222,254.13422,Staten Island
4034,2025-02-01 01:00:00,7.3115,0.8,0.0,0.02,0.8,15.506141,279.3529,Staten Island
4035,2025-02-01 02:00:00,6.5615,0.4,0.0,0.01,0.4,13.062098,281.9293,Staten Island
4036,2025-02-01 03:00:00,6.1115003,0.3,0.0,0.01,0.3,12.768586,310.426,Staten Island
4037,2025-02-01 04:00:00,5.2615,0.0,0.0,0.01,0.0,20.690605,332.54333,Staten Island
4038,2025-02-01 05:00:00,4.2115,0.0,0.0,0.01,0.0,21.573734,347.4712,Staten Island
4039,2025-02-01 06:00:00,3.0615,0.0,0.0,0.01,0.0,15.849201,358.04752,Staten Island
4040,2025-02-01 07:00:00,2.5615,0.0,0.0,0.01,0.0,18.958197,347.94324,Staten Island
4041,2025-02-01 08:00:00,2.9115,0.0,0.0,0.01,0.0,21.687572,341.1138,Staten Island
4042,2025-02-01 09:00:00,2.2615001,0.0,0.0,0.01,0.0,25.071098,338.9624,Staten Island
4043,2025-02-01 10:00:00,1.6114999,0.0,0.0,0.01,0.0,21.72638,338.11038,Staten Island
4044,2025-02-01 11:00:00,1.1114999,0.0,0.0,0.01,0.0,20.355923,338.19852,Staten Island
4045,2025-02-01 12:00:00,0.7115,0.0,0.0,0.01,0.0,20.33044,339.8001,Staten Island
4046,2025-02-01 13:00:00,0.16149999,0.0,0.0,0.01,0.0,20.099642,340.10446,Staten Island
4047,2025-02-01 14:00:00,-0.0885,0.0,0.0,0.01,0.0,19.494091,331.30518,Staten Island
4048,2025-02-01 15:00:00,-0.2885,0.0,0.0,0.01,0.0,19.969458,326.0234,Staten Island
4049,2025-02-01 16:00:00,-1.1385,0.0,0.0,0.01,0.0,22.615622,326.68933,Staten Island
4050,2025-02-01 17:00:00,-2.6385,0.0,0.0,0.01,0.0,23.264608,326.67877,Staten Island
4051,2025-02-01 18:00:00,-3.9385,0.0,0.0,0.01,0.0,21.611996,330.01843,Staten Island
4052,2025-02-01 19:00:00,-4.9385,0.0,0.0,0.01,0.0,18.568811,343.67307,Staten Island
4053,2025-02-01 20:00:00,-3.7384999,0.0,0.0,0.01,0.0,18.673208,342.61295,Staten Island
4054,2025-02-01 21:00:00,-4.6885,0.0,0.0,0.01,0.0,15.905319,354.80566,Staten Island
4055,2025-02-01 22:00:00,-5.3385,0.0,0.0,0.01,0.0,14.589996,357.87894,Staten Island
4056,2025-02-01 23:00:00,-5.7885,0.0,0.0,0.01,0.0,14.589996,2.1210518,Staten Island
4057,2025-02-02 00:00:00,-6.2385,0.0,0.0,0.01,0.0,13.200273,5.4772835,Staten Island
4058,2025-02-02 01:00:00,-6.6384997,0.0,0.0,0.01,0.0,13.767352,25.559923,Staten Island
4059,2025-02-02 02:00:00,-7.2885,0.0,0.0,0.01,0.0,12.886039,28.354864,Staten Island
4060,2025-02-02 03:00:00,-7.8884997,0.0,0.0,0.01,0.0,11.440979,24.145542,Staten Island
4061,2025-02-02 04:00:00,-8.3885,0.0,0.0,0.01,0.0,11.755254,25.38787,Staten Island
4062,2025-02-02 05:00:00,-8.6885,0.0,0.0,0.01,0.0,10.950452,25.301346,Staten Island
4063,2025-02-02 06:00:00,-8.988501,0.0,0.0,0.01,0.0,9.826088,28.442837,Staten Island
4064,2025-02-02 07:00:00,-9.0885,0.0,0.0,0.01,0.0,9.627896,20.806877,Staten Island
4065,2025-02-02 08:00:00,-8.8385,0.0,0.0,0.01,0.0,8.149847,30.529623,Staten Island
4066,2025-02-02 09:00:00,-7.3884997,0.0,0.0,0.01,0.0,6.623413,42.797382,Staten Island
4067,2025-02-02 10:00:00,-5.4885,0.0,0.0,0.01,0.0,7.186487,67.93205,Staten Island
4068,2025-02-02 11:00:00,-3.5384998,0.0,0.0,0.01,0.0,11.090103,103.13403,Staten Island
4069,2025-02-02 12:00:00,-2.1885,0.0,0.0,0.01,0.0,14.251863,117.85956,Staten Island
4070,2025-02-02 13:00:00,-1.6385001,0.0,0.0,0.01,0.0,14.411245,117.52514,Staten Island
4071,2025-02-02 14:00:00,-0.2885,0.0,0.0,0.01,0.0,14.650938,137.4896,Staten Island
4072,2025-02-02 15:00:00,0.9615,0.0,0.0,0.01,0.0,15.812363,157.22958,Staten Island
4073,2025-02-02 16:00:00,1.3614999,0.0,0.0,0.01,0.0,13.609951,159.88733,Staten Island
4074,2025-02-02 17:00:00,1.4115,0.0,0.0,0.01,0.0,13.54911,160.6021,Staten Island
4075,2025-02-02 18:00:00,1.6114999,0.0,0.0,0.01,0.0,11.298495,157.52052,Staten Island
4076,2025-02-02 19:00:00,1.9114999,0.0,0.0,0.01,0.0,13.379461,162.78384,Staten Island
4077,2025-02-02 20:00:00,1.2615,0.0,0.07,0.01,0.1,13.346729,169.90256,Staten Island
4078,2025-02-02 21:00:00,1.0115,0.0,0.21000001,0.02,0.3,8.827344,177.66275,Staten Island
4079,2025-02-02 22:00:00,0.7115,0.099999994,0.21000001,0.03,0.4,6.198903,205.82094,Staten Island
